run_date,run_id,canonical_project_id,canonical_project_name,project_identity_confidence,lifecycle_transition_id,canonical_asset_or_project_name,market,city_or_submarket,residential_sector,gp_or_developer,previous_stage,current_stage,previous_stage_rank,current_stage_rank,transition_type,stage_change,days_since_first_seen,days_since_last_seen,observation_count,progression_score,stall_risk_score,execution_momentum_label,woomi_timing_relevance,recommended_transition_follow_up,evidence_article_title,source,url,confidence_level
2026-08-19,20260819-232308-78777e3c,PRJ-20260819-0069,Entitlement / Permitting - California - Affordable housing under construction at 9038 S. Reading Ave. in Westchester,80,LCT-20260819-016,Entitlement / Permitting - California - Affordable housing under construction at 9038 S. Reading Ave. in Westchester,California,California,Affordable Housing,Unknown,Vertical Construction,Vertical Construction,11,11,Same Stage Persistence,0,1,1,2,79,13,Stable,Relevant to construction timing,Monitor for another run to confirm lifecycle direction,Affordable housing under construction at 9038 S. Reading Ave. in Westchester,Urbanize LA,https://la.urbanize.city/post/affordable-housing-under-construction-9038-s-reading-ave-westchester,High
2026-08-19,20260819-232308-78777e3c,PRJ-20260819-0110,Entitlement / Permitting - Los Angeles / California - Senior affordable housing rising at 19300 Sherman Way in Reseda,80,LCT-20260819-028,Entitlement / Permitting - Los Angeles / California - Senior affordable housing rising at 19300 Sherman Way in Reseda,California,Los Angeles,Senior Housing,Unknown,Vertical Construction,Vertical Construction,11,11,Same Stage Persistence,0,1,1,2,78,13,Stable,Relevant to construction timing,Monitor for another run to confirm lifecycle direction,Senior affordable housing rising at 19300 Sherman Way in Reseda,Urbanize LA,https://la.urbanize.city/post/senior-affordable-housing-rising-19300-sherman-way-reseda,High
2026-08-19,20260819-232308-78777e3c,PRJ-20260819-0103,General Project Signal - Los Angeles / California - State awards $6.5 million for affordable housing at 2518 Cesar E. Chavez Ave. in Boyle Hei...,80,LCT-20260819-018,Development Start - Los Angeles / California - Affordable housing takes shape at 17100 Victory Blvd. in Lake Balboa,Unknown,Los Angeles / California,Affordable Housing,Unknown,No Previous Record,Vertical Construction,0,11,Newly Detected Project,11,0,0,1,74,13,Unknown,Relevant to construction timing,Monitor for another run to confirm lifecycle direction,Affordable housing takes shape at 17100 Victory Blvd. in Lake Balboa,Urbanize LA,https://la.urbanize.city/post/affordable-housing-takes-shape-17100-victory-blvd-lake-balboa,Medium
2026-08-19,20260819-232308-78777e3c,PRJ-20260819-0111,Entitlement / Permitting - Los Angeles / California - Senior affordable housing rising at 19300 Sherman Way in Reseda,80,LCT-20260819-031,Affordable housing takes shape at 17100 Victory Blvd. in Lake Balboa,Los Angeles / California,Los Angeles,Affordable Housing,Unknown,No Previous Record,Vertical Construction,0,11,Newly Detected Project,11,0,0,1,73,13,Unknown,Relevant to construction timing,Monitor for another run to confirm lifecycle direction,Affordable housing takes shape at 17100 Victory Blvd. in Lake Balboa,Urbanize LA,https://la.urbanize.city/post/affordable-housing-takes-shape-17100-victory-blvd-lake-balboa,Medium
2026-08-19,20260819-232308-78777e3c,PRJ-20260819-0110,Entitlement / Permitting - Los Angeles / California - Senior affordable housing rising at 19300 Sherman Way in Reseda,80,LCT-20260819-014,Affordable housing under construction at 9038 S. Reading Ave. in Westchester,California,Los Angeles,Affordable Housing,,Vertical Construction,Vertical Construction,11,11,Same Stage Persistence,0,1,1,2,71,11,Stable,Relevant to construction timing,Monitor for another run to confirm lifecycle direction,Affordable housing under construction at 9038 S. Reading Ave. in Westchester,Urbanize LA,https://la.urbanize.city/post/affordable-housing-under-construction-9038-s-reading-ave-westchester,Medium
2026-08-19,20260819-232308-78777e3c,PRJ-20260819-0111,Entitlement / Permitting - Los Angeles / California - Senior affordable housing rising at 19300 Sherman Way in Reseda,80,LCT-20260819-025,Senior affordable housing rising at 19300 Sherman Way in Reseda,Los Angeles / California,Los Angeles,Senior Housing,,Vertical Construction,Vertical Construction,11,11,Same Stage Persistence,0,1,1,2,70,11,Stable,Relevant to construction timing,Monitor for another run to confirm lifecycle direction,Senior affordable housing rising at 19300 Sherman Way in Reseda,Urbanize LA,https://la.urbanize.city/post/senior-affordable-housing-rising-19300-sherman-way-reseda,Medium
2026-08-19,20260819-232308-78777e3c,PRJ-20260819-0176,"General Project Signal - Miami / Florida - Developer Iadisernia Lands Mezz Loan to Finish Hallandale, Fla., Condo Tower",80,LCT-20260819-060,Development Start - Miami / Florida - NRP Advancing 312-Unit Port St. Lucie Apartment Venture,Unknown,South Florida,Apartment,Unknown,Vertical Construction,Vertical Construction,11,11,Same Stage Persistence,0,1,1,2,68,12,Stable,Relevant to construction timing,Monitor for another run to confirm lifecycle direction,NRP Advancing 312-Unit Port St. Lucie Apartment Venture,Connect CRE South Florida,https://www.connectcre.com/stories/nrp-advancing-312-unit-port-st-lucie-apartment-venture/,Medium
2026-08-19,20260819-232308-78777e3c,PRJ-20260819-0163,BTR / Build-to-Rent - Phoenix / Arizona - Porter Kyle Adds New 100-Unit BTR Community to East Valley Portfolio,80,LCT-20260819-066,BTR / Build-to-Rent - Phoenix / Arizona - Porter Kyle Adds New 100-Unit BTR Community to East Valley Portfolio,Unknown,Phoenix,BTR / Single-Family Rental,Unknown,Delivery / Opening,Delivery / Opening,13,13,Mature / Operating,0,1,1,2,67,12,Mature,Relevant to construction timing,"Use as delivery, lease-up, and underwriting benchmark",Porter Kyle Adds New 100-Unit BTR Community to East Valley Portfolio,Connect CRE Phoenix,https://www.connectcre.com/stories/porter-kyle-adds-new-100-unit-btr-community-to-east-valley-portfolio/,Medium
2026-08-19,20260819-232308-78777e3c,PRJ-20260819-0188,Office-to-Residential Conversion - Other / Unknown - RMK Management Corp. Named Leasing and Property Manager of The Bellwether New Office-To-Re...,80,LCT-20260819-087,General Project Signal - Other / Unknown - Multifamily Absorption Rate Remains Below 50%,Unknown,Unknown,Apartment,Unknown,Delivery / Opening,Delivery / Opening,13,13,Mature / Operating,0,1,1,2,63,11,Mature,Relevant to construction timing,"Use as delivery, lease-up, and underwriting benchmark",Multifamily Absorption Rate Remains Below 50%,NAHB Eye on Housing - Multifamily,https://eyeonhousing.org/2026/03/multifamily-absorption-rate-remains-below-50/,Medium
2026-08-19,20260819-232308-78777e3c,PRJ-20260819-0110,Entitlement / Permitting - Los Angeles / California - Senior affordable housing rising at 19300 Sherman Way in Reseda,80,LCT-20260819-015,Entitlement / Permitting - Los Angeles / California - 39 apartments approved at 10535 W. Missouri Ave. in West L.A.,California,Los Angeles,Mixed-Use Residential,Unknown,No Previous Record,Entitled / Approved,0,7,Newly Detected Project,7,0,0,1,59,13,Unknown,Relevant to entitlement timing,Monitor for another run to confirm lifecycle direction,39 apartments approved at 10535 W. Missouri Ave. in West L.A.,Urbanize LA,https://la.urbanize.city/post/39-apartments-approved-10535-w-missouri-ave-west-la,Medium
2026-08-19,20260819-232308-78777e3c,PRJ-20260819-0092,Refinancing - Houston / Texas - Triten Snags Refi on 342-Unit Houston Rental Community,80,LCT-20260819-061,Refinancing - Houston / Texas - Triten Snags Refi on 342-Unit Houston Rental Community,Unknown,Houston,Multifamily,Unknown,Refinancing / Recapitalization,Refinancing / Recapitalization,16,16,Same Stage Persistence,0,1,1,2,53,30,Stable,Relevant to refinancing / recap timing,"Track maturity, lender, recapitalization need, and potential JV angle",Triten Snags Refi on 342-Unit Houston Rental Community,Connect CRE Texas,https://www.connectcre.com/stories/triten-snags-refi-on-342-unit-houston-rental-community/,Medium
2026-08-19,20260819-232308-78777e3c,PRJ-20260819-0091,Refinancing - Houston / Texas - Triten Snags Refi on 342-Unit Houston Rental Community,80,LCT-20260819-062,Triten Snags Refi on 342-Unit Houston Rental Community,Houston / Texas,Houston,Multifamily,Unknown,Refinancing / Recapitalization,Refinancing / Recapitalization,16,16,Same Stage Persistence,0,1,1,2,53,29,Stable,Relevant to refinancing / recap timing,"Track maturity, lender, recapitalization need, and potential JV angle",Triten Snags Refi on 342-Unit Houston Rental Community,Connect CRE Texas,https://www.connectcre.com/stories/triten-snags-refi-on-342-unit-houston-rental-community/,Medium
2026-08-19,20260819-232308-78777e3c,PRJ-20260819-0067,Disposition / Exit - California - Costa Mesa Multifamily Changes Hands for Value-Add Repositioning,100,LCT-20260819-001,Acquisition - California - Levin Johnston Team Closes Belmont Apartment Sale,California,California,Apartment,Marcus & Millichap,Unknown Stage,Unknown Stage,0,0,Unknown Transition,0,1,1,2,50,31,Unknown,General monitoring,Monitor for another run to confirm lifecycle direction,Levin Johnston Team Closes Belmont Apartment Sale,Connect CRE California,https://www.connectcre.com/stories/levin-johnston-team-arranges-belmont-apartment-sale/,Medium
2026-08-19,20260819-232308-78777e3c,PRJ-20260819-0107,Disposition / Exit - Los Angeles / California - Marcus & Millichap’s Azzi Group Closes Value-Add Sale of West Hollywood Multifamily,100,LCT-20260819-007,Disposition / Exit - Los Angeles / California - Marcus & Millichap’s Azzi Group Closes Value-Add Sale of West Hollywood Multifamily,California,Los Angeles,Apartment,Marcus & Millichap,Unknown Stage,Unknown Stage,0,0,Unknown Transition,0,1,1,2,50,31,Unknown,General monitoring,Monitor for another run to confirm lifecycle direction,Marcus & Millichap’s Azzi Group Closes Value-Add Sale of West Hollywood Multifamily,Connect CRE California,https://www.connectcre.com/stories/marcus-millichaps-azzi-group-closes-value-add-sale-of-west-hollywood-multifamily/,Medium
2026-08-19,20260819-232308-78777e3c,PRJ-20260819-0064,JV / Partnership - California - Newmark Arranges Fannie Mae Loan on San Clemente Active-Adult Complex,100,LCT-20260819-002,JV / Partnership - California - Newmark Arranges Fannie Mae Loan on San Clemente Active-Adult Complex,California,California,Apartment,Fannie Mae,Unknown Stage,Unknown Stage,0,0,Unknown Transition,0,1,1,2,50,31,Unknown,General monitoring,Monitor for another run to confirm lifecycle direction,Newmark Arranges Fannie Mae Loan on San Clemente Active-Adult Complex,Connect CRE Orange County,https://www.connectcre.com/stories/newmark-arranges-fannie-mae-loan-on-san-clemente-active-adult/,Medium
2026-08-19,20260819-232308-78777e3c,PRJ-20260819-0088,Marcus & Millichap’s Azzi Group Closes Value-Add Sale of West Hollywood Multifamily,80,LCT-20260819-019,Affordable housing project moves forward at 3401 Cerritos Ave. in Long Beach,Los Angeles / California,Hollywood,Affordable Housing,,Site Acquisition / Site Control,Site Acquisition / Site Control,2,2,Same Stage Persistence,0,1,1,2,49,36,Stable,General monitoring,Monitor for another run to confirm lifecycle direction,Affordable housing project moves forward at 3401 Cerritos Ave. in Long Beach,Urbanize LA,https://la.urbanize.city/post/affordable-housing-project-moves-forward-3401-cerritos-ave-long-beach,Low
2026-08-19,20260819-232308-78777e3c,PRJ-20260819-0119,"General Project Signal - Miami / Florida - Developer Iadisernia Lands Mezz Loan to Finish Hallandale, Fla., Condo Tower",80,LCT-20260819-021,Related Planning Apartments on Site at Fort Lauderdale Office Park,Miami / Florida,Unknown,Apartment,,Site Acquisition / Site Control,Site Acquisition / Site Control,2,2,Same Stage Persistence,0,1,1,2,49,36,Stable,General monitoring,Monitor for another run to confirm lifecycle direction,Related Planning Apartments on Site at Fort Lauderdale Office Park,Connect CRE South Florida,https://www.connectcre.com/stories/related-planning-apartments-on-site-at-fort-lauderdale-office-park/,Low
2026-08-19,20260819-232308-78777e3c,PRJ-20260819-0176,"General Project Signal - Miami / Florida - Developer Iadisernia Lands Mezz Loan to Finish Hallandale, Fla., Condo Tower",80,LCT-20260819-034,General Project Signal - Miami / Florida - Related Planning Apartments on Site at Fort Lauderdale Office Park,Unknown,South Florida,Apartment,Unknown,Site Acquisition / Site Control,Site Acquisition / Site Control,2,2,Same Stage Persistence,0,1,1,2,48,37,Stable,General monitoring,Monitor for another run to confirm lifecycle direction,Related Planning Apartments on Site at Fort Lauderdale Office Park,Connect CRE South Florida,https://www.connectcre.com/stories/related-planning-apartments-on-site-at-fort-lauderdale-office-park/,Low
2026-08-19,20260819-232308-78777e3c,PRJ-20260819-0088,Marcus & Millichap’s Azzi Group Closes Value-Add Sale of West Hollywood Multifamily,80,LCT-20260819-033,Marcus & Millichap’s Azzi Group Closes Value-Add Sale of West Hollywood Multifamily,Los Angeles / California,Hollywood,Apartment,,Unknown Stage,Unknown Stage,0,0,Unknown Transition,0,1,1,2,48,31,Unknown,General monitoring,Monitor for another run to confirm lifecycle direction,Marcus & Millichap’s Azzi Group Closes Value-Add Sale of West Hollywood Multifamily,Connect CRE California,https://www.connectcre.com/stories/marcus-millichaps-azzi-group-closes-value-add-sale-of-west-hollywood-multifamily/,Low
2026-08-19,20260819-232308-78777e3c,PRJ-20260819-0170,"Entitlement / Permitting - San Francisco / California - Updated Plans For 2513 Irving Street, Sunset District, San Francisco",80,LCT-20260819-045,"Entitlement / Permitting - San Francisco / California - Updated Plans For 2513 Irving Street, Sunset District, San Francisco",Unknown,San Francisco,Apartment,Unknown,Early Site Signal,Early Site Signal,1,1,Same Stage Persistence,0,1,1,2,47,38,Stable,General monitoring,Monitor for another run to confirm lifecycle direction,"Updated Plans For 2513 Irving Street, Sunset District, San Francisco",SF YIMBY,https://sfyimby.com/2026/08/updated-plans-for-2513-irving-street-sunset-district-san-francisco.html,Low
2026-08-19,20260819-232308-78777e3c,PRJ-20260819-0167,"Entitlement / Permitting - San Francisco / California - Updated Plans For 2513 Irving Street, Sunset District, San Francisco",80,LCT-20260819-036,"Updated Plans For 2513 Irving Street, Sunset District, San Francisco",San Francisco / California,Unknown,Apartment,,Entitlement Under Review,Entitlement Under Review,6,6,Same Stage Persistence,0,1,1,2,47,38,Stable,Relevant to entitlement timing,Monitor for another run to confirm lifecycle direction,"Updated Plans For 2513 Irving Street, Sunset District, San Francisco",SF YIMBY,https://sfyimby.com/2026/08/updated-plans-for-2513-irving-street-sunset-district-san-francisco.html,Low
2026-08-19,20260819-232308-78777e3c,PRJ-20260819-0103,General Project Signal - Los Angeles / California - State awards $6.5 million for affordable housing at 2518 Cesar E. Chavez Ave. in Boyle Hei...,80,LCT-20260819-044,General Project Signal - Los Angeles / California - Affordable housing project moves forward at 3401 Cerritos Ave. in Long Beach,Unknown,Los Angeles / California,Affordable Housing,Unknown,Unknown Stage,Unknown Stage,0,0,Unknown Transition,0,1,1,2,47,32,Unknown,General monitoring,Monitor for another run to confirm lifecycle direction,Affordable housing project moves forward at 3401 Cerritos Ave. in Long Beach,Urbanize LA,https://la.urbanize.city/post/affordable-housing-project-moves-forward-3401-cerritos-ave-long-beach,Low
2026-08-19,20260819-232308-78777e3c,PRJ-20260819-0103,General Project Signal - Los Angeles / California - State awards $6.5 million for affordable housing at 2518 Cesar E. Chavez Ave. in Boyle Hei...,80,LCT-20260819-042,General Project Signal - Los Angeles / California - State awards $6.5 million for affordable housing at 2518 Cesar E. Chavez Ave. in Boyle Hei...,Unknown,Los Angeles / California,Affordable Housing,Unknown,Unknown Stage,Unknown Stage,0,0,Unknown Transition,0,1,1,2,47,32,Unknown,General monitoring,Monitor for another run to confirm lifecycle direction,State awards $6.5 million for affordable housing at 2518 Cesar E. Chavez Ave. in Boyle Heights,Urbanize LA,https://la.urbanize.city/post/state-awards-65-million-affordable-housing-2518-cesar-e-chavez-ave-boyle-heights,Low
2026-08-19,20260819-232308-78777e3c,PRJ-20260819-0061,Acquisition - California - Bascom Acquires Buena Park Apartments as Value-Add Deal,100,LCT-20260819-035,Acquisition - California - Bascom Acquires Buena Park Apartments as Value-Add Deal,California,California,Apartment,Bascom Group,Unknown Stage,Unknown Stage,0,0,Unknown Transition,0,1,1,2,47,29,Unknown,General monitoring,Monitor for another run to confirm lifecycle direction,Bascom Acquires Buena Park Apartments as Value-Add Deal,Connect CRE Orange County,https://www.connectcre.com/stories/bascom-acquires-buena-park-apartments-as-value-add-deal/,Low
2026-08-19,20260819-232308-78777e3c,PRJ-20260819-0067,Disposition / Exit - California - Costa Mesa Multifamily Changes Hands for Value-Add Repositioning,100,LCT-20260819-037,Disposition / Exit - California - Costa Mesa Multifamily Changes Hands for Value-Add Repositioning,California,California,Apartment,Marcus & Millichap,Unknown Stage,Unknown Stage,0,0,Unknown Transition,0,1,1,2,47,29,Unknown,General monitoring,Monitor for another run to confirm lifecycle direction,Costa Mesa Multifamily Changes Hands for Value-Add Repositioning,Connect CRE Orange County,https://www.connectcre.com/stories/costa-mesa-multifamily-changes-hands-for-value-add-repositioning/,Low
2026-08-19,20260819-232308-78777e3c,PRJ-20260819-0055,Construction Financing - Atlanta / Georgia - Developer Duo Obtains Construction Financing for $147M Atlanta Student Housing Project,80,LCT-20260819-057,Acquisition - Atlanta / Georgia - ParkProperty Acquires 280-Unit Buckhead Apartment Community,Unknown,Atlanta,Apartment,Unknown,Unknown Stage,Unknown Stage,0,0,Unknown Transition,0,1,1,2,46,32,Unknown,General monitoring,Monitor for another run to confirm lifecycle direction,ParkProperty Acquires 280-Unit Buckhead Apartment Community,Connect CRE Atlanta,https://www.connectcre.com/stories/parkproperty-acquires-280-unit-buckhead-apartment-community/,Low
2026-08-19,20260819-232308-78777e3c,PRJ-20260819-0055,Construction Financing - Atlanta / Georgia - Developer Duo Obtains Construction Financing for $147M Atlanta Student Housing Project,80,LCT-20260819-053,Acquisition - Atlanta / Georgia - Saratoga Capital Pays $98.4M at Auction for Atlanta Apartment Community,Unknown,Atlanta,Apartment,Unknown,Unknown Stage,Unknown Stage,0,0,Unknown Transition,0,1,1,2,46,32,Unknown,General monitoring,Monitor for another run to confirm lifecycle direction,Saratoga Capital Pays $98.4M at Auction for Atlanta Apartment Community,Connect CRE Atlanta,https://www.connectcre.com/stories/saratoga-capital-pays-98-4m-at-auction-for-atlanta-apartment-community/,Low
2026-08-19,20260819-232308-78777e3c,PRJ-20260819-0110,Entitlement / Permitting - Los Angeles / California - Senior affordable housing rising at 19300 Sherman Way in Reseda,80,LCT-20260819-059,"Entitlement / Permitting - Los Angeles / California - Report: L.A. permits 8,800 homes in the first half of 2026",California,Los Angeles,General Residential,Unknown,Unknown Stage,Unknown Stage,0,0,Unknown Transition,0,1,1,2,46,32,Unknown,General monitoring,Monitor for another run to confirm lifecycle direction,"Report: L.A. permits 8,800 homes in the first half of 2026",Urbanize LA,https://la.urbanize.city/post/report-la-permits-8800-homes-first-half-2026,Low
2026-08-19,20260819-232308-78777e3c,PRJ-20260819-0110,Entitlement / Permitting - Los Angeles / California - Senior affordable housing rising at 19300 Sherman Way in Reseda,80,LCT-20260819-056,JV / Partnership - Los Angeles / California - Buyers seek financial incentives to complete Oceanwide Plaza hotel,California,Los Angeles,General Residential,Unknown,Unknown Stage,Unknown Stage,0,0,Unknown Transition,0,1,1,2,46,32,Unknown,General monitoring,Monitor for another run to confirm lifecycle direction,Buyers seek financial incentives to complete Oceanwide Plaza hotel,Urbanize LA,https://la.urbanize.city/post/buyers-seek-financial-incentives-complete-oceanwide-plaza-hotel,Low
2026-08-19,20260819-232308-78777e3c,PRJ-20260819-0055,Construction Financing - Atlanta / Georgia - Developer Duo Obtains Construction Financing for $147M Atlanta Student Housing Project,80,LCT-20260819-052,Office-to-Residential Conversion - Atlanta / Georgia - JLB Pursuing Buckhead Office-to-Apartments Conversion,Unknown,Atlanta,Apartment,Unknown,Unknown Stage,Unknown Stage,0,0,Unknown Transition,0,1,1,2,46,32,Unknown,General monitoring,Monitor for another run to confirm lifecycle direction,JLB Pursuing Buckhead Office-to-Apartments Conversion,Connect CRE Atlanta,https://www.connectcre.com/stories/jlb-pursuing-buckhead-office-to-apartments-conversion/,Low
2026-08-19,20260819-232308-78777e3c,PRJ-20260819-0053,Construction Financing - Atlanta / Georgia - Developer Duo Obtains Construction Financing for $147M Atlanta Student Housing Project,80,LCT-20260819-069,Atlanta Beltline Advancing 218-Unit Affordable Apartment Project,Atlanta / Georgia,Atlanta,Apartment,,Unknown Stage,Unknown Stage,0,0,Unknown Transition,0,1,1,2,45,29,Unknown,General monitoring,Monitor for another run to confirm lifecycle direction,Atlanta Beltline Advancing 218-Unit Affordable Apartment Project,Connect CRE Atlanta,https://www.connectcre.com/stories/atlanta-beltline-advancing-218-unit-affordable-apartment-project/,Low
2026-08-19,20260819-232308-78777e3c,PRJ-20260819-0062,"Acquisition - California - Meridian Acquires Pasadena Medical Office Building for $13.3M, Arranges Long-Term Huntingt...",100,LCT-20260819-009,"Acquisition - California - Meridian Acquires Pasadena Medical Office Building for $13.3M, Arranges Long-Term Huntingt...",California,California,General Residential,CBRE,No Previous Record,Unknown Stage,0,0,Newly Detected Project,0,0,0,1,45,13,Unknown,General monitoring,Monitor for another run to confirm lifecycle direction,"Meridian Acquires Pasadena Medical Office Building for $13.3M, Arranges Long-Term Huntington Health Lease",REBusiness Online,https://rebusinessonline.com/meridian-acquires-pasadena-medical-office-building-for-13-3m-arranges-long-term-huntington-health-lease/,Low
2026-08-19,20260819-232308-78777e3c,PRJ-20260819-0068,Acquisition - San Francisco / California - Potrero Hill Apartments Fetch One of San Francisco’s Highest Per-Unit Prices,100,LCT-20260819-010,Acquisition - San Francisco / California - Potrero Hill Apartments Fetch One of San Francisco’s Highest Per-Unit Prices,California,California,Apartment,Wood Partners,No Previous Record,Unknown Stage,0,0,Newly Detected Project,0,0,0,1,45,13,Unknown,General monitoring,Monitor for another run to confirm lifecycle direction,Potrero Hill Apartments Fetch One of San Francisco’s Highest Per-Unit Prices,Connect CRE Apartments,https://www.connectcre.com/stories/potrero-hill-apartments-fetch-one-of-san-franciscos-highest-per-unit-prices/,Low
2026-08-19,20260819-232308-78777e3c,PRJ-20260819-0072,Disposition / Exit - San Francisco / California - JLL Closes $62.7M Sale and $38.833M Financing for Fort Collins Apartment Complex,100,LCT-20260819-008,Disposition / Exit - San Francisco / California - JLL Closes $62.7M Sale and $38.833M Financing for Fort Collins Apartment Complex,Unknown,Colorado,Apartment,JLL,No Previous Record,Unknown Stage,0,0,Newly Detected Project,0,0,0,1,45,13,Unknown,General monitoring,Monitor for another run to confirm lifecycle direction,JLL Closes $62.7M Sale and $38.833M Financing for Fort Collins Apartment Complex,Yield PRO,https://yieldpro.com/2026/08/seasons-at-horsetooth-crossing/,Low
2026-08-19,20260819-232308-78777e3c,PRJ-20260819-0106,General Project Signal - Los Angeles / California - Jaime Lee Joins Kennedy Wilson After Two Decades at L.A. Powerhouse Jamison,100,LCT-20260819-011,General Project Signal - Los Angeles / California - Jaime Lee Joins Kennedy Wilson After Two Decades at L.A. Powerhouse Jamison,California,Los Angeles,Multifamily,Kennedy Wilson,No Previous Record,Unknown Stage,0,0,Newly Detected Project,0,0,0,1,45,12,Unknown,General monitoring,Monitor for another run to confirm lifecycle direction,Jaime Lee Joins Kennedy Wilson After Two Decades at L.A. Powerhouse Jamison,Commercial Observer,https://commercialobserver.com/2026/08/jaime-lee-kennedy-wilson-jamison/,Low
2026-08-19,20260819-232308-78777e3c,PRJ-20260819-0155,"Acquisition - California - Meridian Acquires Pasadena Medical Office Building for $13.3M, Arranges Long-Term Huntingt...",100,LCT-20260819-003,"Meridian Acquires Pasadena Medical Office Building for $13.3M, Arranges Long-Term Huntington Health Lease",California,Pasadena,General Residential,CBRE,No Previous Record,Site Acquisition / Site Control,0,2,Newly Detected Project,2,0,0,1,45,11,Unknown,General monitoring,Monitor for another run to confirm lifecycle direction,"Meridian Acquires Pasadena Medical Office Building for $13.3M, Arranges Long-Term Huntington Health Lease",REBusiness Online,https://rebusinessonline.com/meridian-acquires-pasadena-medical-office-building-for-13-3m-arranges-long-term-huntington-health-lease/,Low
2026-08-19,20260819-232308-78777e3c,PRJ-20260819-0055,Construction Financing - Atlanta / Georgia - Developer Duo Obtains Construction Financing for $147M Atlanta Student Housing Project,80,LCT-20260819-079,Construction Financing - Atlanta / Georgia - Developer Duo Obtains Construction Financing for $147M Atlanta Student Housing Project,Unknown,Atlanta,Student Housing,Unknown,Unknown Stage,Unknown Stage,0,0,Unknown Transition,0,1,1,2,44,32,Unknown,General monitoring,Monitor for another run to confirm lifecycle direction,Developer Duo Obtains Construction Financing for $147M Atlanta Student Housing Project,Connect CRE Atlanta,https://www.connectcre.com/stories/developer-duo-obtain-construction-financing-for-147m-spelman-morehouse-student-housing/,Low
2026-08-19,20260819-232308-78777e3c,PRJ-20260819-0055,Construction Financing - Atlanta / Georgia - Developer Duo Obtains Construction Financing for $147M Atlanta Student Housing Project,80,LCT-20260819-075,General Project Signal - Atlanta / Georgia - Atlanta Beltline Advancing 218-Unit Affordable Apartment Project,Unknown,Atlanta,Apartment,Unknown,Unknown Stage,Unknown Stage,0,0,Unknown Transition,0,1,1,2,44,30,Unknown,General monitoring,Monitor for another run to confirm lifecycle direction,Atlanta Beltline Advancing 218-Unit Affordable Apartment Project,Connect CRE Atlanta,https://www.connectcre.com/stories/atlanta-beltline-advancing-218-unit-affordable-apartment-project/,Low
2026-08-19,20260819-232308-78777e3c,PRJ-20260819-0055,Construction Financing - Atlanta / Georgia - Developer Duo Obtains Construction Financing for $147M Atlanta Student Housing Project,80,LCT-20260819-078,JV / Partnership - Atlanta / Georgia - Mesirow Pays $132M for Midtown Atlanta Apartment Community,Unknown,Atlanta,Apartment,Unknown,Unknown Stage,Unknown Stage,0,0,Unknown Transition,0,1,1,2,44,30,Unknown,General monitoring,Monitor for another run to confirm lifecycle direction,Mesirow Pays $132M for Midtown Atlanta Apartment Community,Connect CRE Atlanta,https://www.connectcre.com/stories/mesirow-pays-132m-for-midtown-atlanta-apartment-community/,Low
2026-08-19,20260819-232308-78777e3c,PRJ-20260819-0080,"JV / Partnership - Dallas / Texas - PCCP, RPM Pick Up 358-Unit Arlington Multifamily Community",100,LCT-20260819-013,"JV / Partnership - Dallas / Texas - PCCP, RPM Pick Up 358-Unit Arlington Multifamily Community",Unknown,Dallas,Apartment,PCCP,No Previous Record,Unknown Stage,0,0,Newly Detected Project,0,0,0,1,44,12,Unknown,General monitoring,Monitor for another run to confirm lifecycle direction,"PCCP, RPM Pick Up 358-Unit Arlington Multifamily Community",Connect CRE Apartments,https://www.connectcre.com/stories/pccp-rpm-pick-up-358-unit-arlington-multifamily-community/,Low
2026-08-19,20260819-232308-78777e3c,PRJ-20260819-0186,General Project Signal - Other / Unknown - BGO Acquires Savanna at Reed’s Crossing for Portland Oregon for $160M,100,LCT-20260819-017,General Project Signal - Other / Unknown - BGO Acquires Savanna at Reed’s Crossing for Portland Oregon for $160M,Unknown,Unknown,Multifamily,Holland Partner Group,No Previous Record,Site Acquisition / Site Control,0,2,Newly Detected Project,2,0,0,1,44,11,Unknown,General monitoring,Monitor for another run to confirm lifecycle direction,BGO Acquires Savanna at Reed’s Crossing for Portland Oregon for $160M,Yield PRO,https://yieldpro.com/2026/08/savanna-at-reeds-crossing/,Low
2026-08-19,20260819-232308-78777e3c,PRJ-20260819-0122,Construction Financing - Miami / Florida - Miami Design District Owners Land $125M to Build Mixed-Use Building,80,LCT-20260819-029,Construction Financing - Miami / Florida - Miami Design District Owners Land $125M to Build Mixed-Use Building,Unknown,Miami,Mixed-Use Residential,Unknown,No Previous Record,Site Acquisition / Site Control,0,2,Newly Detected Project,2,0,0,1,43,15,Unknown,General monitoring,Monitor for another run to confirm lifecycle direction,Miami Design District Owners Land $125M to Build Mixed-Use Building,Commercial Observer,https://commercialobserver.com/2026/08/miami-design-district-snohetta-sweetbird-north/,Low
2026-08-19,20260819-232308-78777e3c,PRJ-20260819-0111,Entitlement / Permitting - Los Angeles / California - Senior affordable housing rising at 19300 Sherman Way in Reseda,80,LCT-20260819-032,39 apartments approved at 10535 W. Missouri Ave. in West L.A.,Los Angeles / California,Los Angeles,Mixed-Use Residential,,No Previous Record,Entitlement Under Review,0,6,Newly Detected Project,6,0,0,1,43,13,Unknown,Relevant to entitlement timing,Monitor for another run to confirm lifecycle direction,39 apartments approved at 10535 W. Missouri Ave. in West L.A.,Urbanize LA,https://la.urbanize.city/post/39-apartments-approved-10535-w-missouri-ave-west-la,Low
2026-08-19,20260819-232308-78777e3c,PRJ-20260819-0075,"Acquisition - Colorado - Urban Standard Capital Provides $27M Land Loan for 440-Unit Vail, Colo., Complex",80,LCT-20260819-030,"Acquisition - Colorado - Urban Standard Capital Provides $27M Land Loan for 440-Unit Vail, Colo., Complex",Unknown,Colorado,Apartment,Unknown,No Previous Record,Site Acquisition / Site Control,0,2,Newly Detected Project,2,0,0,1,43,13,Unknown,General monitoring,Monitor for another run to confirm lifecycle direction,"Urban Standard Capital Provides $27M Land Loan for 440-Unit Vail, Colo., Complex",Commercial Observer,https://commercialobserver.com/2026/08/urban-standard-capital-27m-land-loan-vail-colo-complex/,Low
2026-08-19,20260819-232308-78777e3c,PRJ-20260819-0138,BGO Acquires Savanna at Reed’s Crossing for Portland Oregon for $160M,100,LCT-20260819-023,BGO Acquires Savanna at Reed’s Crossing for Portland Oregon for $160M,Other / Unknown,Unknown,Multifamily,BGO,No Previous Record,Site Acquisition / Site Control,0,2,Newly Detected Project,2,0,0,1,43,11,Unknown,General monitoring,Monitor for another run to confirm lifecycle direction,BGO Acquires Savanna at Reed’s Crossing for Portland Oregon for $160M,Yield PRO,https://yieldpro.com/2026/08/savanna-at-reeds-crossing/,Low
2026-08-19,20260819-232308-78777e3c,PRJ-20260819-0176,"General Project Signal - Miami / Florida - Developer Iadisernia Lands Mezz Loan to Finish Hallandale, Fla., Condo Tower",80,LCT-20260819-040,"General Project Signal - Miami / Florida - Developer Iadisernia Lands Mezz Loan to Finish Hallandale, Fla., Condo Tower",Unknown,South Florida,Mixed-Use Residential,Unknown,No Previous Record,Site Acquisition / Site Control,0,2,Newly Detected Project,2,0,0,1,42,12,Unknown,General monitoring,Monitor for another run to confirm lifecycle direction,"Developer Iadisernia Lands Mezz Loan to Finish Hallandale, Fla., Condo Tower",Commercial Observer,https://commercialobserver.com/2026/08/oasis-cottonwood-giuseppe-iadisernia-hallandale-beach/,Low
2026-08-19,20260819-232308-78777e3c,PRJ-20260819-0179,JV / Partnership - Southeast - Landmark Properties Acquires 642-Bed Student Housing Community Near University of Mississi...,80,LCT-20260819-049,JV / Partnership - Southeast - Landmark Properties Acquires 642-Bed Student Housing Community Near University of Mississi...,Southeast,Southeast,Student Housing,Unknown,No Previous Record,Site Acquisition / Site Control,0,2,Newly Detected Project,2,0,0,1,42,12,Unknown,General monitoring,Monitor for another run to confirm lifecycle direction,Landmark Properties Acquires 642-Bed Student Housing Community Near University of Mississippi,REBusiness Online,https://rebusinessonline.com/landmark-properties-acquires-642-bed-student-housing-community-near-university-of-mississippi/,Low
2026-08-19,20260819-232308-78777e3c,PRJ-20260819-0179,JV / Partnership - Southeast - Landmark Properties Acquires 642-Bed Student Housing Community Near University of Mississi...,80,LCT-20260819-050,Landmark Properties Acquires 642-Bed Student Housing Community Near University of Mississippi,Southeast,Unknown,Student Housing,Unknown,No Previous Record,Site Acquisition / Site Control,0,2,Newly Detected Project,2,0,0,1,42,12,Unknown,General monitoring,Monitor for another run to confirm lifecycle direction,Landmark Properties Acquires 642-Bed Student Housing Community Near University of Mississippi,REBusiness Online,https://rebusinessonline.com/landmark-properties-acquires-642-bed-student-housing-community-near-university-of-mississippi/,Low
2026-08-19,20260819-232308-78777e3c,PRJ-20260819-0060,State awards $6.5 million for affordable housing at 2518 Cesar E. Chavez Ave. in Boyle Heights,80,LCT-20260819-020,State awards $6.5 million for affordable housing at 2518 Cesar E. Chavez Ave. in Boyle Heights,Los Angeles / California,Boyle Heights,Affordable Housing,,Site Acquisition / Site Control,Site Acquisition / Site Control,2,2,Same Stage Persistence,0,1,1,2,41,36,Stable,General monitoring,Monitor for another run to confirm lifecycle direction,State awards $6.5 million for affordable housing at 2518 Cesar E. Chavez Ave. in Boyle Heights,Urbanize LA,https://la.urbanize.city/post/state-awards-65-million-affordable-housing-2518-cesar-e-chavez-ave-boyle-heights,Low
2026-08-19,20260819-232308-78777e3c,PRJ-20260819-0067,Disposition / Exit - California - Costa Mesa Multifamily Changes Hands for Value-Add Repositioning,100,LCT-20260819-012,Levin Johnston Team Closes Belmont Apartment Sale,California,Unknown,Apartment,Marcus & Millichap,Unknown Stage,Unknown Stage,0,0,Unknown Transition,0,1,1,2,41,31,Unknown,General monitoring,Monitor for another run to confirm lifecycle direction,Levin Johnston Team Closes Belmont Apartment Sale,Connect CRE California,https://www.connectcre.com/stories/levin-johnston-team-arranges-belmont-apartment-sale/,Low
2026-08-19,20260819-232308-78777e3c,PRJ-20260819-0083,Acquisition - Dallas / Texas - Fogelman Acquires The Ovilla a Luxury 288-Unit Multifamily Community in Dallas,80,LCT-20260819-054,Acquisition - Dallas / Texas - Fogelman Acquires The Ovilla a Luxury 288-Unit Multifamily Community in Dallas,Unknown,Dallas,Multifamily,Unknown,No Previous Record,Unknown Stage,0,0,Newly Detected Project,0,0,0,1,41,14,Unknown,General monitoring,Monitor for another run to confirm lifecycle direction,Fogelman Acquires The Ovilla a Luxury 288-Unit Multifamily Community in Dallas,Yield PRO,https://yieldpro.com/2026/08/the-ovilla/,Low
2026-08-19,20260819-232308-78777e3c,PRJ-20260819-0069,Entitlement / Permitting - California - Affordable housing under construction at 9038 S. Reading Ave. in Westchester,80,LCT-20260819-058,General Project Signal - California - State announces $236M in bond financing for La Brea Tar Pits revamp,California,California,General Residential,Unknown,No Previous Record,Unknown Stage,0,0,Newly Detected Project,0,0,0,1,41,14,Unknown,General monitoring,Monitor for another run to confirm lifecycle direction,State announces $236M in bond financing for La Brea Tar Pits revamp,Urbanize LA,https://la.urbanize.city/post/state-announces-236m-bond-financing-la-brea-tar-pits-revamp,Low
2026-08-19,20260819-232308-78777e3c,PRJ-20260819-0161,Construction Financing - Phoenix / Arizona - Princeton Developer Obtains Financing for Phase III of 374-Unit Rental Community,100,LCT-20260819-026,Construction Financing - Phoenix / Arizona - Princeton Developer Obtains Financing for Phase III of 374-Unit Rental Community,Unknown,Phoenix,Apartment,Berkadia,Unknown Stage,Unknown Stage,0,0,Unknown Transition,0,1,1,2,40,34,Unknown,General monitoring,Monitor for another run to confirm lifecycle direction,Princeton Developer Obtains Financing for Phase III of 374-Unit Rental Community,Connect CRE South Florida,https://www.connectcre.com/stories/princeton-developer-obtains-financing-for-phase-iii-of-374-unit-rental-community/,Low
2026-08-19,20260819-232308-78777e3c,PRJ-20260819-0182,JV / Partnership - Phoenix / Arizona - Why Varia US teamed up with Brookfield to expand its multifamily portfolio,100,LCT-20260819-022,JV / Partnership - Phoenix / Arizona - Why Varia US teamed up with Brookfield to expand its multifamily portfolio,Unknown,Tucson,Apartment,Brookfield,Unknown Stage,Unknown Stage,0,0,Unknown Transition,0,1,1,2,40,31,Unknown,General monitoring,Monitor for another run to confirm lifecycle direction,Why Varia US teamed up with Brookfield to expand its multifamily portfolio,Multifamily Dive,https://www.multifamilydive.com/news/varia-brookfield-joint-venture-workforce-housing/828062/,Low
2026-08-19,20260819-232308-78777e3c,PRJ-20260819-0132,Prism Partners Trades Two-Building Edison Lofts for $131M,100,LCT-20260819-041,Prism Partners Trades Two-Building Edison Lofts for $131M,New York,New York,Apartment,Prism Partners,Site Acquisition / Site Control,Site Acquisition / Site Control,2,2,Same Stage Persistence,0,1,1,2,39,36,Stable,Low relevance,Monitor for another run to confirm lifecycle direction,Prism Partners Trades Two-Building Edison Lofts for $131M,Connect CRE Apartments,https://www.connectcre.com/stories/prism-partners-trades-two-building-edison-lofts-for-131m/,Low
2026-08-19,20260819-232308-78777e3c,PRJ-20260819-0173,Acquisition - Miami / Florida - Milestone Group Trades Kendall Apartment Complex for $109M,100,LCT-20260819-047,Acquisition - Miami / Florida - Milestone Group Trades Kendall Apartment Complex for $109M,Unknown,South Florida,Apartment,Harbor Group International,Unknown Stage,Unknown Stage,0,0,Unknown Transition,0,1,1,2,39,30,Unknown,Low relevance,Monitor for another run to confirm lifecycle direction,Milestone Group Trades Kendall Apartment Complex for $109M,Connect CRE South Florida,https://www.connectcre.com/stories/milestone-group-trades-kendall-apartment-complex-for-109m/,Low
2026-08-19,20260819-232308-78777e3c,PRJ-20260819-0053,Construction Financing - Atlanta / Georgia - Developer Duo Obtains Construction Financing for $147M Atlanta Student Housing Project,80,LCT-20260819-046,JLB Pursuing Buckhead Office-to-Apartments Conversion,Atlanta / Georgia,Atlanta,Apartment,,Unknown Stage,Unknown Stage,0,0,Unknown Transition,0,1,1,2,39,30,Unknown,Low relevance,Monitor for another run to confirm lifecycle direction,JLB Pursuing Buckhead Office-to-Apartments Conversion,Connect CRE Atlanta,https://www.connectcre.com/stories/jlb-pursuing-buckhead-office-to-apartments-conversion/,Low
2026-08-19,20260819-232308-78777e3c,PRJ-20260819-0076,Costa Mesa Multifamily Changes Hands for Value-Add Repositioning,80,LCT-20260819-065,Costa Mesa Multifamily Changes Hands for Value-Add Repositioning,California,Costa Mesa,Apartment,,Unknown Stage,Unknown Stage,0,0,Unknown Transition,0,1,1,2,37,29,Unknown,Low relevance,Monitor for another run to confirm lifecycle direction,Costa Mesa Multifamily Changes Hands for Value-Add Repositioning,Connect CRE Orange County,https://www.connectcre.com/stories/costa-mesa-multifamily-changes-hands-for-value-add-repositioning/,Low
2026-08-19,20260819-232308-78777e3c,PRJ-20260819-0130,JV / Partnership - New York - CBRE Arranges $9.5M Sale of Transit-Adjacent Multifamily Apartment Development Site in Yon...,100,LCT-20260819-005,CBRE Arranges $9.5M Sale of Transit-Adjacent Multifamily Apartment Development Site in Yonkers New York,New York,New York,Apartment,CBRE,No Previous Record,Site Acquisition / Site Control,0,2,Newly Detected Project,2,0,0,1,37,11,Unknown,Low relevance,Monitor for another run to confirm lifecycle direction,CBRE Arranges $9.5M Sale of Transit-Adjacent Multifamily Apartment Development Site in Yonkers New York,Yield PRO,https://yieldpro.com/2026/08/1219-yonkers/,Low
2026-08-19,20260819-232308-78777e3c,PRJ-20260819-0130,JV / Partnership - New York - CBRE Arranges $9.5M Sale of Transit-Adjacent Multifamily Apartment Development Site in Yon...,100,LCT-20260819-006,JV / Partnership - New York - CBRE Arranges $9.5M Sale of Transit-Adjacent Multifamily Apartment Development Site in Yon...,New York,New York,Apartment,CBRE,No Previous Record,Site Acquisition / Site Control,0,2,Newly Detected Project,2,0,0,1,37,11,Unknown,Low relevance,Monitor for another run to confirm lifecycle direction,CBRE Arranges $9.5M Sale of Transit-Adjacent Multifamily Apartment Development Site in Yonkers New York,Yield PRO,https://yieldpro.com/2026/08/1219-yonkers/,Low
2026-08-19,20260819-232308-78777e3c,PRJ-20260819-0080,"JV / Partnership - Dallas / Texas - PCCP, RPM Pick Up 358-Unit Arlington Multifamily Community",100,LCT-20260819-004,"PCCP, RPM Pick Up 358-Unit Arlington Multifamily Community",Dallas / Texas,Dallas,Apartment,PCCP,No Previous Record,Site Acquisition / Site Control,0,2,Newly Detected Project,2,0,0,1,37,11,Unknown,Low relevance,Monitor for another run to confirm lifecycle direction,"PCCP, RPM Pick Up 358-Unit Arlington Multifamily Community",Connect CRE Apartments,https://www.connectcre.com/stories/pccp-rpm-pick-up-358-unit-arlington-multifamily-community/,Low
2026-08-19,20260819-232308-78777e3c,PRJ-20260819-0163,BTR / Build-to-Rent - Phoenix / Arizona - Porter Kyle Adds New 100-Unit BTR Community to East Valley Portfolio,80,LCT-20260819-076,Acquisition - Phoenix / Arizona - Albany Road Snags Loan for Scottsdale MOB Acquisition,Unknown,Phoenix,General Residential,Unknown,Unknown Stage,Unknown Stage,0,0,Unknown Transition,0,1,1,2,36,32,Unknown,Low relevance,Monitor for another run to confirm lifecycle direction,Albany Road Snags Loan for Scottsdale MOB Acquisition,Connect CRE Phoenix,https://www.connectcre.com/stories/albany-road-snags-loan-for-scottsdale-mob-acquisition/,Low
2026-08-19,20260819-232308-78777e3c,PRJ-20260819-0181,Acquisition - Texas - 384-Room San Antonio Airport Hotel Trades Hands,80,LCT-20260819-074,Acquisition - Texas - 384-Room San Antonio Airport Hotel Trades Hands,Texas,Texas,Multifamily,Unknown,Unknown Stage,Unknown Stage,0,0,Unknown Transition,0,1,1,2,36,32,Unknown,Low relevance,Monitor for another run to confirm lifecycle direction,384-Room San Antonio Airport Hotel Trades Hands,Connect CRE Texas,https://www.connectcre.com/stories/384-room-san-antonio-airport-hotel-trades-hands/,Low
2026-08-19,20260819-232308-78777e3c,PRJ-20260819-0184,General Project Signal - National - Multifamily starts tumbled in July,80,LCT-20260819-072,General Project Signal - National - Multifamily starts tumbled in July,Unknown,U.S.,Apartment,Unknown,Unknown Stage,Unknown Stage,0,0,Unknown Transition,0,1,1,2,36,32,Unknown,Low relevance,Monitor for another run to confirm lifecycle direction,Multifamily starts tumbled in July,Multifamily Dive,https://www.multifamilydive.com/news/multifamily-construction-starts-july-hud-census-bureau/828179/,Low
2026-08-19,20260819-232308-78777e3c,PRJ-20260819-0134,Disposition / Exit - New York - Prism Partners Trades Two-Building Edison Lofts for $131M,80,LCT-20260819-084,Disposition / Exit - New York - Prism Partners Trades Two-Building Edison Lofts for $131M,New York,New York,Apartment,Unknown,Unknown Stage,Unknown Stage,0,0,Unknown Transition,0,1,1,2,35,32,Unknown,Low relevance,Monitor for another run to confirm lifecycle direction,Prism Partners Trades Two-Building Edison Lofts for $131M,Connect CRE Apartments,https://www.connectcre.com/stories/prism-partners-trades-two-building-edison-lofts-for-131m/,Low
2026-08-19,20260819-232308-78777e3c,PRJ-20260819-0188,Office-to-Residential Conversion - Other / Unknown - RMK Management Corp. Named Leasing and Property Manager of The Bellwether New Office-To-Re...,80,LCT-20260819-082,General Project Signal - Other / Unknown - Greenstone Partners Closes MF Deal in Chicago’s South Suburbs,Unknown,Unknown,Apartment,Unknown,Unknown Stage,Unknown Stage,0,0,Unknown Transition,0,1,1,2,35,32,Unknown,Low relevance,Monitor for another run to confirm lifecycle direction,Greenstone Partners Closes MF Deal in Chicago’s South Suburbs,Connect CRE Apartments,https://www.connectcre.com/stories/greenstone-partners-closes-mf-deal-in-chicagos-south-suburbs/,Low
2026-08-19,20260819-232308-78777e3c,PRJ-20260819-0112,General Project Signal - Los Angeles / California - State awards $6.5 million for affordable housing at 2518 Cesar E. Chavez Ave. in Boyle Hei...,80,LCT-20260819-080,"Proposal For Housing at 349 1st Street, Los Altos",Other / Unknown,Los Angeles,Apartment,,Unknown Stage,Unknown Stage,0,0,Unknown Transition,0,1,1,2,35,29,Unknown,Low relevance,Monitor for another run to confirm lifecycle direction,"Proposal For Housing at 349 1st Street, Los Altos",SF YIMBY,https://sfyimby.com/2026/08/proposal-for-housing-at-349-1st-street-los-altos.html,Low
2026-08-19,20260819-232308-78777e3c,PRJ-20260819-0133,Office-to-Residential Conversion - New York - Walker & Dunlop Arranges Financing for Stamford Residential Conversion,100,LCT-20260819-027,Office-to-Residential Conversion - New York - Walker & Dunlop Arranges Financing for Stamford Residential Conversion,New York,New York,Apartment,Walker & Dunlop,No Previous Record,Unknown Stage,0,0,Newly Detected Project,0,0,0,1,35,13,Unknown,Low relevance,Monitor for another run to confirm lifecycle direction,Walker & Dunlop Arranges Financing for Stamford Residential Conversion,Connect CRE,https://www.connectcre.com/stories/walker-dunlop-arranges-financing-for-stamford-residential-conversion/,Low
2026-08-19,20260819-232308-78777e3c,PRJ-20260819-0123,Acquisition - National - ESC Pacific Buys Historic Joseph W. Podmore Building in Honolulu for U.S. Headquarters,100,LCT-20260819-024,ESC Pacific Buys Historic Joseph W. Podmore Building in Honolulu for U.S. Headquarters,National,Unknown,Mixed-Use Residential,CBRE,No Previous Record,Site Acquisition / Site Control,0,2,Newly Detected Project,2,0,0,1,35,11,Unknown,Low relevance,Monitor for another run to confirm lifecycle direction,ESC Pacific Buys Historic Joseph W. Podmore Building in Honolulu for U.S. Headquarters,REBusiness Online,https://rebusinessonline.com/esc-pacific-buys-historic-joseph-w-podmore-building-in-honolulu-for-u-s-headquarters/,Low
2026-08-19,20260819-232308-78777e3c,PRJ-20260819-0187,Disposition / Exit - Other / Unknown - Marcus & Millichap Arranges Sale of Multifamily Apartment Property in Greenville South Car...,100,LCT-20260819-048,Disposition / Exit - Other / Unknown - Marcus & Millichap Arranges Sale of Multifamily Apartment Property in Greenville South Car...,Unknown,Unknown,Apartment,Marcus & Millichap,No Previous Record,Unknown Stage,0,0,Newly Detected Project,0,0,0,1,34,13,Unknown,Low relevance,Monitor for another run to confirm lifecycle direction,Marcus & Millichap Arranges Sale of Multifamily Apartment Property in Greenville South Carolina Suburb,Yield PRO,https://yieldpro.com/2026/08/windy-hill-apartments/,Low
2026-08-19,20260819-232308-78777e3c,PRJ-20260819-0085,McDowell Housing Partners Closes Financing and Starts Construction on Ekos at Bayonet Point II in Pasco County,100,LCT-20260819-039,McDowell Housing Partners Closes Financing and Starts Construction on Ekos at Bayonet Point II in Pasco County,Florida,Unknown,Affordable Housing,McDowell Housing Partners,No Previous Record,Unknown Stage,0,0,Newly Detected Project,0,0,0,1,34,13,Unknown,Low relevance,Monitor for another run to confirm lifecycle direction,McDowell Housing Partners Closes Financing and Starts Construction on Ekos at Bayonet Point II in Pasco County,Yield PRO,https://yieldpro.com/2026/08/ekos-at-bayonet-point-ii/,Low
2026-08-19,20260819-232308-78777e3c,PRJ-20260819-0123,Acquisition - National - ESC Pacific Buys Historic Joseph W. Podmore Building in Honolulu for U.S. Headquarters,100,LCT-20260819-043,Acquisition - National - ESC Pacific Buys Historic Joseph W. Podmore Building in Honolulu for U.S. Headquarters,Unknown,National,Mixed-Use Residential,CBRE,No Previous Record,Unknown Stage,0,0,Newly Detected Project,0,0,0,1,34,12,Unknown,Low relevance,Monitor for another run to confirm lifecycle direction,ESC Pacific Buys Historic Joseph W. Podmore Building in Honolulu for U.S. Headquarters,REBusiness Online,https://rebusinessonline.com/esc-pacific-buys-historic-joseph-w-podmore-building-in-honolulu-for-u-s-headquarters/,Low
2026-08-19,20260819-232308-78777e3c,PRJ-20260819-0109,Potrero Hill Apartments Fetch One of San Francisco’s Highest Per-Unit Prices,100,LCT-20260819-038,Potrero Hill Apartments Fetch One of San Francisco’s Highest Per-Unit Prices,San Francisco / California,Los Angeles,Apartment,Wood Partners,No Previous Record,Unknown Stage,0,0,Newly Detected Project,0,0,0,1,34,11,Unknown,Low relevance,Monitor for another run to confirm lifecycle direction,Potrero Hill Apartments Fetch One of San Francisco’s Highest Per-Unit Prices,Connect CRE Apartments,https://www.connectcre.com/stories/potrero-hill-apartments-fetch-one-of-san-franciscos-highest-per-unit-prices/,Low
2026-08-19,20260819-232308-78777e3c,PRJ-20260819-0185,Disposition / Exit - Other / Unknown - Massachusetts AG Orders Post-Merger Sale of Two Boston Apartment Towers,100,LCT-20260819-055,Disposition / Exit - Other / Unknown - Massachusetts AG Orders Post-Merger Sale of Two Boston Apartment Towers,Unknown,Unknown,Apartment,AvalonBay,No Previous Record,Unknown Stage,0,0,Newly Detected Project,0,0,0,1,33,13,Unknown,Low relevance,Monitor for another run to confirm lifecycle direction,Massachusetts AG Orders Post-Merger Sale of Two Boston Apartment Towers,Connect CRE,https://www.connectcre.com/stories/massachusetts-ag-orders-post-merger-sale-of-two-boston-apartment-towers/,Low
2026-08-19,20260819-232308-78777e3c,PRJ-20260819-0086,General Project Signal - Florida - McDowell Housing Partners Closes Financing and Starts Construction on Ekos at Bayonet Poin...,80,LCT-20260819-051,Aventon Moving Ahead on 384-Unit Wesley Chapel Rental Community,Florida,Unknown,Apartment,,No Previous Record,Site Acquisition / Site Control,0,2,Newly Detected Project,2,0,0,1,33,11,Unknown,Low relevance,Monitor for another run to confirm lifecycle direction,Aventon Moving Ahead on 384-Unit Wesley Chapel Rental Community,Connect CRE Apartments,https://www.connectcre.com/stories/aventon-moving-ahead-on-384-unit-wesley-chapel-rental-community/,Low
2026-08-19,20260819-232308-78777e3c,PRJ-20260819-0188,Office-to-Residential Conversion - Other / Unknown - RMK Management Corp. Named Leasing and Property Manager of The Bellwether New Office-To-Re...,80,LCT-20260819-091,Development Start - Other / Unknown - First Quarter 2026 Multifamily Construction Data,Unknown,Unknown,Multifamily,Unknown,Unknown Stage,Unknown Stage,0,0,Unknown Transition,0,1,1,2,32,30,Unknown,Low relevance,Monitor for another run to confirm lifecycle direction,First Quarter 2026 Multifamily Construction Data,NAHB Eye on Housing - Multifamily,https://eyeonhousing.org/2026/05/first-quarter-2026-multifamily-construction-data/,Low
2026-08-19,20260819-232308-78777e3c,PRJ-20260819-0188,Office-to-Residential Conversion - Other / Unknown - RMK Management Corp. Named Leasing and Property Manager of The Bellwether New Office-To-Re...,80,LCT-20260819-092,Development Start - Other / Unknown - Fourth Quarter 2025 Multifamily Construction Data,Unknown,Unknown,Multifamily,Unknown,Unknown Stage,Unknown Stage,0,0,Unknown Transition,0,1,1,2,32,30,Unknown,Low relevance,Monitor for another run to confirm lifecycle direction,Fourth Quarter 2025 Multifamily Construction Data,NAHB Eye on Housing - Multifamily,https://eyeonhousing.org/2026/03/fourth-quarter-2025-multifamily-construction-data/,Low
2026-08-19,20260819-232308-78777e3c,PRJ-20260819-0188,Office-to-Residential Conversion - Other / Unknown - RMK Management Corp. Named Leasing and Property Manager of The Bellwether New Office-To-Re...,80,LCT-20260819-088,Development Start - Other / Unknown - Missing Middle Weakness,Unknown,Unknown,Apartment,Unknown,Unknown Stage,Unknown Stage,0,0,Unknown Transition,0,1,1,2,32,30,Unknown,Low relevance,Monitor for another run to confirm lifecycle direction,Missing Middle Weakness,NAHB Eye on Housing - Multifamily,https://eyeonhousing.org/2026/01/missing-middle-weakness/,Low
2026-08-19,20260819-232308-78777e3c,PRJ-20260819-0188,Office-to-Residential Conversion - Other / Unknown - RMK Management Corp. Named Leasing and Property Manager of The Bellwether New Office-To-Re...,80,LCT-20260819-093,Development Start - Other / Unknown - Overall Housing Starts Inch Lower in 2025,Unknown,Unknown,Multifamily,Unknown,Unknown Stage,Unknown Stage,0,0,Unknown Transition,0,1,1,2,32,30,Unknown,Low relevance,Monitor for another run to confirm lifecycle direction,Overall Housing Starts Inch Lower in 2025,NAHB Eye on Housing - Multifamily,https://eyeonhousing.org/2026/02/overall-housing-starts-inch-lower-in-2025/,Low
2026-08-19,20260819-232308-78777e3c,PRJ-20260819-0188,Office-to-Residential Conversion - Other / Unknown - RMK Management Corp. Named Leasing and Property Manager of The Bellwether New Office-To-Re...,80,LCT-20260819-094,Development Start - Other / Unknown - Third Quarter 2025 Multifamily Construction Data,Unknown,Unknown,Multifamily,Unknown,Unknown Stage,Unknown Stage,0,0,Unknown Transition,0,1,1,2,32,30,Unknown,Low relevance,Monitor for another run to confirm lifecycle direction,Third Quarter 2025 Multifamily Construction Data,NAHB Eye on Housing - Multifamily,https://eyeonhousing.org/2026/01/third-quarter-2025-multifamily-construction-data/,Low
2026-08-19,20260819-232308-78777e3c,PRJ-20260819-0188,Office-to-Residential Conversion - Other / Unknown - RMK Management Corp. Named Leasing and Property Manager of The Bellwether New Office-To-Re...,80,LCT-20260819-089,General Project Signal - Other / Unknown - 2026 Resident Experience Management Report,Unknown,Unknown,Multifamily,Unknown,Unknown Stage,Unknown Stage,0,0,Unknown Transition,0,1,1,2,32,30,Unknown,Low relevance,Monitor for another run to confirm lifecycle direction,2026 Resident Experience Management Report,Multifamily Executive,https://www.multifamilyexecutive.com/premium/whitepaper/753766,Low
2026-08-19,20260819-232308-78777e3c,PRJ-20260819-0188,Office-to-Residential Conversion - Other / Unknown - RMK Management Corp. Named Leasing and Property Manager of The Bellwether New Office-To-Re...,80,LCT-20260819-090,General Project Signal - Other / Unknown - Share of Apartments Built in Buildings with 50+ Units Moves Higher in 2025,Unknown,Unknown,Apartment,Unknown,Unknown Stage,Unknown Stage,0,0,Unknown Transition,0,1,1,2,32,30,Unknown,Low relevance,Monitor for another run to confirm lifecycle direction,Share of Apartments Built in Buildings with 50+ Units Moves Higher in 2025,NAHB Eye on Housing - Multifamily,https://eyeonhousing.org/2026/07/share-of-apartments-built-in-buildings-with-50-units-moves-higher-in-2025/,Low
2026-08-19,20260819-232308-78777e3c,PRJ-20260819-0189,Acquisition - Washington DC - CAPREIT Acquires Bethesda Hill Apartments,80,LCT-20260819-070,Acquisition - Washington DC - CAPREIT Acquires Bethesda Hill Apartments,Unknown,"Washington, D.C.",Apartment,Unknown,No Previous Record,Unknown Stage,0,0,Newly Detected Project,0,0,0,1,32,14,Unknown,Low relevance,Monitor for another run to confirm lifecycle direction,CAPREIT Acquires Bethesda Hill Apartments,Yield PRO,https://yieldpro.com/2026/08/bethesda-hill-apartments/,Low
2026-08-19,20260819-232308-78777e3c,PRJ-20260819-0086,General Project Signal - Florida - McDowell Housing Partners Closes Financing and Starts Construction on Ekos at Bayonet Poin...,80,LCT-20260819-067,General Project Signal - Florida - McDowell Housing Partners Closes Financing and Starts Construction on Ekos at Bayonet Poin...,Florida,Florida,Affordable Housing,Unknown,No Previous Record,Unknown Stage,0,0,Newly Detected Project,0,0,0,1,32,14,Unknown,Low relevance,Monitor for another run to confirm lifecycle direction,McDowell Housing Partners Closes Financing and Starts Construction on Ekos at Bayonet Point II in Pasco County,Yield PRO,https://yieldpro.com/2026/08/ekos-at-bayonet-point-ii/,Low
2026-08-19,20260819-232308-78777e3c,PRJ-20260819-0129,General Project Signal - New York City / New York - New York’s 485-x Is Teaching Developers to Stay Below 100 Apartments at a Time,80,LCT-20260819-068,General Project Signal - New York City / New York - New York’s 485-x Is Teaching Developers to Stay Below 100 Apartments at a Time,Unknown,New York City,Apartment,Unknown,No Previous Record,Unknown Stage,0,0,Newly Detected Project,0,0,0,1,32,14,Unknown,Low relevance,Monitor for another run to confirm lifecycle direction,New York’s 485-x Is Teaching Developers to Stay Below 100 Apartments at a Time,Commercial Observer,https://commercialobserver.com/2026/08/new-york-485-x-apartment-limits/,Low
2026-08-19,20260819-232308-78777e3c,PRJ-20260819-0172,Disposition / Exit - Seattle - Simon | Anderson Multifamily Team Arranges Sale of SEDU Apartment Building in Seattle’s Ca...,80,LCT-20260819-071,Simon | Anderson Multifamily Team Arranges Sale of SEDU Apartment Building in Seattle’s Capitol Hill Neighborhood,Seattle,Seattle,Apartment,Unknown,No Previous Record,Unknown Stage,0,0,Newly Detected Project,0,0,0,1,32,14,Unknown,Low relevance,Monitor for another run to confirm lifecycle direction,Simon | Anderson Multifamily Team Arranges Sale of SEDU Apartment Building in Seattle’s Capitol Hill Neighborhood,Yield PRO,https://yieldpro.com/2026/08/vitality-on-howell/,Low
2026-08-19,20260819-232308-78777e3c,PRJ-20260819-0150,"ICON Real Estate Arranges $18M Sale of Apartment Building in Long Branch, New Jersey",100,LCT-20260819-063,"ICON Real Estate Arranges $18M Sale of Apartment Building in Long Branch, New Jersey",Other / Unknown,Unknown,Apartment,ICON Real Estate,No Previous Record,Unknown Stage,0,0,Newly Detected Project,0,0,0,1,32,13,Unknown,Low relevance,Monitor for another run to confirm lifecycle direction,"ICON Real Estate Arranges $18M Sale of Apartment Building in Long Branch, New Jersey",REBusiness Online,https://rebusinessonline.com/icon-real-estate-arranges-18m-sale-of-apartment-building-in-long-branch-new-jersey/,Low
2026-08-19,20260819-232308-78777e3c,PRJ-20260819-0153,Office-to-Residential Conversion - Other / Unknown - RMK Management Corp. Named Leasing and Property Manager of The Bellwether New Office-To-Re...,80,LCT-20260819-064,"Meeting Tomorrow For 2955 Shattuck Avenue, South Berkeley",Other / Unknown,Unknown,Apartment,,No Previous Record,Unknown Stage,0,0,Newly Detected Project,0,0,0,1,32,12,Unknown,Low relevance,Monitor for another run to confirm lifecycle direction,"Meeting Tomorrow For 2955 Shattuck Avenue, South Berkeley",SF YIMBY,https://sfyimby.com/2026/08/meeting-tomorrow-for-2955-shattuck-avenue-south-berkeley.html,Low
2026-08-19,20260819-232308-78777e3c,PRJ-20260819-0188,Office-to-Residential Conversion - Other / Unknown - RMK Management Corp. Named Leasing and Property Manager of The Bellwether New Office-To-Re...,80,LCT-20260819-095,Disposition / Exit - Other / Unknown - NAHB HBGI: Micro Markets Lone Bright Spot for Single-Family Building in Fourth Quarter,Unknown,Unknown,Multifamily,Unknown,Unknown Stage,Unknown Stage,0,0,Unknown Transition,0,1,1,2,31,30,Unknown,Low relevance,Monitor for another run to confirm lifecycle direction,NAHB HBGI: Micro Markets Lone Bright Spot for Single-Family Building in Fourth Quarter,NAHB Eye on Housing - Multifamily,https://eyeonhousing.org/2026/03/nahb-hbgi-micro-markets-lone-bright-spot-for-single-family-building-in-fourth-quarter/,Low
2026-08-19,20260819-232308-78777e3c,PRJ-20260819-0059,"Acquisition - Austin / Texas - Knightvest Capital Acquires 1,027-Unit Round Rock Apartment Portfolio",80,LCT-20260819-073,"Acquisition - Austin / Texas - Knightvest Capital Acquires 1,027-Unit Round Rock Apartment Portfolio",Unknown,Austin,Apartment,Unknown,No Previous Record,Unknown Stage,0,0,Newly Detected Project,0,0,0,1,31,14,Unknown,Low relevance,Monitor for another run to confirm lifecycle direction,"Knightvest Capital Acquires 1,027-Unit Round Rock Apartment Portfolio",Connect CRE Apartments,https://www.connectcre.com/stories/knightvest-capital-acquires-1027-unit-round-rock-apartment-portfolio/,Low
2026-08-19,20260819-232308-78777e3c,PRJ-20260819-0112,General Project Signal - Los Angeles / California - State awards $6.5 million for affordable housing at 2518 Cesar E. Chavez Ave. in Boyle Hei...,80,LCT-20260819-077,RMK Management Corp. Named Leasing and Property Manager of The Bellwether New Office-To-Residential Conversion in Chicago’s Loop,Other / Unknown,Los Angeles,Office-to-Residential Conversion,Unknown,No Previous Record,Unknown Stage,0,0,Newly Detected Project,0,0,0,1,31,13,Unknown,Low relevance,Monitor for another run to confirm lifecycle direction,RMK Management Corp. Named Leasing and Property Manager of The Bellwether New Office-To-Residential Conversion in Chicago’s Loop,Yield PRO,https://yieldpro.com/2026/08/the-bellwether-2/,Low
2026-08-19,20260819-232308-78777e3c,PRJ-20260819-0188,Office-to-Residential Conversion - Other / Unknown - RMK Management Corp. Named Leasing and Property Manager of The Bellwether New Office-To-Re...,80,LCT-20260819-081,"Acquisition - Other / Unknown - ICON Real Estate Arranges $18M Sale of Apartment Building in Long Branch, New Jersey",Unknown,Unknown,Apartment,Unknown,No Previous Record,Unknown Stage,0,0,Newly Detected Project,0,0,0,1,30,14,Unknown,Low relevance,Monitor for another run to confirm lifecycle direction,"ICON Real Estate Arranges $18M Sale of Apartment Building in Long Branch, New Jersey",REBusiness Online,https://rebusinessonline.com/icon-real-estate-arranges-18m-sale-of-apartment-building-in-long-branch-new-jersey/,Low
2026-08-19,20260819-232308-78777e3c,PRJ-20260819-0188,Office-to-Residential Conversion - Other / Unknown - RMK Management Corp. Named Leasing and Property Manager of The Bellwether New Office-To-Re...,80,LCT-20260819-083,"Acquisition - Other / Unknown - JVM Realty Acquires 280-Unit Multifamily Community in Oswego, Illinois",Unknown,Unknown,Apartment,Unknown,No Previous Record,Unknown Stage,0,0,Newly Detected Project,0,0,0,1,30,14,Unknown,Low relevance,Monitor for another run to confirm lifecycle direction,"JVM Realty Acquires 280-Unit Multifamily Community in Oswego, Illinois",REBusiness Online,https://rebusinessonline.com/jvm-realty-acquires-280-unit-multifamily-community-in-oswego-illinois/,Low
2026-08-19,20260819-232308-78777e3c,PRJ-20260819-0188,Office-to-Residential Conversion - Other / Unknown - RMK Management Corp. Named Leasing and Property Manager of The Bellwether New Office-To-Re...,80,LCT-20260819-085,Office-to-Residential Conversion - Other / Unknown - RMK Management Corp. Named Leasing and Property Manager of The Bellwether New Office-To-Re...,Unknown,Unknown,Office-to-Residential Conversion,Unknown,No Previous Record,Unknown Stage,0,0,Newly Detected Project,0,0,0,1,30,14,Unknown,Low relevance,Monitor for another run to confirm lifecycle direction,RMK Management Corp. Named Leasing and Property Manager of The Bellwether New Office-To-Residential Conversion in Chicago’s Loop,Yield PRO,https://yieldpro.com/2026/08/the-bellwether-2/,Low
2026-08-19,20260819-232308-78777e3c,PRJ-20260819-0172,Disposition / Exit - Seattle - Simon | Anderson Multifamily Team Arranges Sale of SEDU Apartment Building in Seattle’s Ca...,80,LCT-20260819-086,Disposition / Exit - Seattle - Simon | Anderson Multifamily Team Arranges Sale of SEDU Apartment Building in Seattle’s Ca...,Seattle,Seattle,Apartment,Unknown,No Previous Record,Unknown Stage,0,0,Newly Detected Project,0,0,0,1,29,14,Unknown,Low relevance,Monitor for another run to confirm lifecycle direction,Simon | Anderson Multifamily Team Arranges Sale of SEDU Apartment Building in Seattle’s Capitol Hill Neighborhood,Yield PRO,https://yieldpro.com/2026/08/vitality-on-howell/,Low
