run_date,run_id,canonical_project_id,canonical_project_name,project_identity_confidence,run_timestamp,canonical_article_id,article_integrity_status,primary_display_section,secondary_display_sections,repeat_exposure_status,freshness_score,access_status,project_or_deal_name,deal_type,asset_type,residential_sector,market,city_or_submarket,state_or_region,gp_or_developer,canonical_gp_or_developer,institutional_partner,lender_or_debt_provider,canonical_lender_or_debt_provider,capital_partner,canonical_capital_partner,canonical_market,unit_count,dollar_amount,loan_amount,acquisition_price,development_cost,cap_rate,rent_growth,vacancy_rate,concession_signal,construction_start_or_delivery_timing,entitlement_or_permitting_stage,deal_signal_score,deal_priority_label,potential_woomi_use,source_article_title,source,url,relevance_score,deal_fingerprint_id,fingerprint_confidence,canonical_deal_name,canonical_event_name,duplicate_cluster_id,duplicate_count
2026-08-07,20260807-014227-b7016404,PRJ-20260807-0053,Refinancing - California - Greystone Provides $106M Freddie Mac Refi on Two El Cajon Properties,100,2026-08-07 01:42:27,art_d490eafe81223f9f,valid,Development Activity,GP / Capital Activity,new_or_fresh,100,open,Refinancing - California - Greystone Provides $106M Freddie Mac Refi on Two El Cajon Properties,Refinancing,Apartment,Apartment,California,California,California,Greystone,Greystone,Unknown,freddie mac,Freddie Mac,Unknown,Unknown,California,,$106M; $106M; $105,$106M,,,,,,,,,93,High Deal Intelligence,Capital market signal,Greystone Provides $106M Freddie Mac Refi on Two El Cajon Properties,Connect CRE Apartments,https://www.connectcre.com/stories/greystone-provides-106m-freddie-mac-refi-on-two-el-cajon-properties/,100,DFP-F9CFD6A7E7,90,Refinancing - Refinancing - California - Greystone Provides $106M Freddie Mac Refi on Two El Cajon Properties,Refinancing - Greystone - Freddie Mac - California,DCL-20260807-001,1
2026-08-07,20260807-014227-b7016404,PRJ-20260807-0054,"Office-to-Residential Conversion - California - Olson Co. Buys Office Property in Monterey Park, California for $24.8M, Plans Residential...",100,2026-08-07 01:42:27,art_53047125a75bddd3,valid,Development Activity,GP / Capital Activity,new_or_fresh,100,open,"Office-to-Residential Conversion - California - Olson Co. Buys Office Property in Monterey Park, California for $24.8M, Plans Residential...",Office-to-Residential Conversion,Office-to-Residential,Multifamily,California,California,California,JLL,JLL,Unknown,jll,JLL,Unknown,Unknown,California,,$24.8M; $24.8M; $24.8m,,$24.8m,,,,,,,,89,High Deal Intelligence,Pricing benchmark,"Olson Co. Buys Office Property in Monterey Park, California for $24.8M, Plans Residential Conversion",REBusiness Online,https://rebusinessonline.com/olson-co-buys-office-property-in-monterey-park-california-for-24-8m-plans-residential-conversion/,100,DFP-6A55EA0958,90,"Office-to-Residential Conversion - Office-to-Residential Conversion - California - Olson Co. Buys Office Property in Monterey Park, California for $24.8M, Plans Residential...",Office-to-Residential Conversion - JLL - California,DCL-20260807-002,1
2026-08-07,20260807-014227-b7016404,PRJ-20260807-0042,Development Start - Atlanta / Georgia - Financing Secured for Centennial Yards Mixed-Use Project,100,2026-08-07 01:42:27,art_d7d8176bdd750a59,valid,Development Activity,GP / Capital Activity,repeat_penalized,5,open,Development Start - Atlanta / Georgia - Financing Secured for Centennial Yards Mixed-Use Project,Development Start,Mixed-Use Residential,Mixed-Use Residential,Atlanta / Georgia,Atlanta,Unknown,CIM Group,CIM Group,Unknown,Unknown,Unknown,Unknown,Unknown,Los Angeles,280 apartments,$5 billion,$5 billion,,,,,,,,,87,High Deal Intelligence,Capital market signal,Financing Secured for Centennial Yards Mixed-Use Project,Connect CRE Atlanta,https://www.connectcre.com/stories/financing-secured-for-centennial-yards-mixed-use-project/,100,DFP-BB7B16FB5F,90,Development Start - Development Start - Atlanta / Georgia - Financing Secured for Centennial Yards Mixed-Use Project,Development Start - CIM Group - Los Angeles,DCL-20260807-003,1
2026-08-07,20260807-014227-b7016404,PRJ-20260807-0043,JV / Partnership - Atlanta / Georgia - JLL Brokers $147M Sale of Seniors Housing Portfolio in Metro Atlanta,100,2026-08-07 01:42:27,art_33336f4f7932107a,valid,GP / Capital Activity,,new_or_fresh,100,open,JV / Partnership - Atlanta / Georgia - JLL Brokers $147M Sale of Seniors Housing Portfolio in Metro Atlanta,JV / Partnership,Affordable Housing,Student Housing,Atlanta / Georgia,Atlanta,Unknown,JLL,JLL,Unknown,jll,JLL,Unknown,Unknown,Los Angeles,611 units,$147M; $147M; $147 million,$147M,$147M,,,,,,,,87,High Deal Intelligence,Pricing benchmark,JLL Brokers $147M Sale of Seniors Housing Portfolio in Metro Atlanta,REBusiness Online,https://rebusinessonline.com/jll-brokers-147m-sale-of-seniors-housing-portfolio-in-metro-atlanta/,78,DFP-C09D18B5F0,100,JV / Partnership - JV / Partnership - Atlanta / Georgia - JLL Brokers $147M Sale of Seniors Housing Portfolio in Metro Atlanta,JV / Partnership - JLL - Los Angeles,DCL-20260807-004,1
2026-08-07,20260807-014227-b7016404,PRJ-20260807-0049,Acquisition - California - Bascom Acquires Buena Park Apartments as Value-Add Deal,100,2026-08-07 01:42:27,art_af936828d39943e9,valid,Development Activity,GP / Capital Activity,repeat_penalized,5,open,Acquisition - California - Bascom Acquires Buena Park Apartments as Value-Add Deal,Acquisition,Apartment,Apartment,California,California,California,Bascom Group,Bascom Group,Unknown,Unknown,Unknown,Unknown,Unknown,California,,$53; $290; $53,$53,$53,,,,,,,,82,High Deal Intelligence,Pricing benchmark,Bascom Acquires Buena Park Apartments as Value-Add Deal,Connect CRE Orange County,https://www.connectcre.com/stories/bascom-acquires-buena-park-apartments-as-value-add-deal/,91,DFP-6776EE5E57,80,Acquisition - Acquisition - California - Bascom Acquires Buena Park Apartments as Value-Add Deal,Acquisition - Bascom Group - California,DCL-20260807-005,1
2026-08-07,20260807-014227-b7016404,PRJ-20260807-0143,Refinancing - Sarasota / Florida - Walker & Dunlop Arranges $52M Refinance Loan for Sarasota Multifamily Adult Apartment Comm...,100,2026-08-07 01:42:27,art_f36462b73960c562,valid,Development Activity,GP / Capital Activity,acceptable_repeat,78,open,Refinancing - Sarasota / Florida - Walker & Dunlop Arranges $52M Refinance Loan for Sarasota Multifamily Adult Apartment Comm...,Refinancing,Apartment,Senior Housing,Sarasota / Florida,Sarasota,Unknown,Bridge Investment Group,Bridge Investment Group,Unknown,walker & dunlop,walker & dunlop,Unknown,Unknown,Sarasota / Florida,,$52M; $52M; $52m,$52M,,,,,,,,,82,High Deal Intelligence,Capital market signal,Walker & Dunlop Arranges $52M Refinance Loan for Sarasota Multifamily Adult Apartment Community,Yield PRO,https://yieldpro.com/2026/08/alloro-at-university-groves/,92,DFP-152EE0D86F,90,Refinancing - Refinancing - Sarasota / Florida - Walker & Dunlop Arranges $52M Refinance Loan for Sarasota Multifamily Adult Apartment Comm...,Refinancing - Bridge Investment Group - walker & dunlop - Sarasota / Florida,DCL-20260807-006,1
2026-08-07,20260807-014227-b7016404,PRJ-20260807-0083,Disposition / Exit - Los Angeles / California - Camden Property Trust Completes Largest U.S Multifamily Sale Since 2024,100,2026-08-07 01:42:27,art_aa2ea8f4aa0adb5d,valid,Development Activity,GP / Capital Activity; Market Intelligence,acceptable_repeat,78,open,Disposition / Exit - Los Angeles / California - Camden Property Trust Completes Largest U.S Multifamily Sale Since 2024,Disposition / Exit,Apartment,Apartment,Los Angeles / California,Los Angeles,California,Camden Property Trust,Camden Property Trust,camden,jll,JLL,camden,camden,Los Angeles,,$1.625; $1.625,,,,,,,,,,81,High Deal Intelligence,Underwriting benchmark,Camden Property Trust Completes Largest U.S Multifamily Sale Since 2024,Connect CRE California,https://www.connectcre.com/stories/camden-property-trust-completes-largest-u-s-multifamily-sale-since-2024/,100,DFP-9EDACED3F8,90,Disposition / Exit - Disposition / Exit - Los Angeles / California - Camden Property Trust Completes Largest U.S Multifamily Sale Since 2024,Disposition / Exit - Camden Property Trust - Los Angeles,DCL-20260807-007,1
2026-08-07,20260807-014227-b7016404,PRJ-20260807-0114,Construction Financing - New York City / New York - IPA Arranges $131.5M in Construction Financing for Student Housing Project in Upper Manhat...,100,2026-08-07 01:42:27,art_65bb2dba7fd3564e,valid,Development Activity,GP / Capital Activity,new_or_fresh,100,open,Construction Financing - New York City / New York - IPA Arranges $131.5M in Construction Financing for Student Housing Project in Upper Manhat...,Construction Financing,Student Housing,Student Housing,New York City / New York,New York City,Unknown,IPA,IPA,Unknown,Unknown,Unknown,Unknown,Unknown,New York,,$131.5M; $131.5M; $131.5 million,$131.5M,,,,,,,,,77,Useful Deal Signal,Capital market signal,IPA Arranges $131.5M in Construction Financing for Student Housing Project in Upper Manhattan,REBusiness Online,https://rebusinessonline.com/ipa-arranges-131-5m-in-construction-financing-for-student-housing-project-in-upper-manhattan/,100,DFP-1023C2DE03,80,Construction Financing - Construction Financing - New York City / New York - IPA Arranges $131.5M in Construction Financing for Student Housing Project in Upper Manhat...,Construction Financing - IPA - New York,DCL-20260807-008,1
2026-08-07,20260807-014227-b7016404,PRJ-20260807-0043,JV / Partnership - Atlanta / Georgia - JLL Brokers $147M Sale of Seniors Housing Portfolio in Metro Atlanta,100,2026-08-07 01:42:27,art_b914af68e0e48820,valid,Development Activity,GP / Capital Activity,repeat_penalized,5,open,Acquisition - Atlanta / Georgia - Walton Communities Offloads Two Atlanta Rental Properties,Acquisition,Affordable Housing,Affordable Housing,Atlanta / Georgia,Atlanta,Unknown,JLL,JLL,Unknown,jll,JLL,Unknown,Unknown,Los Angeles,,,,,,,,,,,,75,Useful Deal Signal,Monitor only,Walton Communities Offloads Two Atlanta Rental Properties,Connect CRE Atlanta,https://www.connectcre.com/stories/walton-lakes-offloads-two-atlanta-rental-properties/,100,DFP-B5B23632AD,80,Acquisition - Acquisition - Atlanta / Georgia - Walton Communities Offloads Two Atlanta Rental Properties,Acquisition - JLL - Los Angeles,DCL-20260807-009,1
2026-08-07,20260807-014227-b7016404,PRJ-20260807-0148,Construction Financing - Miami / Florida - Affiliated Closes Financing on Mixed-Income Fort Lauderdale Apartment Project,80,2026-08-07 01:42:27,art_dacd3d3138d1e785,valid,Development Activity,GP / Capital Activity,repeat_penalized,55,open,Construction Financing - Miami / Florida - Affiliated Closes Financing on Mixed-Income Fort Lauderdale Apartment Project,Construction Financing,Mixed-Use Residential,Affordable Housing,Miami / Florida,South Florida,Unknown,Unknown,Unknown,Unknown,Unknown,Unknown,Unknown,Unknown,Sun Belt,374 units,$74 million; $74 million,$74 million,,,,,,,,,75,Useful Deal Signal,Capital market signal,Affiliated Closes Financing on Mixed-Income Fort Lauderdale Apartment Project,Connect CRE South Florida,https://www.connectcre.com/stories/affiliated-closes-financing-on-mixed-income-fort-lauderdale-apartment-venture/,100,DFP-6B9A9F5B2C,75,Construction Financing - Construction Financing - Miami / Florida - Affiliated Closes Financing on Mixed-Income Fort Lauderdale Apartment Project,Construction Financing - Unknown - Sun Belt,DCL-20260807-010,1
2026-08-07,20260807-014227-b7016404,PRJ-20260807-0055,Disposition / Exit - California - Costa Mesa Multifamily Changes Hands for Value-Add Repositioning,100,2026-08-07 01:42:27,art_6595ac6c3493f1ac,valid,Development Activity,GP / Capital Activity,repeat_penalized,55,open,Disposition / Exit - California - Costa Mesa Multifamily Changes Hands for Value-Add Repositioning,Disposition / Exit,Apartment,Apartment,California,California,California,Marcus & Millichap,Marcus & Millichap,Unknown,Unknown,Unknown,Unknown,Unknown,California,,$16.9 million; $412; $550,,,,,,,,,,75,Useful Deal Signal,Entitlement / zoning watch,Costa Mesa Multifamily Changes Hands for Value-Add Repositioning,Connect CRE Orange County,https://www.connectcre.com/stories/costa-mesa-multifamily-changes-hands-for-value-add-repositioning/,82,DFP-4F3BD0FACF,80,Disposition / Exit - Disposition / Exit - California - Costa Mesa Multifamily Changes Hands for Value-Add Repositioning,Disposition / Exit - Marcus & Millichap - California,DCL-20260807-011,1
2026-08-07,20260807-014227-b7016404,PRJ-20260807-0062,General Project Signal - Los Angeles / California - BWE Secures $16.8M to Finance Multifamily Affordable Community in Grapevine Texas,100,2026-08-07 01:42:27,art_e083b6a559e1173e,valid,Development Activity,GP / Capital Activity,acceptable_repeat,78,open,General Project Signal - Los Angeles / California - BWE Secures $16.8M to Finance Multifamily Affordable Community in Grapevine Texas,General Project Signal,Multifamily,Multifamily,Los Angeles / California,Dallas,California,Freddie Mac,Freddie Mac,Unknown,freddie mac,Freddie Mac,Unknown,Unknown,Los Angeles,,$16.8M; $16; $16.8m,$16.8M,,,,,,,,,75,Useful Deal Signal,Capital market signal,BWE Secures $16.8M to Finance Multifamily Affordable Community in Grapevine Texas,Yield PRO,https://yieldpro.com/2026/08/cobblestone-village/,100,DFP-C418057ADD,90,General Project Signal - General Project Signal - Los Angeles / California - BWE Secures $16.8M to Finance Multifamily Affordable Community in Grapevine Texas,General Project Signal - Freddie Mac - Los Angeles,DCL-20260807-012,1
2026-08-07,20260807-014227-b7016404,PRJ-20260807-0128,Refinancing - Other / Unknown - Value-Add Revere Beach Apartments Refinanced for $67M,100,2026-08-07 01:42:27,art_81d25ad8b920a835,valid,Development Activity,GP / Capital Activity,new_or_fresh,100,open,Refinancing - Other / Unknown - Value-Add Revere Beach Apartments Refinanced for $67M,Refinancing,Apartment,Apartment,Other / Unknown,Unknown,Unknown,JLL,JLL,Unknown,jll,JLL,Unknown,Unknown,Other / Unknown,,$67M; $67M; $67.256,$67M,,,,,,,,,75,Useful Deal Signal,Capital market signal,Value-Add Revere Beach Apartments Refinanced for $67M,Connect CRE Apartments,https://www.connectcre.com/stories/value-add-revere-beach-apartments-refinanced-for-67m/,100,DFP-E27D316849,80,Refinancing - Refinancing - Other / Unknown - Value-Add Revere Beach Apartments Refinanced for $67M,Refinancing - JLL - JLL - Other / Unknown,DCL-20260807-013,1
2026-08-07,20260807-014227-b7016404,PRJ-20260807-0067,Refinancing - Denver / Colorado - Madison Realty Capital Provides $100M Loan for RXR Multifamily Asset,100,2026-08-07 01:42:27,art_b11e11c2b6b07cfe,valid,Development Activity,GP / Capital Activity,new_or_fresh,100,open,Refinancing - Denver / Colorado - Madison Realty Capital Provides $100M Loan for RXR Multifamily Asset,Refinancing,Multifamily,Multifamily,Denver / Colorado,Denver,Unknown,RXR,RXR,Unknown,Unknown,Unknown,Unknown,Unknown,Denver / Colorado,,$100M; $100M; $100m,$100M,,,,,,,,,74,Useful Deal Signal,Capital market signal,Madison Realty Capital Provides $100M Loan for RXR Multifamily Asset,Commercial Observer,https://commercialobserver.com/2026/08/madson-realty-capital-provides-100m-loan-rxr-ave-station-house/,92,DFP-04EB48C300,80,Refinancing - Refinancing - Denver / Colorado - Madison Realty Capital Provides $100M Loan for RXR Multifamily Asset,Refinancing - RXR - Denver / Colorado,DCL-20260807-014,1
2026-08-07,20260807-014227-b7016404,PRJ-20260807-0056,Acquisition - San Francisco / California - Bell Partners Adds Nearly 400 Apartment Homes in Northern California and Greater Boston,80,2026-08-07 01:42:27,art_6cc50569d565a7da,valid,GP / Capital Activity,Market Intelligence,acceptable_repeat,78,open,Construction Financing - California - Lightstone Capital Originates Senior Loans for Two San Diego Multifamily Properties,Construction Financing,Apartment,Apartment,California,California,California,Unknown,Unknown,Unknown,Unknown,Unknown,Unknown,Unknown,California,,$70 million; $70 million,$70 million,,,,,,,,,73,Useful Deal Signal,Capital market signal,Lightstone Capital Originates Senior Loans for Two San Diego Multifamily Properties,Connect CRE California,https://www.connectcre.com/stories/lightstone-capital-originates-senior-loans-for-two-san-diego-multifamily-properties/,100,DFP-47A79CC22E,65,Construction Financing - Construction Financing - California - Lightstone Capital Originates Senior Loans for Two San Diego Multifamily Properties,Construction Financing - Unknown - California,DCL-20260807-015,1
2026-08-07,20260807-014227-b7016404,PRJ-20260807-0102,Acquisition - Miami / Florida - HGI Buys Rental Near Zoo Miami for $109M,100,2026-08-07 01:42:27,art_01bd63029283c5ad,valid,Development Activity,GP / Capital Activity,new_or_fresh,100,open,Acquisition - Miami / Florida - HGI Buys Rental Near Zoo Miami for $109M,Acquisition,Apartment,Apartment,Miami / Florida,Miami,Unknown,Harbor Group International,Harbor Group International,Unknown,Unknown,Unknown,Unknown,Unknown,Sun Belt,,$109M; $109M; $2 million,,$109m,,,,,,,,72,Useful Deal Signal,Pricing benchmark,HGI Buys Rental Near Zoo Miami for $109M,Commercial Observer,https://commercialobserver.com/2026/08/hgi-harbor-group-international-emerald-palms-multifamily-milestone-florida/,86,DFP-CBBF59DC33,80,Acquisition - Acquisition - Miami / Florida - HGI Buys Rental Near Zoo Miami for $109M,Acquisition - Harbor Group International - Sun Belt,DCL-20260807-016,1
2026-08-07,20260807-014227-b7016404,PRJ-20260807-0089,Office-to-Residential Conversion - Los Angeles / California - L.A. County approves $15M for supportive housing at Metropolitan State Hospital campus,80,2026-08-07 01:42:27,art_da8c7730e1b376cd,valid,Development Activity,GP / Capital Activity,new_or_fresh,88,access_limited,Office-to-Residential Conversion - Los Angeles / California - L.A. County approves $15M for supportive housing at Metropolitan State Hospital campus,Office-to-Residential Conversion,Office-to-Residential,Apartment,Los Angeles / California,Los Angeles,California,Unknown,Unknown,Unknown,Unknown,Unknown,Unknown,Unknown,Los Angeles,60 units,$15M; $15M; $15 million,,,,,,,,,approved,71,Useful Deal Signal,Construction strategy reference,L.A. County approves $15M for supportive housing at Metropolitan State Hospital campus,Urbanize LA,https://la.urbanize.city/post/la-county-approves-15m-supportive-housing-metropolitan-state-hospital-campus,100,DFP-4EBB83833F,75,Office-to-Residential Conversion - Office-to-Residential Conversion - Los Angeles / California - L.A. County approves $15M for supportive housing at Metropolitan State Hospital campus,Office-to-Residential Conversion - Unknown - Los Angeles,DCL-20260807-017,1
2026-08-07,20260807-014227-b7016404,PRJ-20260807-0151,General Project Signal - Southeast - Mixed-use project rises at 6700 Pacific Coast Highway in Long Beach,100,2026-08-07 01:42:27,art_ec706d254e0b3fca,valid,Development Activity,Market Intelligence,new_or_fresh,88,access_limited,General Project Signal - Southeast - Mixed-use project rises at 6700 Pacific Coast Highway in Long Beach,General Project Signal,Mixed-Use Residential,Mixed-Use Residential,Southeast,Southeast,Southeast,Holland Partner Group,Holland Partner Group,Unknown,Unknown,Unknown,Unknown,Unknown,Southeast,281 apartments,$41 million,,,,,,,,,,69,Useful Deal Signal,Underwriting benchmark,Mixed-use project rises at 6700 Pacific Coast Highway in Long Beach,Urbanize LA,https://la.urbanize.city/post/mixed-use-project-rises-6700-pacific-coast-highway-long-beach,76,DFP-F9FE49F0E6,90,General Project Signal - General Project Signal - Southeast - Mixed-use project rises at 6700 Pacific Coast Highway in Long Beach,General Project Signal - Holland Partner Group - Southeast,DCL-20260807-018,1
2026-08-07,20260807-014227-b7016404,PRJ-20260807-0147,Acquisition - Miami / Florida - Marcus & Millichap Brokers $5.3M Sale of Multifamily Property in Miami Beach Florida,100,2026-08-07 01:42:27,art_0dcb5c7387c3ee54,valid,Development Activity,GP / Capital Activity; Market Intelligence,new_or_fresh,100,open,Acquisition - Miami / Florida - Marcus & Millichap Brokers $5.3M Sale of Multifamily Property in Miami Beach Florida,Acquisition,Multifamily,Multifamily,Miami / Florida,South Florida,Unknown,Marcus & Millichap,Marcus & Millichap,Unknown,Unknown,Unknown,Unknown,Unknown,Sun Belt,,$5.3M; $5.3 million; $5.3m,$5.3M,$5.3m,,,,,,,,67,Useful Deal Signal,Pricing benchmark,Marcus & Millichap Brokers $5.3M Sale of Multifamily Property in Miami Beach Florida,Yield PRO,https://yieldpro.com/2026/08/840-16th-street/,71,DFP-588A265EB9,80,Acquisition - Acquisition - Miami / Florida - Marcus & Millichap Brokers $5.3M Sale of Multifamily Property in Miami Beach Florida,Acquisition - Marcus & Millichap - Sun Belt,DCL-20260807-019,1
2026-08-07,20260807-014227-b7016404,PRJ-20260807-0135,Acquisition - Phoenix / Arizona - Rockwell Pays $42M for 182-Unit Scottsdale Rental Community,80,2026-08-07 01:42:27,art_a20a2a8bb86182ac,valid,Development Activity,GP / Capital Activity,new_or_fresh,100,open,Acquisition - Phoenix / Arizona - Rockwell Pays $42M for 182-Unit Scottsdale Rental Community,Acquisition,Apartment,Apartment,Phoenix / Arizona,Phoenix,Unknown,Unknown,Unknown,Unknown,Unknown,Unknown,Unknown,Unknown,Sun Belt,186 units,$42M; $42M; $42 million,,$42M,,,,,,,,67,Useful Deal Signal,Pricing benchmark,Rockwell Pays $42M for 182-Unit Scottsdale Rental Community,Connect CRE Apartments,https://www.connectcre.com/stories/hayden-pays-42m-for-182-unit-scottsdale-rental-community/,77,DFP-06A5A627AE,75,Acquisition - Acquisition - Phoenix / Arizona - Rockwell Pays $42M for 182-Unit Scottsdale Rental Community,Acquisition - Unknown - Sun Belt,DCL-20260807-020,1
2026-08-07,20260807-014227-b7016404,PRJ-20260807-0141,General Project Signal - Santa Monica / California - New look for 353-unit development at 1633 26th St. in Santa Monica,100,2026-08-07 01:42:27,art_ec016503dc552fd0,valid,Development Activity,,acceptable_repeat,62,access_limited,General Project Signal - Santa Monica / California - New look for 353-unit development at 1633 26th St. in Santa Monica,General Project Signal,BTR / Single-Family Rental,Affordable Housing,Santa Monica / California,Santa Monica,Unknown,Mill Creek Residential,Mill Creek Residential,Unknown,Unknown,Unknown,Unknown,Unknown,California,"1,500 homes",,,,,,,,,,,67,Useful Deal Signal,Underwriting benchmark,New look for 353-unit development at 1633 26th St. in Santa Monica,Urbanize LA,https://la.urbanize.city/post/new-look-353-unit-development-1633-26th-st-santa-monica,100,DFP-2EBC2F838A,80,General Project Signal - General Project Signal - Santa Monica / California - New look for 353-unit development at 1633 26th St. in Santa Monica,General Project Signal - Mill Creek Residential - California,DCL-20260807-021,1
2026-08-07,20260807-014227-b7016404,PRJ-20260807-0148,Construction Financing - Miami / Florida - Affiliated Closes Financing on Mixed-Income Fort Lauderdale Apartment Project,80,2026-08-07 01:42:27,art_120b790785971abe,valid,Development Activity,GP / Capital Activity,repeat_penalized,55,open,Construction Financing - Miami / Florida - Arrow Arranges $85M Construction Loan for Miami Condo Project,Construction Financing,Apartment,Apartment,Miami / Florida,South Florida,Unknown,Unknown,Unknown,Unknown,Unknown,Unknown,Unknown,Unknown,Sun Belt,,$85M; $85M; $85 million,$85M,,,,,,,,,65,Useful Deal Signal,Capital market signal,Arrow Arranges $85M Construction Loan for Miami Condo Project,Connect CRE South Florida,https://www.connectcre.com/stories/arrow-arranges-85m-construction-loan-for-miami-condo-project/,100,DFP-874D1AF56D,65,Construction Financing - Construction Financing - Miami / Florida - Arrow Arranges $85M Construction Loan for Miami Condo Project,Construction Financing - Unknown - Sun Belt,DCL-20260807-022,1
2026-08-07,20260807-014227-b7016404,PRJ-20260807-0089,Office-to-Residential Conversion - Los Angeles / California - L.A. County approves $15M for supportive housing at Metropolitan State Hospital campus,80,2026-08-07 01:42:27,art_5bec1370f94c790b,valid,Development Activity,Market Intelligence,acceptable_repeat,66,access_limited,Entitlement / Permitting - Los Angeles / California - New plan for affordable housing at 2127 S. Westwood Boulevard,Entitlement / Permitting,BTR / Single-Family Rental,Affordable Housing,Los Angeles / California,Los Angeles,California,Unknown,Unknown,Unknown,Unknown,Unknown,Unknown,Unknown,Los Angeles,345 homes,,,,,,,,,,permit,65,Useful Deal Signal,Entitlement / zoning watch,New plan for affordable housing at 2127 S. Westwood Boulevard,Urbanize LA,https://la.urbanize.city/post/new-plan-affordable-housing-2127-s-westwood-boulevard,100,DFP-6BC8416097,65,Entitlement / Permitting - Entitlement / Permitting - Los Angeles / California - New plan for affordable housing at 2127 S. Westwood Boulevard,Entitlement / Permitting - Unknown - Los Angeles,DCL-20260807-023,1
2026-08-07,20260807-014227-b7016404,PRJ-20260807-0148,Construction Financing - Miami / Florida - Affiliated Closes Financing on Mixed-Income Fort Lauderdale Apartment Project,80,2026-08-07 01:42:27,art_03e554735dbfbc0b,valid,GP / Capital Activity,,repeat_penalized,55,open,Refinancing - Miami / Florida - Baron Property Group Closes on $226.5M Refi for Hialeah Apartment Community,Refinancing,Mixed-Use Residential,Mixed-Use Residential,Miami / Florida,South Florida,Unknown,Unknown,Unknown,Unknown,Unknown,Unknown,Unknown,Unknown,Sun Belt,,$226.5M; $226.5M; $226.5 million,$226.5M,,,,,,,,,65,Useful Deal Signal,Capital market signal,Baron Property Group Closes on $226.5M Refi for Hialeah Apartment Community,Connect CRE South Florida,https://www.connectcre.com/stories/baron-property-group-closes-on-226-5m-refi-for-hialeah-apartment-community/,99,DFP-B5E215E9BD,65,Refinancing - Refinancing - Miami / Florida - Baron Property Group Closes on $226.5M Refi for Hialeah Apartment Community,Refinancing - Unknown - Sun Belt,DCL-20260807-024,1
2026-08-07,20260807-014227-b7016404,PRJ-20260807-0146,General Project Signal - Seattle - Gantry Secures $15M Construction-to-Permanent Loan for Seattle Multifamily,80,2026-08-07 01:42:27,art_e1dd7a0030b185ee,valid,Development Activity,GP / Capital Activity,new_or_fresh,100,open,Refinancing - Seattle - Mesa West Provides $52M Refi for Seattle-Area Apartment Community,Refinancing,Apartment,Apartment,Seattle,Seattle,Seattle,Unknown,Unknown,Unknown,Unknown,Unknown,Unknown,Unknown,Seattle,,$52M; $52M; $52 million,$52M,,,,,,,,,65,Useful Deal Signal,Capital market signal,Mesa West Provides $52M Refi for Seattle-Area Apartment Community,Commercial Observer,https://commercialobserver.com/2026/08/mesa-west-52m-refi-sumner-mill-apartments/,100,DFP-8186774667,65,Refinancing - Refinancing - Seattle - Mesa West Provides $52M Refi for Seattle-Area Apartment Community,Refinancing - Unknown - Seattle,DCL-20260807-025,1
2026-08-07,20260807-014227-b7016404,PRJ-20260807-0063,Construction Financing - Dallas / Texas - Concord Arranges $50M Construction Loan for FW Apartments,80,2026-08-07 01:42:27,art_3b13ea9d87958638,valid,Development Activity,GP / Capital Activity,acceptable_repeat,78,open,Construction Financing - Dallas / Texas - Concord Arranges $50M Construction Loan for FW Apartments,Construction Financing,Apartment,Apartment,Dallas / Texas,Dallas,Unknown,Unknown,Unknown,Unknown,Unknown,Unknown,Unknown,Unknown,Los Angeles,,$50M; $50M; $50 million,$50M,,,,,,,,,64,Useful Deal Signal,Capital market signal,Concord Arranges $50M Construction Loan for FW Apartments,Connect CRE Texas,https://www.connectcre.com/stories/concord-arranges-50m-construction-loan-for-fw-apartments/,96,DFP-33155A9519,65,Construction Financing - Construction Financing - Dallas / Texas - Concord Arranges $50M Construction Loan for FW Apartments,Construction Financing - Unknown - Los Angeles,DCL-20260807-026,1
2026-08-07,20260807-014227-b7016404,PRJ-20260807-0135,Acquisition - Phoenix / Arizona - Rockwell Pays $42M for 182-Unit Scottsdale Rental Community,80,2026-08-07 01:42:27,art_ee5077eab900f93c,valid,Development Activity,GP / Capital Activity,acceptable_repeat,78,open,Acquisition - Phoenix / Arizona - ColRich Pays $52.4M for Mesa Rental Community,Acquisition,Apartment,Apartment,Phoenix / Arizona,Phoenix,Unknown,Unknown,Unknown,Unknown,Unknown,Unknown,Unknown,Unknown,Sun Belt,,$52.4M; $52.4M; $52.4 million,$52.4M,$52.4M,,,,,,,,63,Useful Deal Signal,Pricing benchmark,ColRich Pays $52.4M for Mesa Rental Community,Connect CRE Phoenix,https://www.connectcre.com/stories/colrich-pays-52-4m-for-mesa-rental-community/,93,DFP-462C671250,65,Acquisition - Acquisition - Phoenix / Arizona - ColRich Pays $52.4M for Mesa Rental Community,Acquisition - Unknown - Sun Belt,DCL-20260807-027,1
2026-08-07,20260807-014227-b7016404,PRJ-20260807-0056,Acquisition - San Francisco / California - Bell Partners Adds Nearly 400 Apartment Homes in Northern California and Greater Boston,80,2026-08-07 01:42:27,art_b173f38860312e09,valid,Development Activity,,acceptable_repeat,62,access_limited,General Project Signal - California - Afforable housing slated for property at 1850 Atlantic Ave. in Long Beach,General Project Signal,BTR / Single-Family Rental,Affordable Housing,California,California,California,Unknown,Unknown,Unknown,Unknown,Unknown,Unknown,Unknown,California,55 units,,,,,,,,,,,63,Useful Deal Signal,Entitlement / zoning watch,Afforable housing slated for property at 1850 Atlantic Ave. in Long Beach,Urbanize LA,https://la.urbanize.city/post/afforable-housing-slated-property-1850-atlantic-ave-long-beach,100,DFP-CED495A4E8,65,General Project Signal - General Project Signal - California - Afforable housing slated for property at 1850 Atlantic Ave. in Long Beach,General Project Signal - Unknown - California,DCL-20260807-028,1
2026-08-07,20260807-014227-b7016404,PRJ-20260807-0044,Construction Financing - Atlanta / Georgia - Developer Duo Obtains Construction Financing for $147M Atlanta Student Housing Project,80,2026-08-07 01:42:27,art_0b65ea27742b0ffc,valid,Development Activity,GP / Capital Activity,repeat_penalized,55,open,Construction Financing - Atlanta / Georgia - Developer Duo Obtains Construction Financing for $147M Atlanta Student Housing Project,Construction Financing,Student Housing,Student Housing,Atlanta / Georgia,Atlanta,Unknown,Unknown,Unknown,Unknown,Unknown,Unknown,Unknown,Unknown,Los Angeles,,$147M; $147M; $147 million,$147M,,,,,,,,,61,Useful Deal Signal,Capital market signal,Developer Duo Obtains Construction Financing for $147M Atlanta Student Housing Project,Connect CRE Atlanta,https://www.connectcre.com/stories/developer-duo-obtain-construction-financing-for-147m-spelman-morehouse-student-housing/,88,DFP-52059AEB2D,65,Construction Financing - Construction Financing - Atlanta / Georgia - Developer Duo Obtains Construction Financing for $147M Atlanta Student Housing Project,Construction Financing - Unknown - Los Angeles,DCL-20260807-029,1
2026-08-07,20260807-014227-b7016404,PRJ-20260807-0044,Construction Financing - Atlanta / Georgia - Developer Duo Obtains Construction Financing for $147M Atlanta Student Housing Project,80,2026-08-07 01:42:27,art_aaefd3e9d52ce516,valid,Development Activity,Market Intelligence,acceptable_repeat,70,open,General Project Signal - Atlanta / Georgia - Atlanta Beltline Advancing 218-Unit Affordable Apartment Project,General Project Signal,Apartment,Apartment,Atlanta / Georgia,Atlanta,Unknown,Unknown,Unknown,Unknown,Unknown,Unknown,Unknown,Unknown,Los Angeles,218 apartments,$62 million; $62 million,,,,,,,,,,61,Useful Deal Signal,Underwriting benchmark,Atlanta Beltline Advancing 218-Unit Affordable Apartment Project,Connect CRE Atlanta,https://www.connectcre.com/stories/atlanta-beltline-advancing-218-unit-affordable-apartment-project/,90,DFP-E3B67A8D25,75,General Project Signal - General Project Signal - Atlanta / Georgia - Atlanta Beltline Advancing 218-Unit Affordable Apartment Project,General Project Signal - Unknown - Los Angeles,DCL-20260807-030,1
2026-08-07,20260807-014227-b7016404,PRJ-20260807-0089,Office-to-Residential Conversion - Los Angeles / California - L.A. County approves $15M for supportive housing at Metropolitan State Hospital campus,80,2026-08-07 01:42:27,art_e69631e660f417f4,suspicious_duplicate,Development Activity,,repeat_penalized,46,access_limited,Office-to-Residential Conversion - Los Angeles / California - Adaptive reuse project starting up at 6380 Wilshire Boulevard,Office-to-Residential Conversion,Office-to-Residential,Office-to-Residential Conversion,Los Angeles / California,Los Angeles,California,Unknown,Unknown,Unknown,Unknown,Unknown,Unknown,Unknown,Los Angeles,217 homes,,,,,,,,,,entitled,61,Useful Deal Signal,Construction strategy reference,Adaptive reuse project starting up at 6380 Wilshire Boulevard,Urbanize LA,https://la.urbanize.city/post/adaptive-reuse-project-starting-6380-wilshire-boulevard,100,DFP-6C9D1C5A67,65,Office-to-Residential Conversion - Office-to-Residential Conversion - Los Angeles / California - Adaptive reuse project starting up at 6380 Wilshire Boulevard,Office-to-Residential Conversion - Unknown - Los Angeles,DCL-20260807-031,1
2026-08-07,20260807-014227-b7016404,PRJ-20260807-0161,General Project Signal - Virginia - Capital Square Launches $42.95M DST for Apartment Community Near Richmond Virginia,100,2026-08-07 01:42:27,art_c59ef0568af020c6,valid,Development Activity,,acceptable_repeat,93,open,General Project Signal - Virginia - Capital Square Launches $42.95M DST for Apartment Community Near Richmond Virginia,General Project Signal,Apartment,Apartment,Virginia,Virginia,Unknown,Capital Square,Capital Square,Unknown,Unknown,Unknown,Unknown,Unknown,Virginia,,$42.95M; $42.95 million; $42.95m,,,,,,,,,,60,Useful Deal Signal,Underwriting benchmark,Capital Square Launches $42.95M DST for Apartment Community Near Richmond Virginia,Yield PRO,https://yieldpro.com/2026/08/colony-at-centerpointe-apartments/,81,DFP-95DAEEBCDA,80,General Project Signal - General Project Signal - Virginia - Capital Square Launches $42.95M DST for Apartment Community Near Richmond Virginia,General Project Signal - Capital Square - Virginia,DCL-20260807-032,1
2026-08-07,20260807-014227-b7016404,PRJ-20260807-0135,Acquisition - Phoenix / Arizona - Rockwell Pays $42M for 182-Unit Scottsdale Rental Community,80,2026-08-07 01:42:27,art_43641de8f10a1d27,valid,Development Activity,GP / Capital Activity,repeat_penalized,55,open,BTR / Build-to-Rent - Phoenix / Arizona - Phoenix BTR Investor Inks $73.1M Bridge Loan,BTR / Build-to-Rent,BTR / Single-Family Rental,BTR / Single-Family Rental,Phoenix / Arizona,Phoenix,Unknown,Unknown,Unknown,Unknown,Unknown,Unknown,Unknown,Unknown,Sun Belt,,$73.1M; $73.1M; $73.1 b,$73.1M,,,,,,,,,59,Monitor,Capital market signal,Phoenix BTR Investor Inks $73.1M Bridge Loan,Connect CRE Phoenix,https://www.connectcre.com/stories/phoenix-btr-investor-inks-73-1m-bridge-loan/,94,DFP-E227BD3EC8,65,BTR / Build-to-Rent - BTR / Build-to-Rent - Phoenix / Arizona - Phoenix BTR Investor Inks $73.1M Bridge Loan,BTR / Build-to-Rent - Unknown - Sun Belt,DCL-20260807-033,1
2026-08-07,20260807-014227-b7016404,PRJ-20260807-0069,"Construction Financing - Florida - Krea USA Nabs $62M Construction Loan for Lauderhill, Fla., Rental",80,2026-08-07 01:42:27,art_66396db4d4075470,valid,Development Activity,GP / Capital Activity,acceptable_repeat,78,open,"Construction Financing - Florida - Krea USA Nabs $62M Construction Loan for Lauderhill, Fla., Rental",Construction Financing,Multifamily,Multifamily,Florida,Florida,Florida,Unknown,Unknown,Unknown,Unknown,Unknown,Unknown,Unknown,Florida,,$62M; $62M; $61.8 million,$62M,,,,,,,,,59,Monitor,Capital market signal,"Krea USA Nabs $62M Construction Loan for Lauderhill, Fla., Rental",Commercial Observer,https://commercialobserver.com/2026/08/krea-usa-parc-at-lauderhill-abanca/,82,DFP-BA42F0B71E,65,"Construction Financing - Construction Financing - Florida - Krea USA Nabs $62M Construction Loan for Lauderhill, Fla., Rental",Construction Financing - Unknown - Florida,DCL-20260807-034,1
2026-08-07,20260807-014227-b7016404,PRJ-20260807-0089,Office-to-Residential Conversion - Los Angeles / California - L.A. County approves $15M for supportive housing at Metropolitan State Hospital campus,80,2026-08-07 01:42:27,art_e1b8efa247d4fcb5,valid,Development Activity,GP / Capital Activity,acceptable_repeat,74,open,Disposition / Exit - Los Angeles / California - Co-Living Complex Near UCLA Will Become Student Housing,Disposition / Exit,Student Housing,Student Housing,Los Angeles / California,Los Angeles,California,Unknown,Unknown,Unknown,Unknown,Unknown,Unknown,Unknown,Los Angeles,,$8; $8,,,,,,,,completed,,59,Monitor,Underwriting benchmark,Co-Living Complex Near UCLA Will Become Student Housing,Connect CRE California,https://www.connectcre.com/stories/co-living-complex-near-ucla-will-become-student-housing/,95,DFP-886981A130,65,Disposition / Exit - Disposition / Exit - Los Angeles / California - Co-Living Complex Near UCLA Will Become Student Housing,Disposition / Exit - Unknown - Los Angeles,DCL-20260807-035,1
2026-08-07,20260807-014227-b7016404,PRJ-20260807-0148,Construction Financing - Miami / Florida - Affiliated Closes Financing on Mixed-Income Fort Lauderdale Apartment Project,80,2026-08-07 01:42:27,art_21cf8122ebc8f77c,valid,Development Activity,GP / Capital Activity,repeat_penalized,55,open,Refinancing - Miami / Florida - Stewards Inks $79M Refi of Hollywood Rental Asset,Refinancing,Apartment,Apartment,Miami / Florida,South Florida,Unknown,Unknown,Unknown,Unknown,Unknown,Unknown,Unknown,Unknown,Sun Belt,,$79M; $79M; $79 million,$79 million,$190 million,,,,,,completed,,59,Monitor,Pricing benchmark,Stewards Inks $79M Refi of Hollywood Rental Asset,Connect CRE South Florida,https://www.connectcre.com/stories/stewards-inks-79m-refi-of-hollywood-rental-asset/,84,DFP-F9215B04A6,65,Refinancing - Refinancing - Miami / Florida - Stewards Inks $79M Refi of Hollywood Rental Asset,Refinancing - Unknown - Sun Belt,DCL-20260807-036,1
2026-08-07,20260807-014227-b7016404,PRJ-20260807-0044,Construction Financing - Atlanta / Georgia - Developer Duo Obtains Construction Financing for $147M Atlanta Student Housing Project,80,2026-08-07 01:42:27,art_80e70f543c21d732,valid,Development Activity,GP / Capital Activity,repeat_penalized,55,open,JV / Partnership - Atlanta / Georgia - Mesirow Pays $132M for Midtown Atlanta Apartment Community,JV / Partnership,Apartment,Apartment,Atlanta / Georgia,Atlanta,Unknown,Unknown,Unknown,Unknown,Unknown,Unknown,Unknown,Unknown,Los Angeles,,$132M; $132M; $132 million,,$132M,,,,,,,,57,Monitor,Pricing benchmark,Mesirow Pays $132M for Midtown Atlanta Apartment Community,Connect CRE Atlanta,https://www.connectcre.com/stories/mesirow-pays-132m-for-midtown-atlanta-apartment-community/,77,DFP-5557F87060,65,JV / Partnership - JV / Partnership - Atlanta / Georgia - Mesirow Pays $132M for Midtown Atlanta Apartment Community,JV / Partnership - Unknown - Los Angeles,DCL-20260807-037,1
2026-08-07,20260807-014227-b7016404,PRJ-20260807-0048,"Disposition / Exit - Austin / Texas - JLL, Cousins Link Up on Two Austin Office Transactions",100,2026-08-07 01:42:27,art_e2fd8c77b05800b5,valid,Market Intelligence,Development Activity; GP / Capital Activity,acceptable_repeat,78,open,"Disposition / Exit - Austin / Texas - JLL, Cousins Link Up on Two Austin Office Transactions",Disposition / Exit,Unknown Residential,General Residential,Austin / Texas,Austin,Unknown,JLL,JLL,Unknown,jll,JLL,Unknown,Unknown,Sun Belt,,,,,,,,,,completed,,56,Monitor,Monitor only,"JLL, Cousins Link Up on Two Austin Office Transactions",Connect CRE Texas,https://www.connectcre.com/stories/jll-cousins-link-up-on-two-austin-office-transactions/,56,DFP-FC38377351,80,"Disposition / Exit - Disposition / Exit - Austin / Texas - JLL, Cousins Link Up on Two Austin Office Transactions",Disposition / Exit - JLL - Sun Belt,DCL-20260807-038,1
2026-08-07,20260807-014227-b7016404,PRJ-20260807-0089,Office-to-Residential Conversion - Los Angeles / California - L.A. County approves $15M for supportive housing at Metropolitan State Hospital campus,80,2026-08-07 01:42:27,art_192a7fd759fe2f66,valid,Development Activity,Market Intelligence,new_or_fresh,88,access_limited,General Project Signal - Los Angeles / California - Affordable housing with retail pitched for 2306 W. Jefferson Blvd.,General Project Signal,Mixed-Use Residential,Affordable Housing,Los Angeles / California,Los Angeles,California,Unknown,Unknown,Unknown,Unknown,Unknown,Unknown,Unknown,Los Angeles,35 apartments,,,,,,,,,,,55,Monitor,Underwriting benchmark,Affordable housing with retail pitched for 2306 W. Jefferson Blvd.,Urbanize LA,https://la.urbanize.city/post/affordable-housing-retail-pitched-2306-w-jefferson-blvd,100,DFP-44D53BBC5D,65,General Project Signal - General Project Signal - Los Angeles / California - Affordable housing with retail pitched for 2306 W. Jefferson Blvd.,General Project Signal - Unknown - Los Angeles,DCL-20260807-039,1
2026-08-07,20260807-014227-b7016404,PRJ-20260807-0157,General Project Signal - Nashville / Tennessee - McShane Construction Delivers 332-Unit Ellison Cool Springs Apartments Near Nashville,80,2026-08-07 01:42:27,art_c3f415885f2eacd1,valid,Development Activity,,new_or_fresh,100,open,General Project Signal - Nashville / Tennessee - McShane Construction Delivers 332-Unit Ellison Cool Springs Apartments Near Nashville,General Project Signal,Apartment,Apartment,Nashville / Tennessee,Tennessee,Unknown,Unknown,Unknown,Unknown,Unknown,Unknown,Unknown,Unknown,Sun Belt,,$1; $4,,,,,,,,,,54,Monitor,Underwriting benchmark,McShane Construction Delivers 332-Unit Ellison Cool Springs Apartments Near Nashville,REBusiness Online,https://rebusinessonline.com/mcshane-construction-delivers-332-unit-ellison-cool-springs-apartments-near-nashville/,96,DFP-8CDF4322AE,65,General Project Signal - General Project Signal - Nashville / Tennessee - McShane Construction Delivers 332-Unit Ellison Cool Springs Apartments Near Nashville,General Project Signal - Unknown - Sun Belt,DCL-20260807-040,1
2026-08-07,20260807-014227-b7016404,PRJ-20260807-0148,Construction Financing - Miami / Florida - Affiliated Closes Financing on Mixed-Income Fort Lauderdale Apartment Project,80,2026-08-07 01:42:27,art_c7b06e9babe83951,valid,Development Activity,GP / Capital Activity,acceptable_repeat,74,open,"Disposition / Exit - Miami / Florida - W. Palm Beach Investor Buys Condo Property, Converting to Apartment Units",Disposition / Exit,Apartment,Apartment,Miami / Florida,South Florida,Unknown,Unknown,Unknown,Unknown,Unknown,Unknown,Unknown,Unknown,Sun Belt,,$90.5 million; $90.5 million,,,,,,,,,,53,Monitor,Underwriting benchmark,"W. Palm Beach Investor Buys Condo Property, Converting to Apartment Units",Connect CRE South Florida,https://www.connectcre.com/stories/w-palm-beach-investor-buys-condo-property-converting-to-apartment-units/,78,DFP-06F4B36933,65,"Disposition / Exit - Disposition / Exit - Miami / Florida - W. Palm Beach Investor Buys Condo Property, Converting to Apartment Units",Disposition / Exit - Unknown - Sun Belt,DCL-20260807-041,1
2026-08-07,20260807-014227-b7016404,PRJ-20260807-0129,General Project Signal - Other / Unknown - Related Midwest Begins Leasing for North Tower at 635-Unit Apartment Project in Chicago,80,2026-08-07 01:42:27,art_0aeadc4e5001422f,valid,Development Activity,,new_or_fresh,88,access_limited,"Entitlement / Permitting - Other / Unknown - Preliminary Permits Filed For 110 Glenwood Avenue, Atherton",Entitlement / Permitting,Apartment,Apartment,Other / Unknown,Unknown,Unknown,Unknown,Unknown,Unknown,Unknown,Unknown,Unknown,Unknown,Other / Unknown,30 apartments,,,,,,,,,,Permits,53,Monitor,Entitlement / zoning watch,"Preliminary Permits Filed For 110 Glenwood Avenue, Atherton",SF YIMBY,https://sfyimby.com/2026/08/preliminary-permits-filed-for-110-glenwood-avenue-atherton.html,95,DFP-96EBAA0865,55,"Entitlement / Permitting - Entitlement / Permitting - Other / Unknown - Preliminary Permits Filed For 110 Glenwood Avenue, Atherton",Entitlement / Permitting - Unknown - Other / Unknown,DCL-20260807-042,1
2026-08-07,20260807-014227-b7016404,PRJ-20260807-0146,General Project Signal - Seattle - Gantry Secures $15M Construction-to-Permanent Loan for Seattle Multifamily,80,2026-08-07 01:42:27,art_5ddbfaa0bc87bdfc,valid,Development Activity,GP / Capital Activity,new_or_fresh,100,open,General Project Signal - Seattle - Gantry Secures $15M Construction-to-Permanent Loan for Seattle Multifamily,General Project Signal,Apartment,Apartment,Seattle,Seattle,Seattle,Unknown,Unknown,Unknown,Unknown,Unknown,Unknown,Unknown,Seattle,,$15M; $15M; $14.6 million,$15M,,,,,,,,,53,Monitor,Capital market signal,Gantry Secures $15M Construction-to-Permanent Loan for Seattle Multifamily,Connect CRE Apartments,https://www.connectcre.com/stories/gantry-secures-15m-construction-to-permanent-loan-for-seattle-multifamily/,93,DFP-C4FC3C4977,65,General Project Signal - General Project Signal - Seattle - Gantry Secures $15M Construction-to-Permanent Loan for Seattle Multifamily,General Project Signal - Unknown - Seattle,DCL-20260807-043,1
2026-08-07,20260807-014227-b7016404,PRJ-20260807-0044,Construction Financing - Atlanta / Georgia - Developer Duo Obtains Construction Financing for $147M Atlanta Student Housing Project,80,2026-08-07 01:42:27,art_7161a7fae26ee969,valid,Development Activity,GP / Capital Activity,repeat_penalized,5,open,Acquisition - Atlanta / Georgia - Lion Real Estate Picks Up Atlanta Apartments for $51M,Acquisition,Apartment,Apartment,Atlanta / Georgia,Atlanta,Unknown,Unknown,Unknown,Unknown,Unknown,Unknown,Unknown,Unknown,Los Angeles,,$51M; $51M; $51m,,$51M,,,,,,,,52,Monitor,Pricing benchmark,Lion Real Estate Picks Up Atlanta Apartments for $51M,Connect CRE Atlanta,https://www.connectcre.com/stories/lion-real-estate-picks-up-atlanta-apartments-for-51m/,62,DFP-C2B2A108EA,65,Acquisition - Acquisition - Atlanta / Georgia - Lion Real Estate Picks Up Atlanta Apartments for $51M,Acquisition - Unknown - Los Angeles,DCL-20260807-044,1
2026-08-07,20260807-014227-b7016404,PRJ-20260807-0044,Construction Financing - Atlanta / Georgia - Developer Duo Obtains Construction Financing for $147M Atlanta Student Housing Project,80,2026-08-07 01:42:27,art_62e68a7df923ee2e,valid,Development Activity,GP / Capital Activity,new_or_fresh,100,open,Acquisition - Atlanta / Georgia - Matt Ferrari’s PXV Multifamily makes first acquisition for $29.5M,Acquisition,Multifamily,Multifamily,Atlanta / Georgia,Atlanta,Unknown,Unknown,Unknown,Unknown,Unknown,Unknown,Unknown,Unknown,Los Angeles,,$29.5M; $29.5M; $29.5m,,$29.5M,,,,,,,,52,Monitor,Pricing benchmark,Matt Ferrari’s PXV Multifamily makes first acquisition for $29.5M,Multifamily Dive,https://www.multifamilydive.com/news/multiifamily-investment-strategy-value-add-apartments/827238/,64,DFP-BDE1A9685C,65,Acquisition - Acquisition - Atlanta / Georgia - Matt Ferrari’s PXV Multifamily makes first acquisition for $29.5M,Acquisition - Unknown - Los Angeles,DCL-20260807-045,1
2026-08-07,20260807-014227-b7016404,PRJ-20260807-0129,General Project Signal - Other / Unknown - Related Midwest Begins Leasing for North Tower at 635-Unit Apartment Project in Chicago,80,2026-08-07 01:42:27,art_f546c3d0ea3114f2,valid,Development Activity,,new_or_fresh,100,open,General Project Signal - Other / Unknown - Related Midwest Begins Leasing for North Tower at 635-Unit Apartment Project in Chicago,General Project Signal,Apartment,Apartment,Other / Unknown,Unknown,Unknown,Unknown,Unknown,related,Unknown,Unknown,related,Related Companies,Other / Unknown,520 units,,,,,,,,,,,51,Monitor,Underwriting benchmark,Related Midwest Begins Leasing for North Tower at 635-Unit Apartment Project in Chicago,REBusiness Online,https://rebusinessonline.com/related-midwest-begins-leasing-for-north-tower-at-635-unit-apartment-project-in-chicago/,93,DFP-F4C2DA580C,55,General Project Signal - General Project Signal - Other / Unknown - Related Midwest Begins Leasing for North Tower at 635-Unit Apartment Project in Chicago,General Project Signal - Unknown - Other / Unknown,DCL-20260807-046,1
2026-08-07,20260807-014227-b7016404,PRJ-20260807-0058,Acquisition - San Francisco / California - Bell Partners Adds Nearly 400 Apartment Homes in Northern California and Greater Boston,80,2026-08-07 01:42:27,art_01b23c132f2773c9,valid,Development Activity,GP / Capital Activity,acceptable_repeat,78,open,Acquisition - San Francisco / California - Bell Partners Adds Nearly 400 Apartment Homes in Northern California and Greater Boston,Acquisition,BTR / Single-Family Rental,Apartment,San Francisco / California,California,California,Unknown,Unknown,Unknown,Unknown,Unknown,Unknown,Unknown,California,,,,,,,,,,completed,,49,Monitor,Monitor only,Bell Partners Adds Nearly 400 Apartment Homes in Northern California and Greater Boston,Yield PRO,https://yieldpro.com/2026/08/reading-commons/,84,DFP-1B8CA99BD6,55,Acquisition - Acquisition - San Francisco / California - Bell Partners Adds Nearly 400 Apartment Homes in Northern California and Greater Boston,Acquisition - Unknown - California,DCL-20260807-047,1
2026-08-07,20260807-014227-b7016404,PRJ-20260807-0139,Development Start - California - Groundbreaking Ceremony to be Held Today at 700 East Saint John Street in San Jose,80,2026-08-07 01:42:27,art_e212d4b39f45acde,valid,Development Activity,,new_or_fresh,88,access_limited,Development Start - California - Groundbreaking Ceremony to be Held Today at 700 East Saint John Street in San Jose,Development Start,Affordable Housing,Affordable Housing,California,San Jose,California,Unknown,Unknown,Unknown,Unknown,Unknown,Unknown,Unknown,California,,,,,,,,,,,,47,Monitor,Pipeline / supply signal,Groundbreaking Ceremony to be Held Today at 700 East Saint John Street in San Jose,SF YIMBY,https://sfyimby.com/2026/08/groundbreaking-ceremony-to-be-held-today-at-700-east-saint-john-street-in-san-jose.html,55,DFP-3832F26518,55,Development Start - Development Start - California - Groundbreaking Ceremony to be Held Today at 700 East Saint John Street in San Jose,Development Start - Unknown - California,DCL-20260807-048,1
2026-08-07,20260807-014227-b7016404,PRJ-20260807-0155,BTR / Build-to-Rent - Tampa / Florida - Nation’s Leading Cottage-Style BTR Developer Opens Third Avilla homes Neighborhood in Grea...,80,2026-08-07 01:42:27,art_25077f65530a7087,valid,Development Activity,,acceptable_repeat,93,open,BTR / Build-to-Rent - Tampa / Florida - Nation’s Leading Cottage-Style BTR Developer Opens Third Avilla homes Neighborhood in Grea...,BTR / Build-to-Rent,BTR / Single-Family Rental,BTR / Single-Family Rental,Tampa / Florida,Tampa,Unknown,Unknown,Unknown,Unknown,Unknown,Unknown,Unknown,Unknown,Sun Belt,,,,,,,,,,,,43,Monitor,Pipeline / supply signal,Nation’s Leading Cottage-Style BTR Developer Opens Third Avilla homes Neighborhood in Greater Tampa,Yield PRO,https://yieldpro.com/2026/08/avilla-silver-palm/,78,DFP-A34F2ACA08,55,BTR / Build-to-Rent - BTR / Build-to-Rent - Tampa / Florida - Nation’s Leading Cottage-Style BTR Developer Opens Third Avilla homes Neighborhood in Grea...,BTR / Build-to-Rent - Unknown - Sun Belt,DCL-20260807-049,1
2026-08-07,20260807-014227-b7016404,PRJ-20260807-0115,Disposition / Exit - New York City / New York - Institutional Property Advisors Negotiates Suburban New York City Multifamily Asset Sale,80,2026-08-07 01:42:27,art_c727d70c255ad4d3,valid,GP / Capital Activity,Market Intelligence,new_or_fresh,100,open,Disposition / Exit - New York City / New York - Institutional Property Advisors Negotiates Suburban New York City Multifamily Asset Sale,Disposition / Exit,Apartment,Apartment,New York City / New York,New York City,Unknown,Unknown,Unknown,Unknown,Unknown,Unknown,Unknown,Unknown,New York,,,,,,,,,,,,43,Monitor,Monitor only,Institutional Property Advisors Negotiates Suburban New York City Multifamily Asset Sale,Yield PRO,https://yieldpro.com/2026/08/the-atwood/,77,DFP-631F5728FE,55,Disposition / Exit - Disposition / Exit - New York City / New York - Institutional Property Advisors Negotiates Suburban New York City Multifamily Asset Sale,Disposition / Exit - Unknown - New York,DCL-20260807-050,1
2026-08-07,20260807-014227-b7016404,PRJ-20260807-0129,General Project Signal - Other / Unknown - Related Midwest Begins Leasing for North Tower at 635-Unit Apartment Project in Chicago,80,2026-08-07 01:42:27,art_c49101dd4881b591,valid,Development Activity,Market Intelligence,repeat_penalized,5,open,Development Start - Other / Unknown - Missing Middle Weakness,Development Start,Apartment,Apartment,Other / Unknown,Unknown,Unknown,Unknown,Unknown,Unknown,Unknown,Unknown,Unknown,Unknown,Other / Unknown,,,,,,,,,,,,41,Monitor,Pipeline / supply signal,Missing Middle Weakness,NAHB Eye on Housing - Multifamily,https://eyeonhousing.org/2026/01/missing-middle-weakness/,88,DFP-2F6D8F65F6,45,Development Start - Development Start - Other / Unknown - Missing Middle Weakness,Development Start - Unknown - Other / Unknown,DCL-20260807-051,1
2026-08-07,20260807-014227-b7016404,PRJ-20260807-0129,General Project Signal - Other / Unknown - Related Midwest Begins Leasing for North Tower at 635-Unit Apartment Project in Chicago,80,2026-08-07 01:42:27,art_266f44ae4fd99ed0,low_value_promotional,Excluded,,repeat_penalized,0,open,General Project Signal - Other / Unknown - 2026 Resident Experience Management Report,General Project Signal,Multifamily,Multifamily,Other / Unknown,Unknown,Unknown,Unknown,Unknown,Unknown,Unknown,Unknown,Unknown,Unknown,Other / Unknown,250 units,$4; $4; $90,,,,,,,,,,40,Monitor,Underwriting benchmark,2026 Resident Experience Management Report,Multifamily Executive,https://www.multifamilyexecutive.com/premium/whitepaper/753766,58,DFP-1CC92B04D8,65,General Project Signal - General Project Signal - Other / Unknown - 2026 Resident Experience Management Report,General Project Signal - Unknown - Other / Unknown,DCL-20260807-052,1
2026-08-07,20260807-014227-b7016404,PRJ-20260807-0115,Disposition / Exit - New York City / New York - Institutional Property Advisors Negotiates Suburban New York City Multifamily Asset Sale,80,2026-08-07 01:42:27,art_d8e80730e6e52cb8,valid,Article Feed,,new_or_fresh,100,open,Office-to-Residential Conversion - New York City / New York - NYC expands finance pool for office-to-residential makeovers,Office-to-Residential Conversion,Office-to-Residential,Office-to-Residential Conversion,New York City / New York,New York City,Unknown,Unknown,Unknown,Unknown,Unknown,Unknown,Unknown,Unknown,New York,,,,,,,,,,,,34,Low Detail Signal,Construction strategy reference,NYC expands finance pool for office-to-residential makeovers,HousingWire,https://www.housingwire.com/articles/nyc-office-residential-financing/,52,DFP-73F47ADF90,55,Office-to-Residential Conversion - Office-to-Residential Conversion - New York City / New York - NYC expands finance pool for office-to-residential makeovers,Office-to-Residential Conversion - Unknown - New York,DCL-20260807-053,1
2026-08-07,20260807-014227-b7016404,PRJ-20260807-0129,General Project Signal - Other / Unknown - Related Midwest Begins Leasing for North Tower at 635-Unit Apartment Project in Chicago,80,2026-08-07 01:42:27,art_bbf68370d5e8064d,valid,Market Intelligence,,repeat_penalized,5,open,Development Start - Other / Unknown - First Quarter 2026 Multifamily Construction Data,Development Start,Multifamily,Multifamily,Other / Unknown,Unknown,Unknown,Unknown,Unknown,Unknown,Unknown,Unknown,Unknown,Unknown,Other / Unknown,,,,,,,,,,,,32,Low Detail Signal,Pipeline / supply signal,First Quarter 2026 Multifamily Construction Data,NAHB Eye on Housing - Multifamily,https://eyeonhousing.org/2026/05/first-quarter-2026-multifamily-construction-data/,63,DFP-53DEBBEA0C,45,Development Start - Development Start - Other / Unknown - First Quarter 2026 Multifamily Construction Data,Development Start - Unknown - Other / Unknown,DCL-20260807-054,1
2026-08-07,20260807-014227-b7016404,PRJ-20260807-0129,General Project Signal - Other / Unknown - Related Midwest Begins Leasing for North Tower at 635-Unit Apartment Project in Chicago,80,2026-08-07 01:42:27,art_695932dbcd227470,valid,Market Intelligence,,repeat_penalized,5,open,Development Start - Other / Unknown - Fourth Quarter 2025 Multifamily Construction Data,Development Start,Multifamily,Multifamily,Other / Unknown,Unknown,Unknown,Unknown,Unknown,Unknown,Unknown,Unknown,Unknown,Unknown,Other / Unknown,,,,,,,,,,,,32,Low Detail Signal,Pipeline / supply signal,Fourth Quarter 2025 Multifamily Construction Data,NAHB Eye on Housing - Multifamily,https://eyeonhousing.org/2026/03/fourth-quarter-2025-multifamily-construction-data/,63,DFP-B90543DC0D,45,Development Start - Development Start - Other / Unknown - Fourth Quarter 2025 Multifamily Construction Data,Development Start - Unknown - Other / Unknown,DCL-20260807-055,1
2026-08-07,20260807-014227-b7016404,PRJ-20260807-0129,General Project Signal - Other / Unknown - Related Midwest Begins Leasing for North Tower at 635-Unit Apartment Project in Chicago,80,2026-08-07 01:42:27,art_a18108b1d53a8afa,valid,Market Intelligence,,repeat_penalized,5,open,Development Start - Other / Unknown - Overall Housing Starts Inch Lower in 2025,Development Start,Multifamily,Multifamily,Other / Unknown,Unknown,Unknown,Unknown,Unknown,Unknown,Unknown,Unknown,Unknown,Unknown,Other / Unknown,,,,,,,,,,,,32,Low Detail Signal,Pipeline / supply signal,Overall Housing Starts Inch Lower in 2025,NAHB Eye on Housing - Multifamily,https://eyeonhousing.org/2026/02/overall-housing-starts-inch-lower-in-2025/,63,DFP-929C698B57,45,Development Start - Development Start - Other / Unknown - Overall Housing Starts Inch Lower in 2025,Development Start - Unknown - Other / Unknown,DCL-20260807-056,1
2026-08-07,20260807-014227-b7016404,PRJ-20260807-0129,General Project Signal - Other / Unknown - Related Midwest Begins Leasing for North Tower at 635-Unit Apartment Project in Chicago,80,2026-08-07 01:42:27,art_7836a522c6b8b1a5,valid,Market Intelligence,,repeat_penalized,5,open,Development Start - Other / Unknown - Third Quarter 2025 Multifamily Construction Data,Development Start,Multifamily,Multifamily,Other / Unknown,Unknown,Unknown,Unknown,Unknown,Unknown,Unknown,Unknown,Unknown,Unknown,Other / Unknown,,,,,,,,,,,,32,Low Detail Signal,Pipeline / supply signal,Third Quarter 2025 Multifamily Construction Data,NAHB Eye on Housing - Multifamily,https://eyeonhousing.org/2026/01/third-quarter-2025-multifamily-construction-data/,63,DFP-9635218EA1,45,Development Start - Development Start - Other / Unknown - Third Quarter 2025 Multifamily Construction Data,Development Start - Unknown - Other / Unknown,DCL-20260807-057,1
2026-08-07,20260807-014227-b7016404,PRJ-20260807-0129,General Project Signal - Other / Unknown - Related Midwest Begins Leasing for North Tower at 635-Unit Apartment Project in Chicago,80,2026-08-07 01:42:27,art_e7fcf1171af1b281,valid,Development Activity,,repeat_penalized,55,open,General Project Signal - Other / Unknown - Share of Apartments Built in Buildings with 50+ Units Moves Higher in 2025,General Project Signal,Apartment,Apartment,Other / Unknown,Unknown,Unknown,Unknown,Unknown,Unknown,Unknown,Unknown,Unknown,Unknown,Other / Unknown,,,,,,,,,,,,29,Low Detail Signal,Monitor only,Share of Apartments Built in Buildings with 50+ Units Moves Higher in 2025,NAHB Eye on Housing - Multifamily,https://eyeonhousing.org/2026/07/share-of-apartments-built-in-buildings-with-50-units-moves-higher-in-2025/,82,DFP-417E3A4C6C,45,General Project Signal - General Project Signal - Other / Unknown - Share of Apartments Built in Buildings with 50+ Units Moves Higher in 2025,General Project Signal - Unknown - Other / Unknown,DCL-20260807-058,1
2026-08-07,20260807-014227-b7016404,PRJ-20260807-0129,General Project Signal - Other / Unknown - Related Midwest Begins Leasing for North Tower at 635-Unit Apartment Project in Chicago,80,2026-08-07 01:42:27,art_04cbffa23673da57,valid,Market Intelligence,,repeat_penalized,5,open,General Project Signal - Other / Unknown - Multifamily Absorption Rate Remains Below 50%,General Project Signal,Apartment,Apartment,Other / Unknown,Unknown,Unknown,Unknown,Unknown,Unknown,Unknown,Unknown,Unknown,Unknown,Other / Unknown,,,,,,,,,,completed,,27,Low Detail Signal,Monitor only,Multifamily Absorption Rate Remains Below 50%,NAHB Eye on Housing - Multifamily,https://eyeonhousing.org/2026/03/multifamily-absorption-rate-remains-below-50/,78,DFP-AE0C2C64AA,45,General Project Signal - General Project Signal - Other / Unknown - Multifamily Absorption Rate Remains Below 50%,General Project Signal - Unknown - Other / Unknown,DCL-20260807-059,1
2026-08-07,20260807-014227-b7016404,PRJ-20260807-0129,General Project Signal - Other / Unknown - Related Midwest Begins Leasing for North Tower at 635-Unit Apartment Project in Chicago,80,2026-08-07 01:42:27,art_d4039cdfbf50dd7d,valid,Market Intelligence,,repeat_penalized,5,open,Disposition / Exit - Other / Unknown - NAHB HBGI: Micro Markets Lone Bright Spot for Single-Family Building in Fourth Quarter,Disposition / Exit,Multifamily,Multifamily,Other / Unknown,Unknown,Unknown,Unknown,Unknown,Unknown,Unknown,Unknown,Unknown,Unknown,Other / Unknown,,,,,,,,,,,,26,Low Detail Signal,Monitor only,NAHB HBGI: Micro Markets Lone Bright Spot for Single-Family Building in Fourth Quarter,NAHB Eye on Housing - Multifamily,https://eyeonhousing.org/2026/03/nahb-hbgi-micro-markets-lone-bright-spot-for-single-family-building-in-fourth-quarter/,57,DFP-1563B53CA0,45,Disposition / Exit - Disposition / Exit - Other / Unknown - NAHB HBGI: Micro Markets Lone Bright Spot for Single-Family Building in Fourth Quarter,Disposition / Exit - Unknown - Other / Unknown,DCL-20260807-060,1
2026-08-07,20260807-014227-b7016404,PRJ-20260807-0108,Disposition / Exit - National - The NRP Group Breaks Ground on 336-Unit Multifamily in Ohio,80,2026-08-07 01:42:27,art_b19eaba5e4934740,valid,Development Activity,,new_or_fresh,100,open,Disposition / Exit - National - The NRP Group Breaks Ground on 336-Unit Multifamily in Ohio,Disposition / Exit,Multifamily,Multifamily,National,National,Unknown,Unknown,Unknown,Unknown,Unknown,Unknown,Unknown,Unknown,National,,,,,,,,,,,,26,Low Detail Signal,Monitor only,The NRP Group Breaks Ground on 336-Unit Multifamily in Ohio,Connect CRE,https://www.connectcre.com/stories/the-nrp-group-breaks-ground-on-336-unit-multifamily-in-ohio/,58,DFP-C675451531,55,Disposition / Exit - Disposition / Exit - National - The NRP Group Breaks Ground on 336-Unit Multifamily in Ohio,Disposition / Exit - Unknown - National,DCL-20260807-061,1
