run_date,run_id,la_asset_watch_id,asset_or_project_name,address_or_location_clue,la_submarket,gp_or_developer,residential_sector,entitlement_status,construction_status,asset_strategy_signal,site_control_signal,execution_stage,la_asset_opportunity_score,la_asset_risk_score,woomi_site_relevance,potential_woomi_strategy_angle,recommended_local_follow_up,source_article_title,url,confidence_level
2026-08-05,20260805-000421-5412da82,LAA-20260805-010,Entitlement / Permitting - California - Construction goes vertical for affordable housing at 1540 Court St. in Echo Park,1540 Court St,Los Angeles,Unknown,Affordable Housing,Unknown,Unknown,Affordable / Density Bonus Strategy,Project under entitlement,Unknown,100,40,High relevance to Woomi site strategy,Benchmark density bonus use,"Review parcel clue, entitlement path, sponsor, and comparable sites",Construction goes vertical for affordable housing at 1540 Court St. in Echo Park,https://la.urbanize.city/post/construction-goes-vertical-affordable-housing-1540-court-st-echo-park,High
2026-08-05,20260805-000421-5412da82,LAA-20260805-011,General Project Signal - California - Afforable housing slated for property at 1850 Atlantic Ave. in Long Beach,1850 Atlantic Ave,Los Angeles,Unknown,Affordable Housing,Unknown,Unknown,General Asset Signal,Unknown site control,Unknown,100,40,High relevance to Woomi site strategy,Monitor only,"Review parcel clue, entitlement path, sponsor, and comparable sites",Afforable housing slated for property at 1850 Atlantic Ave. in Long Beach,https://la.urbanize.city/post/afforable-housing-slated-property-1850-atlantic-ave-long-beach,High
2026-08-05,20260805-000421-5412da82,LAA-20260805-012,Entitlement / Permitting - Los Angeles / California - 65 apartments underway at 1919 Wilcox Ave. in Hollywood,1919 Wilcox Ave,Los Angeles,Unknown,Affordable Housing,Unknown,Unknown,Entitlement Play,Project under entitlement,Unknown,100,34,High relevance to Woomi site strategy,Monitor entitlement path,"Track entitlement docket, density bonus use, and affordability requirement",65 apartments underway at 1919 Wilcox Ave. in Hollywood,https://la.urbanize.city/post/65-apartments-underway-1919-wilcox-ave-hollywood,High
2026-08-05,20260805-000421-5412da82,LAA-20260805-013,Entitlement / Permitting - Los Angeles / California - Jamison pivots to affordable housing at 975 S. Manhattan Pl. in Koreatown,975 S. Manhattan Pl,Los Angeles,Unknown,Affordable Housing,Unknown,Unknown,Affordable / Density Bonus Strategy,Project under entitlement,Unknown,100,34,High relevance to Woomi site strategy,Benchmark density bonus use,"Track entitlement docket, density bonus use, and affordability requirement",Jamison pivots to affordable housing at 975 S. Manhattan Pl. in Koreatown,https://la.urbanize.city/post/jamison-pivots-affordable-housing-975-s-manhattan-pl-koreatown,High
2026-08-05,20260805-000421-5412da82,LAA-20260805-001,Acquisition - California - Marcus & Millichap Finalizes Deal in Sacramento’s Greenhaven Neighborhood,California,Los Angeles,Marcus & Millichap,Apartment,Unknown,Unknown,General Asset Signal,Existing asset sale,Unknown,100,32,High relevance to Woomi site strategy,Track local sponsor activity,"Review parcel clue, entitlement path, sponsor, and comparable sites",Marcus & Millichap Finalizes Deal in Sacramento’s Greenhaven Neighborhood,https://www.connectcre.com/stories/marcus-millichap-finalizes-deal-in-sacramentos-greenhaven-neighborhood/,Medium
2026-08-05,20260805-000421-5412da82,LAA-20260805-002,Acquisition - Los Angeles / California - Marcus & Millichap Arranges $12.5M Sale of Affordable Seniors Housing Community in Souther...,Los Angeles,Los Angeles,Marcus & Millichap,Affordable Housing,Unknown,Unknown,Affordable / Density Bonus Strategy,Existing asset sale,Unknown,100,26,High relevance to Woomi site strategy,Benchmark density bonus use,"Track entitlement docket, density bonus use, and affordability requirement",Marcus & Millichap Arranges $12.5M Sale of Affordable Seniors Housing Community in Southern California,https://rebusinessonline.com/marcus-millichap-arranges-12-5m-sale-of-affordable-seniors-housing-community-in-southern-california/,High
2026-08-05,20260805-000421-5412da82,LAA-20260805-008,Disposition / Exit - Riverside / California - IPA Team Closes Sale of Pomona Multifamily,Inland Empire,Los Angeles,IPA,Apartment,Unknown,Unknown,General Asset Signal,Existing asset sale,Unknown,100,26,High relevance to Woomi site strategy,Track local sponsor activity,Monitor asset for repeated local confirmation,IPA Team Closes Sale of Pomona Multifamily,https://www.connectcre.com/stories/ipa-team-closes-sale-of-pomona-multifamily/,Medium
2026-08-05,20260805-000421-5412da82,LAA-20260805-004,Entitlement / Permitting - Dallas / Texas - Blackstone Affiliate Proposing 252 Affordable Denton Housing Units,Dallas,Los Angeles,Blackstone,Affordable Housing,Unknown,Unknown,Affordable / Density Bonus Strategy,Project under entitlement,Unknown,100,26,High relevance to Woomi site strategy,Benchmark density bonus use,"Track entitlement docket, density bonus use, and affordability requirement",Blackstone Affiliate Proposing 252 Affordable Denton Housing Units,https://www.connectcre.com/stories/blackstone-affiliate-proposing-252-affordable-denton-housing-units/,High
2026-08-05,20260805-000421-5412da82,LAA-20260805-009,General Project Signal - Santa Monica / California - New look for 353-unit development at 1633 26th St. in Santa Monica,Santa Monica,Los Angeles,Mill Creek Residential,Affordable Housing,Unknown,Unknown,General Asset Signal,Unknown site control,Unknown,100,26,High relevance to Woomi site strategy,Track local sponsor activity,Monitor asset for repeated local confirmation,New look for 353-unit development at 1633 26th St. in Santa Monica,https://la.urbanize.city/post/new-look-353-unit-development-1633-26th-st-santa-monica,High
2026-08-05,20260805-000421-5412da82,LAA-20260805-003,Acquisition - California - Marcus & Millichap Brokers $9.75M Sale and $7.3M Financing of 73-Unit Multifamily Property...,California,Los Angeles,Marcus & Millichap,Apartment,Unknown,Unknown,General Asset Signal,Land / parcel referenced,Site Search / Early Signal,100,24,High relevance to Woomi site strategy,Track site control precedent,"Review parcel clue, entitlement path, sponsor, and comparable sites",Marcus & Millichap Brokers $9.75M Sale and $7.3M Financing of 73-Unit Multifamily Property in Oakland California,https://yieldpro.com/2026/08/garden-villas-apartments/,Medium
2026-08-05,20260805-000421-5412da82,LAA-20260805-005,Acquisition - Los Angeles / California - Van Nuys Apartments Trade for First Time Since Delivery,Los Angeles,Los Angeles,Marcus & Millichap,Apartment,Unknown,Unknown,Lease-Up / Delivery,Existing asset sale,Delivered / Lease-Up,100,18,High relevance to Woomi site strategy,Track local sponsor activity,Monitor asset for repeated local confirmation,Van Nuys Apartments Trade for First Time Since Delivery,https://www.connectcre.com/stories/van-nuys-apartments-trade-for-first-time-since-delivery/,Medium
2026-08-05,20260805-000421-5412da82,LAA-20260805-006,Acquisition - Riverside / California - IPA Brokers 138-Unit Apartment Complex in California’s Inland Empire for $36.7M,Inland Empire,Los Angeles,IPA,Apartment,Unknown,Unknown,General Asset Signal,Land / parcel referenced,Site Search / Early Signal,100,18,High relevance to Woomi site strategy,Track site control precedent,Monitor asset for repeated local confirmation,IPA Brokers 138-Unit Apartment Complex in California’s Inland Empire for $36.7M,https://rebusinessonline.com/ipa-brokers-138-unit-apartment-complex-in-californias-inland-empire-for-36-7m/,High
2026-08-05,20260805-000421-5412da82,LAA-20260805-007,BTR / Build-to-Rent - Miami / Florida - Berkadia Arranges $19.1M Financing for Miami Based Investors Acquisition of Build-to-Rent...,Miami,Los Angeles,Berkadia,BTR / Single-Family Rental,Unknown,Unknown,General Asset Signal,Land / parcel referenced,Site Search / Early Signal,100,18,High relevance to Woomi site strategy,Track site control precedent,Monitor asset for repeated local confirmation,Berkadia Arranges $19.1M Financing for Miami Based Investors Acquisition of Build-to-Rent Community in Greater Orlando,https://yieldpro.com/2026/08/ibis-park-at-harmony-west/,Medium
2026-08-05,20260805-000421-5412da82,LAA-20260805-020,Construction Financing - Atlanta / Georgia - Capital City Real Estate Closes Construction Financing for 318-Unit Spivey Grove Multifami...,Atlanta,Los Angeles,Unknown,Multifamily,Unknown,Unknown,Affordable / Density Bonus Strategy,Unknown site control,Unknown,99,54,High relevance to Woomi site strategy,Benchmark density bonus use,"Track entitlement docket, density bonus use, and affordability requirement",Capital City Real Estate Closes Construction Financing for 318-Unit Spivey Grove Multifamily Community in Stockbridge Georgia,https://yieldpro.com/2026/08/spivey-grove/,Low
2026-08-05,20260805-000421-5412da82,LAA-20260805-014,Disposition / Exit - California - Costa Mesa Multifamily Changes Hands for Value-Add Repositioning,California,Los Angeles,Marcus & Millichap,Apartment,Unknown,Unknown,General Asset Signal,Existing asset sale,Unknown,99,29,High relevance to Woomi site strategy,Track local sponsor activity,"Review parcel clue, entitlement path, sponsor, and comparable sites",Costa Mesa Multifamily Changes Hands for Value-Add Repositioning,https://www.connectcre.com/stories/costa-mesa-multifamily-changes-hands-for-value-add-repositioning/,Medium
2026-08-05,20260805-000421-5412da82,LAA-20260805-024,Entitlement / Permitting - Other / Unknown - New Permits Filed for Apartments at 5139 MacArthur Boulevard in Oakland,5139 MacArthur Boulevard,Los Angeles,Unknown,Apartment,Unknown,Unknown,Entitlement Play,Land / parcel referenced,Site Search / Early Signal,97,24,High relevance to Woomi site strategy,Track site control precedent,"Track entitlement docket, density bonus use, and affordability requirement",New Permits Filed for Apartments at 5139 MacArthur Boulevard in Oakland,https://sfyimby.com/2026/07/permits-filed-for-apartments-at-5139-macarthur-boulevard-in-oakland.html,Medium
2026-08-05,20260805-000421-5412da82,LAA-20260805-025,General Project Signal - Atlanta / Georgia - Atlanta Beltline Advancing 218-Unit Affordable Apartment Project,Atlanta,Los Angeles,Unknown,Apartment,Unknown,Unknown,Affordable / Density Bonus Strategy,Unknown site control,Unknown,96,32,High relevance to Woomi site strategy,Benchmark density bonus use,"Track entitlement docket, density bonus use, and affordability requirement",Atlanta Beltline Advancing 218-Unit Affordable Apartment Project,https://www.connectcre.com/stories/atlanta-beltline-advancing-218-unit-affordable-apartment-project/,Medium
2026-08-05,20260805-000421-5412da82,LAA-20260805-015,Acquisition - Atlanta / Georgia - Walton Communities Offloads Two Atlanta Rental Properties,Atlanta,Los Angeles,JLL,Affordable Housing,Unknown,Unknown,General Asset Signal,Existing asset sale,Unknown,96,26,High relevance to Woomi site strategy,Track local sponsor activity,Monitor asset for repeated local confirmation,Walton Communities Offloads Two Atlanta Rental Properties,https://www.connectcre.com/stories/walton-lakes-offloads-two-atlanta-rental-properties/,Medium
2026-08-05,20260805-000421-5412da82,LAA-20260805-026,Entitlement / Permitting - Los Angeles / California - Small lot homes with ADUs pitched for 18220 Superior St. in Northridge,18220 Superior St,Los Angeles,Unknown,Student Housing,Unknown,Unknown,Entitlement Play,Project under entitlement,Unknown,95,34,High relevance to Woomi site strategy,Monitor entitlement path,"Track entitlement docket, density bonus use, and affordability requirement",Small lot homes with ADUs pitched for 18220 Superior St. in Northridge,https://la.urbanize.city/post/small-lot-homes-adus-pitched-18220-superior-st-northridge,Medium
2026-08-05,20260805-000421-5412da82,LAA-20260805-016,Marcus & Millichap Finalizes Deal in Sacramento’s Greenhaven Neighborhood,915 Johnfer Way,Los Angeles,Marcus & Millichap,Apartment,Unknown,Unknown,General Asset Signal,Existing asset sale,Unknown,91,32,High relevance to Woomi site strategy,Track local sponsor activity,"Review parcel clue, entitlement path, sponsor, and comparable sites",Marcus & Millichap Finalizes Deal in Sacramento’s Greenhaven Neighborhood,https://www.connectcre.com/stories/marcus-millichap-finalizes-deal-in-sacramentos-greenhaven-neighborhood/,High
2026-08-05,20260805-000421-5412da82,LAA-20260805-017,Van Nuys Apartments Trade for First Time Since Delivery,7203 Rubio Ave,Los Angeles,Marcus & Millichap,Apartment,Unknown,Unknown,Lease-Up / Delivery,Existing asset sale,Delivered / Lease-Up,91,18,High relevance to Woomi site strategy,Track local sponsor activity,Monitor asset for repeated local confirmation,Van Nuys Apartments Trade for First Time Since Delivery,https://www.connectcre.com/stories/van-nuys-apartments-trade-for-first-time-since-delivery/,High
2026-08-05,20260805-000421-5412da82,LAA-20260805-033,Construction goes vertical for affordable housing at 1540 Court St. in Echo Park,1540 Court St,Los Angeles,,Affordable Housing,Unknown,Unknown,Affordable / Density Bonus Strategy,Unknown site control,Unknown,90,32,High relevance to Woomi site strategy,Benchmark density bonus use,"Review parcel clue, entitlement path, sponsor, and comparable sites",Construction goes vertical for affordable housing at 1540 Court St. in Echo Park,https://la.urbanize.city/post/construction-goes-vertical-affordable-housing-1540-court-st-echo-park,Medium
2026-08-05,20260805-000421-5412da82,LAA-20260805-038,"Plans Approved For 230 Anza Street, San Francisco",230 Anza Street,Los Angeles,,Apartment,Under planning review,Unknown,Entitlement Play,Land / parcel referenced,Entitlement / Planning,90,30,High relevance to Woomi site strategy,Track site control precedent,"Track entitlement docket, density bonus use, and affordability requirement","Plans Approved For 230 Anza Street, San Francisco",https://sfyimby.com/2026/08/plans-approved-for-230-anza-street-san-francisco.html,Medium
2026-08-05,20260805-000421-5412da82,LAA-20260805-034,"Entitlement / Permitting - San Francisco / California - Plans Approved For 230 Anza Street, San Francisco",230 Anza Street,Los Angeles,Unknown,Apartment,Unknown,Unknown,Entitlement Play,Project under entitlement,Unknown,90,28,High relevance to Woomi site strategy,Monitor entitlement path,"Track entitlement docket, density bonus use, and affordability requirement","Plans Approved For 230 Anza Street, San Francisco",https://sfyimby.com/2026/08/plans-approved-for-230-anza-street-san-francisco.html,Medium
2026-08-05,20260805-000421-5412da82,LAA-20260805-036,Jamison pivots to affordable housing at 975 S. Manhattan Pl. in Koreatown,975 S. Manhattan Pl,Los Angeles,,Affordable Housing,Unknown,Unknown,Affordable / Density Bonus Strategy,Unknown site control,Unknown,90,26,High relevance to Woomi site strategy,Benchmark density bonus use,"Track entitlement docket, density bonus use, and affordability requirement",Jamison pivots to affordable housing at 975 S. Manhattan Pl. in Koreatown,https://la.urbanize.city/post/jamison-pivots-affordable-housing-975-s-manhattan-pl-koreatown,Medium
2026-08-05,20260805-000421-5412da82,LAA-20260805-037,Afforable housing slated for property at 1850 Atlantic Ave. in Long Beach,1850 Atlantic Ave,Los Angeles,,Affordable Housing,Unknown,Unknown,Affordable / Density Bonus Strategy,Land / parcel referenced,Site Search / Early Signal,90,24,High relevance to Woomi site strategy,Track site control precedent,"Review parcel clue, entitlement path, sponsor, and comparable sites",Afforable housing slated for property at 1850 Atlantic Ave. in Long Beach,https://la.urbanize.city/post/afforable-housing-slated-property-1850-atlantic-ave-long-beach,Medium
2026-08-05,20260805-000421-5412da82,LAA-20260805-018,Construction Financing - Dallas / Texas - Concord Summit Capital Arranges $50M Construction Loan for 268-Unit Multifamily Project in...,Fort Worth,Los Angeles,Unknown,Apartment,Unknown,Unknown,Refinancing / Recapitalization,Unknown site control,Unknown,89,55,High relevance to Woomi site strategy,Review acquisition comparables,"Track lender, maturity, owner, and recapitalization path",Concord Summit Capital Arranges $50M Construction Loan for 268-Unit Multifamily Project in Fort Worth Texas,https://yieldpro.com/2026/08/vic-centre-apartments/,Low
2026-08-05,20260805-000421-5412da82,LAA-20260805-019,Construction Financing - Miami / Florida - Affiliated Closes Financing on Mixed-Income Fort Lauderdale Apartment Project,South Florida,Los Angeles,Unknown,Affordable Housing,Unknown,Unknown,General Asset Signal,Unknown site control,Unknown,89,55,High relevance to Woomi site strategy,Monitor only,Monitor asset for repeated local confirmation,Affiliated Closes Financing on Mixed-Income Fort Lauderdale Apartment Project,https://www.connectcre.com/stories/affiliated-closes-financing-on-mixed-income-fort-lauderdale-apartment-venture/,Medium
2026-08-05,20260805-000421-5412da82,LAA-20260805-021,Office-to-Residential Conversion - California - Former Microsoft Campus Near Costco HQ Targeted for Housing Conversion,Seattle,Los Angeles,Unknown,Apartment,Unknown,Unknown,Office-to-Residential Conversion,Unknown site control,Unknown,88,49,High relevance to Woomi site strategy,Monitor office conversion feasibility,"Review parcel clue, entitlement path, sponsor, and comparable sites",Former Microsoft Campus Near Costco HQ Targeted for Housing Conversion,https://www.connectcre.com/stories/former-microsoft-campus-near-costco-hq-targeted-for-housing-conversion/,Medium
2026-08-05,20260805-000421-5412da82,LAA-20260805-022,General Project Signal - San Francisco / California - JPMorganChase Commits $200M to Housing in San Francisco,California,Los Angeles,Unknown,Apartment,Unknown,Unknown,General Asset Signal,Unknown site control,Unknown,88,33,High relevance to Woomi site strategy,Monitor only,Monitor asset for repeated local confirmation,JPMorganChase Commits $200M to Housing in San Francisco,https://www.connectcre.com/stories/jpmorganchase-commits-200m-to-housing-in-san-francisco/,Low
2026-08-05,20260805-000421-5412da82,LAA-20260805-023,Acquisition - Washington DC - Clarion Partners Acquires Rohnert Park Senior Living Property,California,Los Angeles,CBRE,Senior Housing,Unknown,Unknown,General Asset Signal,Existing asset sale,Unknown,88,24,High relevance to Woomi site strategy,Track local sponsor activity,Monitor asset for repeated local confirmation,Clarion Partners Acquires Rohnert Park Senior Living Property,https://www.connectcre.com/stories/clarion-partners-acquires-rohnert-park-senior-living-property/,Medium
2026-08-05,20260805-000421-5412da82,LAA-20260805-042,Atlanta Beltline Advancing 218-Unit Affordable Apartment Project,350 Chappell Road,Los Angeles,,Apartment,Unknown,Unknown,Affordable / Density Bonus Strategy,Unknown site control,Unknown,87,24,High relevance to Woomi site strategy,Benchmark density bonus use,"Track entitlement docket, density bonus use, and affordability requirement",Atlanta Beltline Advancing 218-Unit Affordable Apartment Project,https://www.connectcre.com/stories/atlanta-beltline-advancing-218-unit-affordable-apartment-project/,Medium
2026-08-05,20260805-000421-5412da82,LAA-20260805-027,JV / Partnership - Los Angeles / California - Supportive housing tops out at 501 E. 5th Street in DTLA,Los Angeles / California,Los Angeles,Unknown,Affordable Housing,Unknown,Unknown,General Asset Signal,Unknown site control,Unknown,85,32,High relevance to Woomi site strategy,Monitor only,Monitor asset for repeated local confirmation,Supportive housing tops out at 501 E. 5th Street in DTLA,https://la.urbanize.city/post/supportive-housing-tops-out-501-e-5th-street-dtla,Medium
2026-08-05,20260805-000421-5412da82,LAA-20260805-045,Small lot homes with ADUs pitched for 18220 Superior St. in Northridge,18220 Superior St,Los Angeles,,Student Housing,Unknown,Unknown,Entitlement Play,Land / parcel referenced,Site Search / Early Signal,85,18,High relevance to Woomi site strategy,Track site control precedent,"Track entitlement docket, density bonus use, and affordability requirement",Small lot homes with ADUs pitched for 18220 Superior St. in Northridge,https://la.urbanize.city/post/small-lot-homes-adus-pitched-18220-superior-st-northridge,Medium
2026-08-05,20260805-000421-5412da82,LAA-20260805-028,Refinancing - Miami / Florida - Stewards Inks $79M Refi of Hollywood Rental Asset,South Florida,Los Angeles,Unknown,Apartment,Unknown,Completed / opened,Refinancing / Recapitalization,Existing asset refinance,Delivered / Lease-Up,84,43,High relevance to Woomi site strategy,Review acquisition comparables,"Track lender, maturity, owner, and recapitalization path",Stewards Inks $79M Refi of Hollywood Rental Asset,https://www.connectcre.com/stories/stewards-inks-79m-refi-of-hollywood-rental-asset/,Low
2026-08-05,20260805-000421-5412da82,LAA-20260805-029,Development Start - Dallas / Texas - OHT Breaks Ground on 360-Unit Houston Rental Community,Dallas,Los Angeles,Unknown,Apartment,Unknown,Construction started,Development Start,Unknown site control,Under Construction,83,22,High relevance to Woomi site strategy,Monitor only,Monitor asset for repeated local confirmation,OHT Breaks Ground on 360-Unit Houston Rental Community,https://www.connectcre.com/stories/oht-breaks-ground-on-360-unit-houston-rental-community/,Low
2026-08-05,20260805-000421-5412da82,LAA-20260805-030,OHT Breaks Ground on 360-Unit Houston Rental Community,14192 Park Row Blvd,Los Angeles,,Apartment,Unknown,Construction started,Development Start,Unknown site control,Under Construction,83,14,High relevance to Woomi site strategy,Track local sponsor activity,Monitor asset for repeated local confirmation,OHT Breaks Ground on 360-Unit Houston Rental Community,https://www.connectcre.com/stories/oht-breaks-ground-on-360-unit-houston-rental-community/,Medium
2026-08-05,20260805-000421-5412da82,LAA-20260805-031,JV / Partnership - Atlanta / Georgia - Mesirow Pays $132M for Midtown Atlanta Apartment Community,Atlanta,Los Angeles,Unknown,Apartment,Unknown,Unknown,General Asset Signal,Unknown site control,Unknown,82,30,High relevance to Woomi site strategy,Monitor only,Monitor asset for repeated local confirmation,Mesirow Pays $132M for Midtown Atlanta Apartment Community,https://www.connectcre.com/stories/mesirow-pays-132m-for-midtown-atlanta-apartment-community/,Low
2026-08-05,20260805-000421-5412da82,LAA-20260805-032,Construction Financing - Atlanta / Georgia - Developer Duo Obtains Construction Financing for $147M Atlanta Student Housing Project,Atlanta,Los Angeles,Unknown,Student Housing,Unknown,Unknown,General Asset Signal,Unknown site control,Unknown,80,51,High relevance to Woomi site strategy,Monitor only,Monitor asset for repeated local confirmation,Developer Duo Obtains Construction Financing for $147M Atlanta Student Housing Project,https://www.connectcre.com/stories/developer-duo-obtain-construction-financing-for-147m-spelman-morehouse-student-housing/,Low
2026-08-05,20260805-000421-5412da82,LAA-20260805-035,65 apartments underway at 1919 Wilcox Ave. in Hollywood,1919 Wilcox Ave,Los Angeles,,Affordable Housing,Unknown,Unknown,General Asset Signal,Unknown site control,Unknown,80,26,High relevance to Woomi site strategy,Track local sponsor activity,Monitor asset for repeated local confirmation,65 apartments underway at 1919 Wilcox Ave. in Hollywood,https://la.urbanize.city/post/65-apartments-underway-1919-wilcox-ave-hollywood,Medium
2026-08-05,20260805-000421-5412da82,LAA-20260805-039,Office-to-Residential Conversion - Riverside / California - NBC Tower Owner Mulls Conversion: The Chicago Deal Sheet,Riverside,Los Angeles,Unknown,Apartment,Unknown,Unknown,Office-to-Residential Conversion,Unknown site control,Unknown,79,43,High relevance to Woomi site strategy,Monitor office conversion feasibility,Monitor asset for repeated local confirmation,NBC Tower Owner Mulls Conversion: The Chicago Deal Sheet,https://www.bisnow.com/news/chicago/deal-sheet/the-chicago-deal-sheet-august-4-2026,Low
2026-08-05,20260805-000421-5412da82,LAA-20260805-040,JV / Partnership - Atlanta / Georgia - JV Building 382 Apartment Units in Charlotte’s Innovation District,Atlanta,Los Angeles,Unknown,Mixed-Use Residential,Unknown,Completed / opened,Lease-Up / Delivery,Unknown site control,Delivered / Lease-Up,79,25,High relevance to Woomi site strategy,Monitor only,Monitor asset for repeated local confirmation,JV Building 382 Apartment Units in Charlotte’s Innovation District,https://www.connectcre.com/stories/jv-building-382-apartment-units-in-charlottes-innovation-district/,Low
2026-08-05,20260805-000421-5412da82,LAA-20260805-041,"Acquisition - Los Angeles / California - Hayden Tract housing, Future of the Vincent Thomas Bridge, and more",Los Angeles,Los Angeles,Unknown,Mixed-Use Residential,Unknown,Unknown,General Asset Signal,Existing asset sale,Unknown,77,27,High relevance to Woomi site strategy,Monitor only,Monitor asset for repeated local confirmation,"Hayden Tract housing, Future of the Vincent Thomas Bridge, and more",https://la.urbanize.city/post/hayden-tract-housing-future-vincent-thomas-bridge-and-more,Low
2026-08-05,20260805-000421-5412da82,LAA-20260805-043,New Permits Filed for Apartments at 5139 MacArthur Boulevard in Oakland,5139 MacArthur Boulevard,Los Angeles,,Apartment,Unknown,Unknown,General Asset Signal,Land / parcel referenced,Site Search / Early Signal,77,16,High relevance to Woomi site strategy,Track site control precedent,Monitor asset for repeated local confirmation,New Permits Filed for Apartments at 5139 MacArthur Boulevard in Oakland,https://sfyimby.com/2026/07/permits-filed-for-apartments-at-5139-macarthur-boulevard-in-oakland.html,Medium
2026-08-05,20260805-000421-5412da82,LAA-20260805-051,"Preliminary Plans For 606 South Delaware Street, San Mateo",606 South Delaware Street,Los Angeles,,Apartment,Unknown,Unknown,Entitlement Play,Land / parcel referenced,Site Search / Early Signal,76,10,High relevance to Woomi site strategy,Track site control precedent,"Track entitlement docket, density bonus use, and affordability requirement","Preliminary Plans For 606 South Delaware Street, San Mateo",https://sfyimby.com/2026/08/preliminary-plans-for-606-south-delaware-street-san-mateo.html,Medium
2026-08-05,20260805-000421-5412da82,LAA-20260805-044,Costa Mesa Multifamily Changes Hands for Value-Add Repositioning,1990 Maple Ave,Los Angeles,,Apartment,Unknown,Unknown,General Asset Signal,Existing asset sale,Unknown,75,29,High relevance to Woomi site strategy,Track local sponsor activity,"Review parcel clue, entitlement path, sponsor, and comparable sites",Costa Mesa Multifamily Changes Hands for Value-Add Repositioning,https://www.connectcre.com/stories/costa-mesa-multifamily-changes-hands-for-value-add-repositioning/,Medium
2026-08-05,20260805-000421-5412da82,LAA-20260805-046,Acquisition - California - Locally Based Investors Acquire Encinitas Offices from Family Trust,California,Los Angeles,Unknown,General Residential,Unknown,Unknown,General Asset Signal,Existing asset sale,Unknown,74,34,High relevance to Woomi site strategy,Monitor only,"Review parcel clue, entitlement path, sponsor, and comparable sites",Locally Based Investors Acquire Encinitas Offices from Family Trust,https://www.connectcre.com/stories/locally-based-investors-acquire-encinitas-offices-from-family-trust/,Low
2026-08-05,20260805-000421-5412da82,LAA-20260805-047,Acquisition - Los Angeles / California - Paladin Expands SoCal Workforce Portfolio with Bellflower Acquisition,Los Angeles,Los Angeles,Unknown,Workforce Housing,Unknown,Unknown,General Asset Signal,Existing asset sale,Unknown,73,33,High relevance to Woomi site strategy,Monitor only,Monitor asset for repeated local confirmation,Paladin Expands SoCal Workforce Portfolio with Bellflower Acquisition,https://www.connectcre.com/stories/paladin-expands-socal-workforce-portfolio-with-bellflower-acquisition/,Low
2026-08-05,20260805-000421-5412da82,LAA-20260805-048,Office-to-Residential Conversion - Other / Unknown - Keystone Completes Office-to-Residential Conversion Project in Philadelphia,Unknown,Los Angeles,Unknown,Office-to-Residential Conversion,Unknown,Completed / opened,Office-to-Residential Conversion,Unknown site control,Delivered / Lease-Up,73,32,High relevance to Woomi site strategy,Monitor office conversion feasibility,Monitor asset for repeated local confirmation,Keystone Completes Office-to-Residential Conversion Project in Philadelphia,https://rebusinessonline.com/keystone-completes-office-to-residential-conversion-project-in-philadelphia/,Low
2026-08-05,20260805-000421-5412da82,LAA-20260805-049,Related Midwest Begins Leasing for Downtown Chicago Residential Tower,400 Lake Shore Drive,Los Angeles,,Apartment,Unknown,Unknown,General Asset Signal,Unknown site control,Unknown,72,21,High relevance to Woomi site strategy,Track local sponsor activity,Monitor asset for repeated local confirmation,Related Midwest Begins Leasing for Downtown Chicago Residential Tower,https://www.connectcre.com/stories/related-midwest-begins-leasing-for-downtown-chicago-residential-tower/,Medium
2026-08-05,20260805-000421-5412da82,LAA-20260805-050,Disposition / Exit - Los Angeles / California - Co-Living Complex Near UCLA Will Become Student Housing,Los Angeles,Los Angeles,Unknown,Student Housing,Unknown,Completed / opened,Lease-Up / Delivery,Existing asset sale,Delivered / Lease-Up,70,24,High relevance to Woomi site strategy,Monitor only,Monitor asset for repeated local confirmation,Co-Living Complex Near UCLA Will Become Student Housing,https://www.connectcre.com/stories/co-living-complex-near-ucla-will-become-student-housing/,Low
2026-08-05,20260805-000421-5412da82,LAA-20260805-052,Mixed-Use Upper West Side Building Sells to Terra Developers for $28M,500 Columbus Avenue,Los Angeles,Unknown,Mixed-Use Residential,Unknown,Unknown,General Asset Signal,Existing asset sale,Unknown,65,25,Relevant to LA site monitoring,Monitor only,Monitor asset for repeated local confirmation,Mixed-Use Upper West Side Building Sells to Terra Developers for $28M,https://commercialobserver.com/2026/08/sale-500-columbus-avenue-terra-developers/,Medium
2026-08-05,20260805-000421-5412da82,LAA-20260805-053,Locally Based Investors Acquire Encinitas Offices from Family Trust,169 Saxony Rd,Los Angeles,Family Trust,General Residential,Unknown,Unknown,General Asset Signal,Unknown site control,Unknown,61,23,Relevant to LA site monitoring,Track local sponsor activity,Monitor asset for repeated local confirmation,Locally Based Investors Acquire Encinitas Offices from Family Trust,https://www.connectcre.com/stories/locally-based-investors-acquire-encinitas-offices-from-family-trust/,Medium
2026-08-05,20260805-000421-5412da82,LAA-20260805-054,Hines Reveals Plans for SouthPark Mixed-Use Venture,Atlanta,Los Angeles,,Mixed-Use Residential,Unknown,Unknown,General Asset Signal,Unknown site control,Unknown,53,22,Relevant to LA site monitoring,Track local sponsor activity,Monitor asset for repeated local confirmation,Hines Reveals Plans for SouthPark Mixed-Use Venture,https://www.connectcre.com/stories/hines-reveals-plans-for-southpark-mixed-use-venture/,Low
2026-08-05,20260805-000421-5412da82,LAA-20260805-055,Development Start - Atlanta / Georgia - Financing Secured for Centennial Yards Mixed-Use Project,Atlanta,Los Angeles,CIM Group,Mixed-Use Residential,Unknown,Unknown,Development Start,Unknown site control,Unknown,48,0,General LA monitoring,Track local sponsor activity,Monitor asset for repeated local confirmation,Financing Secured for Centennial Yards Mixed-Use Project,https://www.connectcre.com/stories/financing-secured-for-centennial-yards-mixed-use-project/,Low
2026-08-05,20260805-000421-5412da82,LAA-20260805-056,Acquisition - California - Bascom Acquires Buena Park Apartments as Value-Add Deal,California,Los Angeles,Bascom Group,Apartment,Unknown,Unknown,General Asset Signal,Existing asset sale,Unknown,47,0,General LA monitoring,Track local sponsor activity,Monitor asset for repeated local confirmation,Bascom Acquires Buena Park Apartments as Value-Add Deal,https://www.connectcre.com/stories/bascom-acquires-buena-park-apartments-as-value-add-deal/,Low
2026-08-05,20260805-000421-5412da82,LAA-20260805-057,Keystone Completes Office-to-Residential Conversion Project in Philadelphia,Los Angeles,Los Angeles,,Office-to-Residential Conversion,Unknown,Unknown,Office-to-Residential Conversion,Unknown site control,Unknown,45,9,General LA monitoring,Track local sponsor activity,Monitor asset for repeated local confirmation,Keystone Completes Office-to-Residential Conversion Project in Philadelphia,https://rebusinessonline.com/keystone-completes-office-to-residential-conversion-project-in-philadelphia/,Low
2026-08-05,20260805-000421-5412da82,LAA-20260805-058,Capital City Real Estate Closes Construction Financing for 318-Unit Spivey Grove Multifamily Community in Stockbridge Georgia,Los Angeles,Los Angeles,Capital City Real Estate,Multifamily,Unknown,Unknown,Affordable / Density Bonus Strategy,Unknown site control,Unknown,44,19,General LA monitoring,Benchmark density bonus use,"Track entitlement docket, density bonus use, and affordability requirement",Capital City Real Estate Closes Construction Financing for 318-Unit Spivey Grove Multifamily Community in Stockbridge Georgia,https://yieldpro.com/2026/08/spivey-grove/,Low
2026-08-05,20260805-000421-5412da82,LAA-20260805-059,Financing Secured for Centennial Yards Mixed-Use Project,Atlanta,Los Angeles,CIM Group,Mixed-Use Residential,Unknown,Unknown,Acquisition / Site Control,Site acquired,Site Controlled,35,0,General LA monitoring,Track site control precedent,Monitor asset for repeated local confirmation,Financing Secured for Centennial Yards Mixed-Use Project,https://www.connectcre.com/stories/financing-secured-for-centennial-yards-mixed-use-project/,Low
2026-08-05,20260805-000421-5412da82,LAA-20260805-060,C&C Development Opens Affordable Housing in Irvine,17861 Cartwright Rd,Los Angeles,Unknown,Affordable Housing,Unknown,Unknown,Affordable / Density Bonus Strategy,Land / parcel referenced,Unknown,33,0,General LA monitoring,Track site control precedent,"Track entitlement docket, density bonus use, and affordability requirement",C&C Development Opens Affordable Housing in Irvine,https://www.connectcre.com/stories/cc-development-opens-affordable-housing-in-irvine/,Low
2026-08-05,20260805-000421-5412da82,LAA-20260805-061,JV / Partnership - Riverside / California - C&C Development Opens Affordable Housing in Irvine,Riverside,Los Angeles,Unknown,Affordable Housing,Unknown,Unknown,Affordable / Density Bonus Strategy,Unknown site control,Unknown,33,0,General LA monitoring,Benchmark density bonus use,"Track entitlement docket, density bonus use, and affordability requirement",C&C Development Opens Affordable Housing in Irvine,https://www.connectcre.com/stories/cc-development-opens-affordable-housing-in-irvine/,Low
2026-08-05,20260805-000421-5412da82,LAA-20260805-062,Acquisition - Atlanta / Georgia - Lion Real Estate Picks Up Atlanta Apartments for $51M,Atlanta,Los Angeles,Unknown,Apartment,Unknown,Unknown,General Asset Signal,Existing asset sale,Unknown,22,0,General LA monitoring,Monitor only,Monitor asset for repeated local confirmation,Lion Real Estate Picks Up Atlanta Apartments for $51M,https://www.connectcre.com/stories/lion-real-estate-picks-up-atlanta-apartments-for-51m/,Low
2026-08-05,20260805-000421-5412da82,LAA-20260805-063,Lion Real Estate Picks Up Atlanta Apartments for $51M,1470 Sheridan Rd,Los Angeles,Unknown,Apartment,Unknown,Unknown,General Asset Signal,Site acquired,Site Search / Early Signal,14,0,General LA monitoring,Track site control precedent,Monitor asset for repeated local confirmation,Lion Real Estate Picks Up Atlanta Apartments for $51M,https://www.connectcre.com/stories/lion-real-estate-picks-up-atlanta-apartments-for-51m/,Low
