run_date,run_id,canonical_project_id,canonical_project_name,project_identity_confidence,distress_id,deal_fingerprint_id,duplicate_cluster_id,distress_type,market,residential_sector,gp_or_developer,lender_or_debt_provider,related_project_or_deal,distress_score,distress_priority_label,evidence_signals,potential_woomi_angle,recommended_next_action,source_article_title,url,confidence_level
2026-08-14,20260814-232136-af068659,PRJ-20260814-0071,Construction Financing - California - CEDARst Closes on Construction Loan for Sixth San Diego Multifamily,100,DST-20260814-002,DFP-C3910D476F,DCL-20260814-002,construction loan gap,California,Apartment,JLL,JLL,Construction Financing - California - CEDARst Closes on Construction Loan for Sixth San Diego Multifamily,80,Critical Distress Watch,Construction Financing; construction loan,"Evaluate LA / California entitlement, zoning, or local GP partnership relevance","Track debt maturity, lender exposure, sponsor stress, and recapitalization options",CEDARst Closes on Construction Loan for Sixth San Diego Multifamily,https://www.connectcre.com/stories/cedarst-closes-on-construction-loan-for-sixth-san-diego-multifamily/,Medium
2026-08-14,20260814-232136-af068659,PRJ-20260814-0069,JV / Partnership - California - Newmark Arranges Fannie Mae Loan on San Clemente Active-Adult Complex,100,DST-20260814-003,DFP-79F93DB94B,DCL-20260814-003,refinancing stress,California,Apartment,Fannie Mae,Fannie Mae,Refinancing - California - Westphal Company Lands $56M Refi for San Diego Apartments,80,Critical Distress Watch,Refinancing; refinancing,"Evaluate LA / California entitlement, zoning, or local GP partnership relevance","Track debt maturity, lender exposure, sponsor stress, and recapitalization options",Westphal Company Lands $56M Refi for San Diego Apartments,https://commercialobserver.com/2026/08/westphal-san-diego-multifamily-northmarq-fannie-mae/,Medium
2026-08-14,20260814-232136-af068659,PRJ-20260814-0177,Disposition / Exit - Santa Monica / California - CBRE Completes Receivership Sale of Santa Monica Multifamily Apartment Building,100,DST-20260814-007,DFP-C666DF3A00,DCL-20260814-007,receivership,Santa Monica / California,Apartment,CBRE,CBRE,Disposition / Exit - Santa Monica / California - CBRE Completes Receivership Sale of Santa Monica Multifamily Apartment Building,68,High Distress Watch,Disposition / Exit; receivership,"Track potential rescue capital, debt recapitalization, or capital partner opening","Track debt maturity, lender exposure, sponsor stress, and recapitalization options",CBRE Completes Receivership Sale of Santa Monica Multifamily Apartment Building,https://yieldpro.com/2026/08/santa-monica-901/,Medium
2026-08-14,20260814-232136-af068659,PRJ-20260814-0063,Refinancing - Austin / Texas - Vantage Inks $103M Refi on Three Texas Rental Assets,100,DST-20260814-013,DFP-C43F42BCD7,DCL-20260814-013,refinancing stress,Austin / Texas,Apartment,Benefit Street Partners,Unknown,Refinancing - Austin / Texas - Vantage Inks $103M Refi on Three Texas Rental Assets,62,High Distress Watch,Refinancing; refinancing,"Track potential rescue capital, debt recapitalization, or capital partner opening","Track debt maturity, lender exposure, sponsor stress, and recapitalization options",Vantage Inks $103M Refi on Three Texas Rental Assets,https://www.connectcre.com/stories/vantage-inks-103m-refi-on-three-texas-rental-assets/,Medium
2026-08-14,20260814-232136-af068659,PRJ-20260814-0126,Construction Financing - Miami / Florida - Baron Property Group Closes on $226.5M Refinance for Hialeah Apartment Community in Miami,80,DST-20260814-023,DFP-B5E215E9BD,DCL-20260814-023,refinancing stress,Miami / Florida,Mixed-Use Residential,Unknown,Unknown,Refinancing - Miami / Florida - Baron Property Group Closes on $226.5M Refi for Hialeah Apartment Community,60,High Distress Watch,Refinancing; refinancing,"Track potential rescue capital, debt recapitalization, or capital partner opening","Track debt maturity, lender exposure, sponsor stress, and recapitalization options",Baron Property Group Closes on $226.5M Refi for Hialeah Apartment Community,https://www.connectcre.com/stories/baron-property-group-closes-on-226-5m-refi-for-hialeah-apartment-community/,Medium
2026-08-14,20260814-232136-af068659,PRJ-20260814-0092,Refinancing - Houston / Texas - Northmarq Arranges Refinance for 342-Unit Mid-Rise Multifamily Community in Houston,80,DST-20260814-027,DFP-D8D0340F97,DCL-20260814-027,refinancing stress,Houston / Texas,Multifamily,Unknown,northmarq,Refinancing - Houston / Texas - Northmarq Arranges Refinance for 342-Unit Mid-Rise Multifamily Community in Houston,58,Monitor,Refinancing; refinancing,"Track potential rescue capital, debt recapitalization, or capital partner opening",Monitor for repeated distress signals,Northmarq Arranges Refinance for 342-Unit Mid-Rise Multifamily Community in Houston,https://yieldpro.com/2026/08/the-mill-residences/,Medium
2026-08-14,20260814-232136-af068659,PRJ-20260814-0126,Construction Financing - Miami / Florida - Baron Property Group Closes on $226.5M Refinance for Hialeah Apartment Community in Miami,80,DST-20260814-020,DFP-FCF95CBD9B,DCL-20260814-020,construction loan gap,Miami / Florida,Apartment,Unknown,Unknown,Construction Financing - Miami / Florida - S3 Capital Lends $35M for Miami-Dade County Apartments,57,Monitor,Construction Financing,"Track potential rescue capital, debt recapitalization, or capital partner opening",Monitor for repeated distress signals,S3 Capital Lends $35M for Miami-Dade County Apartments,https://commercialobserver.com/2026/08/s3-capital-miami-dade-county-apartments/,Low
2026-08-14,20260814-232136-af068659,PRJ-20260814-0058,Construction Financing - Atlanta / Georgia - Developer Duo Obtains Construction Financing for $147M Atlanta Student Housing Project,80,DST-20260814-032,DFP-52059AEB2D,DCL-20260814-032,construction loan gap,Atlanta / Georgia,Student Housing,Unknown,Unknown,Construction Financing - Atlanta / Georgia - Developer Duo Obtains Construction Financing for $147M Atlanta Student Housing Project,55,Monitor,Construction Financing,"Track potential rescue capital, debt recapitalization, or capital partner opening",Monitor for repeated distress signals,Developer Duo Obtains Construction Financing for $147M Atlanta Student Housing Project,https://www.connectcre.com/stories/developer-duo-obtain-construction-financing-for-147m-spelman-morehouse-student-housing/,Low
2026-08-14,20260814-232136-af068659,PRJ-20260814-0126,Construction Financing - Miami / Florida - Baron Property Group Closes on $226.5M Refinance for Hialeah Apartment Community in Miami,80,DST-20260814-031,DFP-34E0A66737,DCL-20260814-031,construction loan gap,Miami / Florida,Mixed-Use Residential,Unknown,Unknown,Construction Financing - Miami / Florida - Baron Property Group Closes on $226.5M Refinance for Hialeah Apartment Community in Miami,55,Monitor,Construction Financing,"Track potential rescue capital, debt recapitalization, or capital partner opening",Monitor for repeated distress signals,Baron Property Group Closes on $226.5M Refinance for Hialeah Apartment Community in Miami,https://yieldpro.com/2026/08/metro-parc-hialeah/,Low
