run_date,run_id,raw_entity,canonical_entity,entity_type,alias_matched,confidence_score,source_file,occurrence_count,notes
2026-08-04,20260804-001022-4ad0ee73,Acquisition - Houston / Texas - 895-Unit Texas Apartment Portfolio Trades Hands,Acquisition - Houston / Texas - 895-Unit Texas Apartment Portfolio Trades Hands,Project / Deal,,40,relationship_graph.csv,2,weak match / needs review
2026-08-04,20260804-001022-4ad0ee73,Acquisition - Other / Unknown - 8 notable interviews with multifamily pros this summer,Acquisition - Other / Unknown - 8 notable interviews with multifamily pros this summer,Project / Deal,,40,relationship_graph.csv,1,weak match / needs review
2026-08-04,20260804-001022-4ad0ee73,"Acquisition - Other / Unknown - Irgens Breaks Ground on 204-Unit Viridia Apartments in Wauwatosa, Wisconsin","Acquisition - Other / Unknown - Irgens Breaks Ground on 204-Unit Viridia Apartments in Wauwatosa, Wisconsin",Project / Deal,,40,relationship_graph.csv,2,weak match / needs review
2026-08-04,20260804-001022-4ad0ee73,"Acquisition - Other / Unknown - Marcus & Millichap Brokers $15M Sale of Multifamily Property in Schofield, Wisconsin","Acquisition - Other / Unknown - Marcus & Millichap Brokers $15M Sale of Multifamily Property in Schofield, Wisconsin",Project / Deal,,40,relationship_graph.csv,1,weak match / needs review
2026-08-04,20260804-001022-4ad0ee73,Acquisition - Seattle - Apartment Property in Seattle’s First Hill Neighborhood Trades,Acquisition - Seattle - Apartment Property in Seattle’s First Hill Neighborhood Trades,Project / Deal,,40,relationship_graph.csv,1,weak match / needs review
2026-08-04,20260804-001022-4ad0ee73,Adam America Real Estate,Adam America Real Estate,Developer / GP,,40,gp_intelligence.csv,1,weak match / needs review
2026-08-04,20260804-001022-4ad0ee73,Adam America Real Estate,Adam America Real Estate,Developer / GP,,40,institutional_relationships.csv,1,weak match / needs review
2026-08-04,20260804-001022-4ad0ee73,Alliance Residential,Alliance Residential,Developer / GP,,40,deal_pipeline.csv,1,weak match / needs review
2026-08-04,20260804-001022-4ad0ee73,Alliance Residential,Alliance Residential,Developer / GP,,40,gp_intelligence.csv,1,weak match / needs review
2026-08-04,20260804-001022-4ad0ee73,Alliance Residential,Alliance Residential,Developer / GP,,40,institutional_relationships.csv,1,weak match / needs review
2026-08-04,20260804-001022-4ad0ee73,Alliance Residential,Alliance Residential,Developer / GP,,40,relationship_graph.csv,1,weak match / needs review
2026-08-04,20260804-001022-4ad0ee73,Apartment Portfolio Trades Hands Strategic Value Partners,Apartment Portfolio Trades Hands Strategic Value Partners,Developer / GP,,40,gp_intelligence.csv,1,weak match / needs review
2026-08-04,20260804-001022-4ad0ee73,Apartment Portfolio Trades Hands Strategic Value Partners,Apartment Portfolio Trades Hands Strategic Value Partners,Developer / GP,,40,institutional_relationships.csv,1,weak match / needs review
2026-08-04,20260804-001022-4ad0ee73,Arcus Real Estate Capital,Arcus Real Estate Capital,Developer / GP,,40,gp_intelligence.csv,1,weak match / needs review
2026-08-04,20260804-001022-4ad0ee73,Arcus Real Estate Capital,Arcus Real Estate Capital,Developer / GP,,40,institutional_relationships.csv,1,weak match / needs review
2026-08-04,20260804-001022-4ad0ee73,Ariel Property Advisors,Ariel Property Advisors,Developer / GP,,40,gp_intelligence.csv,1,weak match / needs review
2026-08-04,20260804-001022-4ad0ee73,Ariel Property Advisors,Ariel Property Advisors,Developer / GP,,40,institutional_relationships.csv,1,weak match / needs review
2026-08-04,20260804-001022-4ad0ee73,Arizona,Arizona,Market / Region,,40,regional_intelligence.csv,1,weak match / needs review
2026-08-04,20260804-001022-4ad0ee73,Atlanta Student Housing Project Radnor Property Group,Atlanta Student Housing Project Radnor Property Group,Developer / GP,,40,gp_intelligence.csv,1,weak match / needs review
2026-08-04,20260804-001022-4ad0ee73,Atlanta Student Housing Project Radnor Property Group,Atlanta Student Housing Project Radnor Property Group,Developer / GP,,40,institutional_relationships.csv,1,weak match / needs review
2026-08-04,20260804-001022-4ad0ee73,"BTR / Build-to-Rent - Houston / Texas - PCCP, Integrity Community Builders Form BTR Programmatic JV","BTR / Build-to-Rent - Houston / Texas - PCCP, Integrity Community Builders Form BTR Programmatic JV",Project / Deal,,40,relationship_graph.csv,1,weak match / needs review
2026-08-04,20260804-001022-4ad0ee73,Bascom Group,Bascom Group,Developer / GP,,40,deal_pipeline.csv,1,weak match / needs review
2026-08-04,20260804-001022-4ad0ee73,Bascom Group,Bascom Group,Developer / GP,,40,gp_intelligence.csv,1,weak match / needs review
2026-08-04,20260804-001022-4ad0ee73,Bascom Group,Bascom Group,Developer / GP,,40,institutional_relationships.csv,1,weak match / needs review
2026-08-04,20260804-001022-4ad0ee73,Bascom Group,Bascom Group,Developer / GP,,40,relationship_graph.csv,2,weak match / needs review
2026-08-04,20260804-001022-4ad0ee73,BedRock Real Estate Partners,BedRock Real Estate Partners,Developer / GP,,40,gp_intelligence.csv,1,weak match / needs review
2026-08-04,20260804-001022-4ad0ee73,BedRock Real Estate Partners,BedRock Real Estate Partners,Developer / GP,,40,institutional_relationships.csv,1,weak match / needs review
2026-08-04,20260804-001022-4ad0ee73,Bellflower Acquisition Paladin Realty Partners,Bellflower Acquisition Paladin Realty Partners,Developer / GP,,40,gp_intelligence.csv,1,weak match / needs review
2026-08-04,20260804-001022-4ad0ee73,Bellflower Acquisition Paladin Realty Partners,Bellflower Acquisition Paladin Realty Partners,Developer / GP,,40,institutional_relationships.csv,1,weak match / needs review
2026-08-04,20260804-001022-4ad0ee73,Blackstone,Blackstone,Developer / GP,Blackstone,100,deal_pipeline.csv,1,exact canonical match
2026-08-04,20260804-001022-4ad0ee73,Blackstone,Blackstone,Developer / GP,Blackstone,100,gp_intelligence.csv,1,exact canonical match
2026-08-04,20260804-001022-4ad0ee73,Blackstone,Blackstone,Developer / GP,Blackstone,100,institutional_relationships.csv,1,exact canonical match
2026-08-04,20260804-001022-4ad0ee73,Blackstone,Blackstone,Developer / GP,Blackstone,100,relationship_graph.csv,4,exact canonical match
2026-08-04,20260804-001022-4ad0ee73,blackstone,Blackstone,Institutional Capital,Blackstone,75,deal_pipeline.csv,1,case or punctuation normalized match
2026-08-04,20260804-001022-4ad0ee73,blackstone,Blackstone,Institutional Capital,Blackstone,75,relationship_graph.csv,1,case or punctuation normalized match
2026-08-04,20260804-001022-4ad0ee73,Entitlement / Permitting - Dallas / Texas - Blackstone Affiliate Proposing 252 Affordable Denton Housing Units,Blackstone,Project / Deal,Blackstone,60,relationship_graph.csv,1,partial match
2026-08-04,20260804-001022-4ad0ee73,Brook Farm Group,Brook Farm Group,Developer / GP,,40,gp_intelligence.csv,1,weak match / needs review
2026-08-04,20260804-001022-4ad0ee73,Brook Farm Group,Brook Farm Group,Developer / GP,,40,institutional_relationships.csv,1,weak match / needs review
2026-08-04,20260804-001022-4ad0ee73,CBRE,CBRE,Developer / GP,CBRE,100,deal_pipeline.csv,6,exact canonical match
2026-08-04,20260804-001022-4ad0ee73,CBRE,CBRE,Developer / GP,CBRE,100,gp_intelligence.csv,1,exact canonical match
2026-08-04,20260804-001022-4ad0ee73,CBRE,CBRE,Developer / GP,CBRE,100,institutional_relationships.csv,1,exact canonical match
2026-08-04,20260804-001022-4ad0ee73,CBRE,CBRE,Developer / GP,CBRE,100,relationship_graph.csv,25,exact canonical match
2026-08-04,20260804-001022-4ad0ee73,cbre,CBRE,Lender / Debt Provider,CBRE,75,deal_pipeline.csv,6,case or punctuation normalized match
2026-08-04,20260804-001022-4ad0ee73,cbre,CBRE,Lender / Debt Provider,CBRE,75,relationship_graph.csv,6,case or punctuation normalized match
2026-08-04,20260804-001022-4ad0ee73,Disposition / Exit - Los Angeles / California - CBRE Completes Receivership Sale of Santa Monica Apartments,CBRE,Project / Deal,CBRE,60,relationship_graph.csv,1,partial match
2026-08-04,20260804-001022-4ad0ee73,General Project Signal - Washington DC - CBRE Arranges $85M Financing for 318-Unit Multifamily in PA,CBRE,Project / Deal,CBRE,60,relationship_graph.csv,1,partial match
2026-08-04,20260804-001022-4ad0ee73,CIM Group,CIM Group,Developer / GP,,40,deal_pipeline.csv,1,weak match / needs review
2026-08-04,20260804-001022-4ad0ee73,CIM Group,CIM Group,Developer / GP,,40,gp_intelligence.csv,1,weak match / needs review
2026-08-04,20260804-001022-4ad0ee73,CIM Group,CIM Group,Developer / GP,,40,institutional_relationships.csv,1,weak match / needs review
2026-08-04,20260804-001022-4ad0ee73,CIM Group,CIM Group,Developer / GP,,40,relationship_graph.csv,3,weak match / needs review
2026-08-04,20260804-001022-4ad0ee73,California,California,Market / Region,California,100,articles.csv,7,exact canonical match
2026-08-04,20260804-001022-4ad0ee73,California,California,Market / Region,California,100,deal_pipeline.csv,14,exact canonical match
2026-08-04,20260804-001022-4ad0ee73,California,California,Market / Region,California,100,regional_intelligence.csv,1,exact canonical match
2026-08-04,20260804-001022-4ad0ee73,California,California,Market / Region,California,100,relationship_graph.csv,8,exact canonical match
2026-08-04,20260804-001022-4ad0ee73,Riverside / California,California,Market / Region,California,60,articles.csv,3,partial match
2026-08-04,20260804-001022-4ad0ee73,Riverside / California,California,Market / Region,California,60,deal_pipeline.csv,3,partial match
2026-08-04,20260804-001022-4ad0ee73,Riverside / California,California,Market / Region,California,60,relationship_graph.csv,3,partial match
2026-08-04,20260804-001022-4ad0ee73,San Francisco / California,California,Market / Region,California,60,articles.csv,2,partial match
2026-08-04,20260804-001022-4ad0ee73,San Francisco / California,California,Market / Region,California,60,deal_pipeline.csv,2,partial match
2026-08-04,20260804-001022-4ad0ee73,San Francisco / California,California,Market / Region,California,60,relationship_graph.csv,2,partial match
2026-08-04,20260804-001022-4ad0ee73,Santa Monica / California,California,Market / Region,California,60,articles.csv,1,partial match
2026-08-04,20260804-001022-4ad0ee73,Santa Monica / California,California,Market / Region,California,60,deal_pipeline.csv,1,partial match
2026-08-04,20260804-001022-4ad0ee73,Santa Monica / California,California,Market / Region,California,60,relationship_graph.csv,1,partial match
2026-08-04,20260804-001022-4ad0ee73,Acquisition - California - Bascom Acquires Buena Park Apartments as Value-Add Deal,California,Project / Deal,California,60,relationship_graph.csv,1,partial match
2026-08-04,20260804-001022-4ad0ee73,Acquisition - California - Locally Based Investors Acquire Encinitas Offices from Family Trust,California,Project / Deal,California,60,relationship_graph.csv,2,partial match
2026-08-04,20260804-001022-4ad0ee73,Acquisition - California - Marcus & Millichap Arranges $5.6M Sale of 34-Unit Multifamily Property in Sacramento Calif...,California,Project / Deal,California,60,relationship_graph.csv,1,partial match
2026-08-04,20260804-001022-4ad0ee73,Disposition / Exit - California - Costa Mesa Multifamily Changes Hands for Value-Add Repositioning,California,Project / Deal,California,60,relationship_graph.csv,1,partial match
2026-08-04,20260804-001022-4ad0ee73,Disposition / Exit - Riverside / California - IPA Team Closes Sale of Pomona Multifamily,California,Project / Deal,California,60,relationship_graph.csv,1,partial match
2026-08-04,20260804-001022-4ad0ee73,Entitlement / Permitting - California - Construction goes vertical for affordable housing at 1540 Court St. in Echo Park,California,Project / Deal,California,60,relationship_graph.csv,1,partial match
2026-08-04,20260804-001022-4ad0ee73,Entitlement / Permitting - Santa Monica / California - 102 apartments break ground at 1717 S. Beloit Ave. in Sawtelle,California,Project / Deal,California,60,relationship_graph.csv,2,partial match
2026-08-04,20260804-001022-4ad0ee73,"General Project Signal - California - Voya Financial Provides $22M Permanent Loan for Multifamily Community in Belmont, Californ...",California,Project / Deal,California,60,relationship_graph.csv,1,partial match
2026-08-04,20260804-001022-4ad0ee73,JV / Partnership - Riverside / California - C&C Development Opens Affordable Housing in Irvine,California,Project / Deal,California,60,relationship_graph.csv,2,partial match
2026-08-04,20260804-001022-4ad0ee73,Colorado,Colorado,Market / Region,,40,articles.csv,1,weak match / needs review
2026-08-04,20260804-001022-4ad0ee73,Development Start - Other / Unknown - First Quarter 2026 Multifamily Construction Data,Development Start - Other / Unknown - First Quarter 2026 Multifamily Construction Data,Project / Deal,,40,relationship_graph.csv,2,weak match / needs review
2026-08-04,20260804-001022-4ad0ee73,Development Start - Other / Unknown - Fourth Quarter 2025 Multifamily Construction Data,Development Start - Other / Unknown - Fourth Quarter 2025 Multifamily Construction Data,Project / Deal,,40,relationship_graph.csv,2,weak match / needs review
2026-08-04,20260804-001022-4ad0ee73,"Development Start - Other / Unknown - Groundbreaking Soon For 3150 El Camino Real, Palo Alto","Development Start - Other / Unknown - Groundbreaking Soon For 3150 El Camino Real, Palo Alto",Project / Deal,,40,relationship_graph.csv,2,weak match / needs review
2026-08-04,20260804-001022-4ad0ee73,Development Start - Other / Unknown - Missing Middle Weakness,Development Start - Other / Unknown - Missing Middle Weakness,Project / Deal,,40,relationship_graph.csv,2,weak match / needs review
2026-08-04,20260804-001022-4ad0ee73,Development Start - Other / Unknown - Overall Housing Starts Inch Lower in 2025,Development Start - Other / Unknown - Overall Housing Starts Inch Lower in 2025,Project / Deal,,40,relationship_graph.csv,2,weak match / needs review
2026-08-04,20260804-001022-4ad0ee73,Development Start - Other / Unknown - Third Quarter 2025 Multifamily Construction Data,Development Start - Other / Unknown - Third Quarter 2025 Multifamily Construction Data,Project / Deal,,40,relationship_graph.csv,2,weak match / needs review
2026-08-04,20260804-001022-4ad0ee73,Disposition / Exit - Other / Unknown - Marcus & Millichap Arranges Sale of Chicago Mixed-Use Property,Disposition / Exit - Other / Unknown - Marcus & Millichap Arranges Sale of Chicago Mixed-Use Property,Project / Deal,,40,relationship_graph.csv,1,weak match / needs review
2026-08-04,20260804-001022-4ad0ee73,Disposition / Exit - Other / Unknown - NAHB HBGI: Micro Markets Lone Bright Spot for Single-Family Building in Fourth Quarter,Disposition / Exit - Other / Unknown - NAHB HBGI: Micro Markets Lone Bright Spot for Single-Family Building in Fourth Quarter,Project / Deal,,40,relationship_graph.csv,2,weak match / needs review
2026-08-04,20260804-001022-4ad0ee73,Dunlop Capital,Dunlop Capital,Developer / GP,,40,gp_intelligence.csv,1,weak match / needs review
2026-08-04,20260804-001022-4ad0ee73,Dunlop Capital,Dunlop Capital,Developer / GP,,40,institutional_relationships.csv,1,weak match / needs review
2026-08-04,20260804-001022-4ad0ee73,Family Trust,Family Trust,Developer / GP,,40,gp_intelligence.csv,1,weak match / needs review
2026-08-04,20260804-001022-4ad0ee73,Family Trust,Family Trust,Developer / GP,,40,institutional_relationships.csv,1,weak match / needs review
2026-08-04,20260804-001022-4ad0ee73,Florida,Florida,Market / Region,,40,articles.csv,2,weak match / needs review
2026-08-04,20260804-001022-4ad0ee73,Florida,Florida,Market / Region,,40,deal_pipeline.csv,3,weak match / needs review
2026-08-04,20260804-001022-4ad0ee73,Florida,Florida,Market / Region,,40,regional_intelligence.csv,1,weak match / needs review
2026-08-04,20260804-001022-4ad0ee73,Florida,Florida,Market / Region,,40,relationship_graph.csv,2,weak match / needs review
2026-08-04,20260804-001022-4ad0ee73,Freddie Mac,Freddie Mac,Developer / GP,Freddie Mac,100,deal_pipeline.csv,1,exact canonical match
2026-08-04,20260804-001022-4ad0ee73,Freddie Mac,Freddie Mac,Developer / GP,Freddie Mac,100,gp_intelligence.csv,1,exact canonical match
2026-08-04,20260804-001022-4ad0ee73,Freddie Mac,Freddie Mac,Developer / GP,Freddie Mac,100,institutional_relationships.csv,1,exact canonical match
2026-08-04,20260804-001022-4ad0ee73,Freddie Mac,Freddie Mac,Developer / GP,Freddie Mac,100,relationship_graph.csv,4,exact canonical match
2026-08-04,20260804-001022-4ad0ee73,freddie mac,Freddie Mac,Lender / Debt Provider,Freddie Mac,75,deal_pipeline.csv,1,case or punctuation normalized match
2026-08-04,20260804-001022-4ad0ee73,freddie mac,Freddie Mac,Lender / Debt Provider,Freddie Mac,75,relationship_graph.csv,1,case or punctuation normalized match
2026-08-04,20260804-001022-4ad0ee73,Refinancing - Riverside / California - Northmarq Arranges Freddie Mac Loan for Upland Apartments,Freddie Mac,Project / Deal,Freddie Mac,60,relationship_graph.csv,1,partial match
2026-08-04,20260804-001022-4ad0ee73,General Project Signal - Florida - Gateway Jax Signs Six Tenants at $1B Pearl Square Development in Downtown Jacksonville,General Project Signal - Florida - Gateway Jax Signs Six Tenants at $1B Pearl Square Development in Downtown Jacksonville,Project / Deal,,40,relationship_graph.csv,2,weak match / needs review
2026-08-04,20260804-001022-4ad0ee73,General Project Signal - Other / Unknown - 2026 Resident Experience Management Report,General Project Signal - Other / Unknown - 2026 Resident Experience Management Report,Project / Deal,,40,relationship_graph.csv,2,weak match / needs review
2026-08-04,20260804-001022-4ad0ee73,General Project Signal - Other / Unknown - Multifamily Absorption Rate Remains Below 50%,General Project Signal - Other / Unknown - Multifamily Absorption Rate Remains Below 50%,Project / Deal,,40,relationship_graph.csv,2,weak match / needs review
2026-08-04,20260804-001022-4ad0ee73,General Project Signal - Other / Unknown - Northmarq Sources $52M in Financing for Indiana Apartments,General Project Signal - Other / Unknown - Northmarq Sources $52M in Financing for Indiana Apartments,Project / Deal,,40,relationship_graph.csv,1,weak match / needs review
2026-08-04,20260804-001022-4ad0ee73,General Project Signal - Other / Unknown - Share of Apartments Built in Buildings with 50+ Units Moves Higher in 2025,General Project Signal - Other / Unknown - Share of Apartments Built in Buildings with 50+ Units Moves Higher in 2025,Project / Deal,,40,relationship_graph.csv,2,weak match / needs review
2026-08-04,20260804-001022-4ad0ee73,Georgia,Georgia,Market / Region,,40,articles.csv,1,weak match / needs review
2026-08-04,20260804-001022-4ad0ee73,Houston,Houston,Market / Region,,40,deal_pipeline.csv,1,weak match / needs review
2026-08-04,20260804-001022-4ad0ee73,Houston,Houston,Market / Region,,40,relationship_graph.csv,1,weak match / needs review
2026-08-04,20260804-001022-4ad0ee73,Houston / Texas,Houston / Texas,Market / Region,,40,articles.csv,2,weak match / needs review
2026-08-04,20260804-001022-4ad0ee73,Houston / Texas,Houston / Texas,Market / Region,,40,deal_pipeline.csv,2,weak match / needs review
2026-08-04,20260804-001022-4ad0ee73,Houston / Texas,Houston / Texas,Market / Region,,40,relationship_graph.csv,2,weak match / needs review
2026-08-04,20260804-001022-4ad0ee73,IPA,IPA,Developer / GP,,40,deal_pipeline.csv,1,weak match / needs review
2026-08-04,20260804-001022-4ad0ee73,IPA,IPA,Developer / GP,,40,gp_intelligence.csv,1,weak match / needs review
2026-08-04,20260804-001022-4ad0ee73,IPA,IPA,Developer / GP,,40,institutional_relationships.csv,1,weak match / needs review
2026-08-04,20260804-001022-4ad0ee73,IPA,IPA,Developer / GP,,40,relationship_graph.csv,3,weak match / needs review
2026-08-04,20260804-001022-4ad0ee73,JLL,JLL,Developer / GP,JLL,100,deal_pipeline.csv,4,exact canonical match
2026-08-04,20260804-001022-4ad0ee73,JLL,JLL,Developer / GP,JLL,100,gp_intelligence.csv,1,exact canonical match
2026-08-04,20260804-001022-4ad0ee73,JLL,JLL,Developer / GP,JLL,100,institutional_relationships.csv,1,exact canonical match
2026-08-04,20260804-001022-4ad0ee73,JLL,JLL,Developer / GP,JLL,100,relationship_graph.csv,13,exact canonical match
2026-08-04,20260804-001022-4ad0ee73,jll,JLL,Lender / Debt Provider,JLL,75,deal_pipeline.csv,4,case or punctuation normalized match
2026-08-04,20260804-001022-4ad0ee73,jll,JLL,Lender / Debt Provider,JLL,75,relationship_graph.csv,4,case or punctuation normalized match
2026-08-04,20260804-001022-4ad0ee73,"BTR / Build-to-Rent - Other / Unknown - JLL Capital Markets Arranges Full-Stack Capitalization for the 122-Acre Development, Inclu...",JLL,Project / Deal,JLL,60,relationship_graph.csv,1,partial match
2026-08-04,20260804-001022-4ad0ee73,Disposition / Exit - New York - Triangle Equities Taps JLL to Sell New Waterfront Development Lighthouse Point in Saint Ge...,JLL,Project / Deal,JLL,60,relationship_graph.csv,1,partial match
2026-08-04,20260804-001022-4ad0ee73,Disposition / Exit - New York City / New York - JLL Closes $58M Sale for Downtown Brooklyn Multifamily Residential Development Site,JLL,Project / Deal,JLL,60,relationship_graph.csv,1,partial match
2026-08-04,20260804-001022-4ad0ee73,Refinancing - New York City / New York - Walker & Dunlop Arranges Refi on Newly Built Bed-Stuy Multifamily,Kennedy Wilson,Project / Deal,KW,60,relationship_graph.csv,1,partial match
2026-08-04,20260804-001022-4ad0ee73,L.A. County Land Bank to,L.A. County Land Bank to,Developer / GP,,40,gp_intelligence.csv,1,weak match / needs review
2026-08-04,20260804-001022-4ad0ee73,L.A. County Land Bank to,L.A. County Land Bank to,Developer / GP,,40,institutional_relationships.csv,1,weak match / needs review
2026-08-04,20260804-001022-4ad0ee73,Atlanta / Georgia,Los Angeles,Market / Region,LA,60,articles.csv,8,partial match
2026-08-04,20260804-001022-4ad0ee73,Atlanta / Georgia,Los Angeles,Market / Region,LA,60,deal_pipeline.csv,8,partial match
2026-08-04,20260804-001022-4ad0ee73,Atlanta / Georgia,Los Angeles,Market / Region,LA,60,relationship_graph.csv,8,partial match
2026-08-04,20260804-001022-4ad0ee73,Dallas / Texas,Los Angeles,Market / Region,LA,60,articles.csv,4,partial match
2026-08-04,20260804-001022-4ad0ee73,Dallas / Texas,Los Angeles,Market / Region,LA,60,deal_pipeline.csv,3,partial match
2026-08-04,20260804-001022-4ad0ee73,Dallas / Texas,Los Angeles,Market / Region,LA,60,relationship_graph.csv,3,partial match
2026-08-04,20260804-001022-4ad0ee73,Inland Empire,Los Angeles,Market / Region,LA,60,deal_pipeline.csv,2,partial match
2026-08-04,20260804-001022-4ad0ee73,Inland Empire,Los Angeles,Market / Region,LA,60,relationship_graph.csv,2,partial match
2026-08-04,20260804-001022-4ad0ee73,Las Vegas,Los Angeles,Market / Region,LA,60,deal_pipeline.csv,1,partial match
2026-08-04,20260804-001022-4ad0ee73,Las Vegas,Los Angeles,Market / Region,LA,60,relationship_graph.csv,1,partial match
2026-08-04,20260804-001022-4ad0ee73,Las Vegas / Nevada,Los Angeles,Market / Region,LA,60,articles.csv,1,partial match
2026-08-04,20260804-001022-4ad0ee73,Las Vegas / Nevada,Los Angeles,Market / Region,LA,60,deal_pipeline.csv,1,partial match
2026-08-04,20260804-001022-4ad0ee73,Las Vegas / Nevada,Los Angeles,Market / Region,LA,60,relationship_graph.csv,1,partial match
2026-08-04,20260804-001022-4ad0ee73,Los Angeles,Los Angeles,Market / Region,Los Angeles,100,deal_pipeline.csv,8,exact canonical match
2026-08-04,20260804-001022-4ad0ee73,Los Angeles,Los Angeles,Market / Region,Los Angeles,100,regional_intelligence.csv,1,exact canonical match
2026-08-04,20260804-001022-4ad0ee73,Los Angeles,Los Angeles,Market / Region,Los Angeles,100,relationship_graph.csv,8,exact canonical match
2026-08-04,20260804-001022-4ad0ee73,Los Angeles / California,Los Angeles,Market / Region,Los Angeles,60,articles.csv,11,partial match
2026-08-04,20260804-001022-4ad0ee73,Los Angeles / California,Los Angeles,Market / Region,Los Angeles,60,deal_pipeline.csv,13,partial match
2026-08-04,20260804-001022-4ad0ee73,Los Angeles / California,Los Angeles,Market / Region,Los Angeles,60,relationship_graph.csv,11,partial match
2026-08-04,20260804-001022-4ad0ee73,Acquisition - Atlanta / Georgia - Lion Real Estate Picks Up Atlanta Apartments for $51M,Los Angeles,Project / Deal,LA,60,relationship_graph.csv,2,partial match
2026-08-04,20260804-001022-4ad0ee73,"Acquisition - Atlanta / Georgia - Marcus, Wood Partners to Develop 280-Unit Apartment Community in Apex, North Carolina",Los Angeles,Project / Deal,LA,60,relationship_graph.csv,1,partial match
2026-08-04,20260804-001022-4ad0ee73,Acquisition - Atlanta / Georgia - Walton Communities Offloads Two Atlanta Rental Properties,Los Angeles,Project / Deal,LA,60,relationship_graph.csv,1,partial match
2026-08-04,20260804-001022-4ad0ee73,"Acquisition - Los Angeles / California - Hayden Tract housing, Future of the Vincent Thomas Bridge, and more",Los Angeles,Project / Deal,Los Angeles,60,relationship_graph.csv,2,partial match
2026-08-04,20260804-001022-4ad0ee73,Acquisition - Los Angeles / California - L.A. County Land Bank to buy site at 14430 Vanowen St. in Van Nuys,Los Angeles,Project / Deal,Los Angeles,60,relationship_graph.csv,2,partial match
2026-08-04,20260804-001022-4ad0ee73,Acquisition - Los Angeles / California - MDNI Group Buys Santa Monica Apartments Out Of Receivership: The Los Angeles Deal Sheet,Los Angeles,Project / Deal,Los Angeles,60,relationship_graph.csv,1,partial match
2026-08-04,20260804-001022-4ad0ee73,Acquisition - Los Angeles / California - Paladin Expands SoCal Workforce Portfolio with Bellflower Acquisition,Los Angeles,Project / Deal,Los Angeles,60,relationship_graph.csv,2,partial match
2026-08-04,20260804-001022-4ad0ee73,Acquisition - Los Angeles / California - Van Nuys Apartments Trade for First Time Since Delivery,Los Angeles,Project / Deal,Los Angeles,60,relationship_graph.csv,1,partial match
2026-08-04,20260804-001022-4ad0ee73,Acquisition - San Francisco / California - Financing on Combined $91.35M in Acquisitions Structured by Sack Capital and Align Finance...,Los Angeles,Project / Deal,LA,60,relationship_graph.csv,2,partial match
2026-08-04,20260804-001022-4ad0ee73,"Acquisition - Seattle - Weidner Sells A’Cappella Apartment Homes in Lynnwood, Washington for $112M",Los Angeles,Project / Deal,LA,60,relationship_graph.csv,1,partial match
2026-08-04,20260804-001022-4ad0ee73,Acquisition - Washington DC - Clarion Partners Acquires Rohnert Park Senior Living Property,Los Angeles,Project / Deal,LA,60,relationship_graph.csv,1,partial match
2026-08-04,20260804-001022-4ad0ee73,BTR / Build-to-Rent - Florida - Adam America Real Estate and Stellar Communities Secure $35.1 Million Refinancing for Have...,Los Angeles,Project / Deal,LA,60,relationship_graph.csv,1,partial match
2026-08-04,20260804-001022-4ad0ee73,Construction Financing - Atlanta / Georgia - Brook Farm Group Secures $73M Refinance of 388-Unit Luxury Multifamily Development in Covi...,Los Angeles,Project / Deal,LA,60,relationship_graph.csv,2,partial match
2026-08-04,20260804-001022-4ad0ee73,Construction Financing - Atlanta / Georgia - Developer Duo Obtains Construction Financing for $147M Atlanta Student Housing Project,Los Angeles,Project / Deal,LA,60,relationship_graph.csv,2,partial match
2026-08-04,20260804-001022-4ad0ee73,Construction Financing - Miami / Florida - Affiliated Closes Financing on Mixed-Income Fort Lauderdale Apartment Project,Los Angeles,Project / Deal,LA,60,relationship_graph.csv,2,partial match
2026-08-04,20260804-001022-4ad0ee73,"Construction Financing - New York - BFC, SAA Canopy Land $269M Financing for Syracuse Redevelopment",Los Angeles,Project / Deal,LA,60,relationship_graph.csv,1,partial match
2026-08-04,20260804-001022-4ad0ee73,Development Start - Atlanta / Georgia - Financing Secured for Centennial Yards Mixed-Use Project,Los Angeles,Project / Deal,LA,60,relationship_graph.csv,1,partial match
2026-08-04,20260804-001022-4ad0ee73,Development Start - Dallas / Texas - OHT Breaks Ground on 360-Unit Houston Rental Community,Los Angeles,Project / Deal,LA,60,relationship_graph.csv,2,partial match
2026-08-04,20260804-001022-4ad0ee73,Development Start - Los Angeles / California - Draft EIR released for Metro-adjacent high-rise at 5350 Wilshire Blvd.,Los Angeles,Project / Deal,Los Angeles,60,relationship_graph.csv,1,partial match
2026-08-04,20260804-001022-4ad0ee73,Entitlement / Permitting - Los Angeles / California - 65 apartments underway at 1919 Wilcox Ave. in Hollywood,Los Angeles,Project / Deal,Los Angeles,60,relationship_graph.csv,1,partial match
2026-08-04,20260804-001022-4ad0ee73,Entitlement / Permitting - Los Angeles / California - Jamison pivots to affordable housing at 975 S. Manhattan Pl. in Koreatown,Los Angeles,Project / Deal,Los Angeles,60,relationship_graph.csv,2,partial match
2026-08-04,20260804-001022-4ad0ee73,Entitlement / Permitting - Los Angeles / California - Small lot homes with ADUs pitched for 18220 Superior St. in Northridge,Los Angeles,Project / Deal,Los Angeles,60,relationship_graph.csv,2,partial match
2026-08-04,20260804-001022-4ad0ee73,Entitlement / Permitting - Other / Unknown - New Permits Filed for Apartments at 5139 MacArthur Boulevard in Oakland,Los Angeles,Project / Deal,LA,60,relationship_graph.csv,2,partial match
2026-08-04,20260804-001022-4ad0ee73,"Entitlement / Permitting - San Francisco / California - Plans Approved For 230 Anza Street, San Francisco",Los Angeles,Project / Deal,LA,60,relationship_graph.csv,2,partial match
2026-08-04,20260804-001022-4ad0ee73,General Project Signal - Atlanta / Georgia - Atlanta Beltline Advancing 218-Unit Affordable Apartment Project,Los Angeles,Project / Deal,LA,60,relationship_graph.csv,2,partial match
2026-08-04,20260804-001022-4ad0ee73,General Project Signal - Las Vegas / Nevada - Stout Management Company Expands Nevada Portfolio by More Than 900 Units Across Four Commu...,Los Angeles,Project / Deal,LA,60,relationship_graph.csv,2,partial match
2026-08-04,20260804-001022-4ad0ee73,JV / Partnership - Atlanta / Georgia - Mesirow Pays $132M for Midtown Atlanta Apartment Community,Los Angeles,Project / Deal,LA,60,relationship_graph.csv,2,partial match
2026-08-04,20260804-001022-4ad0ee73,JV / Partnership - Los Angeles / California - Supportive housing tops out at 501 E. 5th Street in DTLA,Los Angeles,Project / Deal,Los Angeles,60,relationship_graph.csv,1,partial match
2026-08-04,20260804-001022-4ad0ee73,JV / Partnership - Other / Unknown - Landmark Properties Partners with Peninsula Investments to Deliver Narrative at Columbia i...,Los Angeles,Project / Deal,LA,60,relationship_graph.csv,2,partial match
2026-08-04,20260804-001022-4ad0ee73,"Recapitalization - Dallas / Texas - Newmark Arranges Recapitalization of 1,546-Unit Seniors Housing Portfolio in Dallas, Houst...",Los Angeles,Project / Deal,LA,60,relationship_graph.csv,2,partial match
2026-08-04,20260804-001022-4ad0ee73,Refinancing - Miami / Florida - Stewards Inks $79M Refi of Hollywood Rental Asset,Los Angeles,Project / Deal,LA,60,relationship_graph.csv,2,partial match
2026-08-04,20260804-001022-4ad0ee73,Madison Realty Capital,Madison Realty Capital,Developer / GP,,40,gp_intelligence.csv,1,weak match / needs review
2026-08-04,20260804-001022-4ad0ee73,Madison Realty Capital,Madison Realty Capital,Developer / GP,,40,institutional_relationships.csv,1,weak match / needs review
2026-08-04,20260804-001022-4ad0ee73,Marcus & Millichap,Marcus & Millichap,Developer / GP,,40,deal_pipeline.csv,5,weak match / needs review
2026-08-04,20260804-001022-4ad0ee73,Marcus & Millichap,Marcus & Millichap,Developer / GP,,40,gp_intelligence.csv,1,weak match / needs review
2026-08-04,20260804-001022-4ad0ee73,Marcus & Millichap,Marcus & Millichap,Developer / GP,,40,institutional_relationships.csv,1,weak match / needs review
2026-08-04,20260804-001022-4ad0ee73,Marcus & Millichap,Marcus & Millichap,Developer / GP,,40,relationship_graph.csv,9,weak match / needs review
2026-08-04,20260804-001022-4ad0ee73,"Milhaus Merges with SRG Residential, Will","Milhaus Merges with SRG Residential, Will",Developer / GP,,40,gp_intelligence.csv,1,weak match / needs review
2026-08-04,20260804-001022-4ad0ee73,"Milhaus Merges with SRG Residential, Will","Milhaus Merges with SRG Residential, Will",Developer / GP,,40,institutional_relationships.csv,1,weak match / needs review
2026-08-04,20260804-001022-4ad0ee73,Millichap Capital,Millichap Capital,Developer / GP,,40,gp_intelligence.csv,1,weak match / needs review
2026-08-04,20260804-001022-4ad0ee73,Millichap Capital,Millichap Capital,Developer / GP,,40,institutional_relationships.csv,1,weak match / needs review
2026-08-04,20260804-001022-4ad0ee73,National,National,Market / Region,,40,articles.csv,5,weak match / needs review
2026-08-04,20260804-001022-4ad0ee73,National,National,Market / Region,,40,deal_pipeline.csv,1,weak match / needs review
2026-08-04,20260804-001022-4ad0ee73,National,National,Market / Region,,40,relationship_graph.csv,1,weak match / needs review
2026-08-04,20260804-001022-4ad0ee73,National / Other,National / Other,Market / Region,,40,regional_intelligence.csv,1,weak match / needs review
2026-08-04,20260804-001022-4ad0ee73,Brooklyn,New York,Market / Region,Brooklyn,75,deal_pipeline.csv,2,case or punctuation normalized match
2026-08-04,20260804-001022-4ad0ee73,Brooklyn,New York,Market / Region,Brooklyn,75,relationship_graph.csv,2,case or punctuation normalized match
2026-08-04,20260804-001022-4ad0ee73,Manhattan,New York,Market / Region,Manhattan,75,deal_pipeline.csv,2,case or punctuation normalized match
2026-08-04,20260804-001022-4ad0ee73,Manhattan,New York,Market / Region,Manhattan,75,relationship_graph.csv,2,case or punctuation normalized match
2026-08-04,20260804-001022-4ad0ee73,New York,New York,Market / Region,New York,100,articles.csv,3,exact canonical match
2026-08-04,20260804-001022-4ad0ee73,New York,New York,Market / Region,New York,100,deal_pipeline.csv,6,exact canonical match
2026-08-04,20260804-001022-4ad0ee73,New York,New York,Market / Region,New York,100,regional_intelligence.csv,1,exact canonical match
2026-08-04,20260804-001022-4ad0ee73,New York,New York,Market / Region,New York,100,relationship_graph.csv,3,exact canonical match
2026-08-04,20260804-001022-4ad0ee73,New York City,New York,Market / Region,New York,60,deal_pipeline.csv,2,partial match
2026-08-04,20260804-001022-4ad0ee73,New York City,New York,Market / Region,New York,60,relationship_graph.csv,2,partial match
2026-08-04,20260804-001022-4ad0ee73,New York City / New York,New York,Market / Region,New York,60,articles.csv,6,partial match
2026-08-04,20260804-001022-4ad0ee73,New York City / New York,New York,Market / Region,New York,60,deal_pipeline.csv,6,partial match
2026-08-04,20260804-001022-4ad0ee73,New York City / New York,New York,Market / Region,New York,60,relationship_graph.csv,6,partial match
2026-08-04,20260804-001022-4ad0ee73,Queens,New York,Market / Region,Queens,75,deal_pipeline.csv,1,case or punctuation normalized match
2026-08-04,20260804-001022-4ad0ee73,Queens,New York,Market / Region,Queens,75,relationship_graph.csv,1,case or punctuation normalized match
2026-08-04,20260804-001022-4ad0ee73,Acquisition - New York City / New York - Ariel Property Advisors Arranges $15.7M Sale of Multifamily Development Site in Brooklyn,New York,Project / Deal,New York,60,relationship_graph.csv,2,partial match
2026-08-04,20260804-001022-4ad0ee73,"Construction Financing - New York City / New York - LMXD, BedRock Secure $250M Loan for 560-Unit Astoria Housing Project",New York,Project / Deal,New York,60,relationship_graph.csv,2,partial match
2026-08-04,20260804-001022-4ad0ee73,Disposition / Exit - New York City / New York - Mixed-Use Upper West Side Building Sells to Terra Developers for $28M,New York,Project / Deal,New York,60,relationship_graph.csv,2,partial match
2026-08-04,20260804-001022-4ad0ee73,General Project Signal - New York - HPD Selects Development Team for Hunter’s Point South Parcel,New York,Project / Deal,New York,60,relationship_graph.csv,1,partial match
2026-08-04,20260804-001022-4ad0ee73,JV / Partnership - New York City / New York - Joint Venture Begins Leasing 43-Story Apartment Tower in Downtown Brooklyn,New York,Project / Deal,New York,60,relationship_graph.csv,2,partial match
2026-08-04,20260804-001022-4ad0ee73,Nordic Partners Investments,Nordic Partners Investments,Developer / GP,,40,gp_intelligence.csv,1,weak match / needs review
2026-08-04,20260804-001022-4ad0ee73,Nordic Partners Investments,Nordic Partners Investments,Developer / GP,,40,institutional_relationships.csv,1,weak match / needs review
2026-08-04,20260804-001022-4ad0ee73,Northlink Capital,Northlink Capital,Developer / GP,,40,gp_intelligence.csv,1,weak match / needs review
2026-08-04,20260804-001022-4ad0ee73,Northlink Capital,Northlink Capital,Developer / GP,,40,institutional_relationships.csv,1,weak match / needs review
2026-08-04,20260804-001022-4ad0ee73,Other / Unknown,Other / Unknown,Market / Region,,40,articles.csv,23,weak match / needs review
2026-08-04,20260804-001022-4ad0ee73,Other / Unknown,Other / Unknown,Market / Region,,40,deal_pipeline.csv,18,weak match / needs review
2026-08-04,20260804-001022-4ad0ee73,PCCP,PCCP,Developer / GP,,40,deal_pipeline.csv,1,weak match / needs review
2026-08-04,20260804-001022-4ad0ee73,PCCP,PCCP,Developer / GP,,40,gp_intelligence.csv,1,weak match / needs review
2026-08-04,20260804-001022-4ad0ee73,PCCP,PCCP,Developer / GP,,40,institutional_relationships.csv,1,weak match / needs review
2026-08-04,20260804-001022-4ad0ee73,PCCP,PCCP,Developer / GP,,40,relationship_graph.csv,3,weak match / needs review
2026-08-04,20260804-001022-4ad0ee73,Peninsula Investments,Peninsula Investments,Developer / GP,,40,gp_intelligence.csv,1,weak match / needs review
2026-08-04,20260804-001022-4ad0ee73,Peninsula Investments,Peninsula Investments,Developer / GP,,40,institutional_relationships.csv,1,weak match / needs review
2026-08-04,20260804-001022-4ad0ee73,Puget Sound,Puget Sound,Market / Region,,40,deal_pipeline.csv,1,weak match / needs review
2026-08-04,20260804-001022-4ad0ee73,Puget Sound,Puget Sound,Market / Region,,40,relationship_graph.csv,1,weak match / needs review
2026-08-04,20260804-001022-4ad0ee73,related,Related Companies,Institutional Capital,Related,75,deal_pipeline.csv,1,case or punctuation normalized match
2026-08-04,20260804-001022-4ad0ee73,related,Related Companies,Institutional Capital,Related,75,relationship_graph.csv,1,case or punctuation normalized match
2026-08-04,20260804-001022-4ad0ee73,Riverside,Riverside,Market / Region,,40,deal_pipeline.csv,1,weak match / needs review
2026-08-04,20260804-001022-4ad0ee73,Riverside,Riverside,Market / Region,,40,relationship_graph.csv,1,weak match / needs review
2026-08-04,20260804-001022-4ad0ee73,Sack Capital and Align Finance,Sack Capital and Align Finance,Developer / GP,,40,gp_intelligence.csv,1,weak match / needs review
2026-08-04,20260804-001022-4ad0ee73,Sack Capital and Align Finance,Sack Capital and Align Finance,Developer / GP,,40,institutional_relationships.csv,1,weak match / needs review
2026-08-04,20260804-001022-4ad0ee73,San Francisco,San Francisco,Market / Region,,40,deal_pipeline.csv,1,weak match / needs review
2026-08-04,20260804-001022-4ad0ee73,San Francisco,San Francisco,Market / Region,,40,relationship_graph.csv,1,weak match / needs review
2026-08-04,20260804-001022-4ad0ee73,Santa Monica,Santa Monica,Market / Region,,40,deal_pipeline.csv,1,weak match / needs review
2026-08-04,20260804-001022-4ad0ee73,Santa Monica,Santa Monica,Market / Region,,40,relationship_graph.csv,1,weak match / needs review
2026-08-04,20260804-001022-4ad0ee73,Seattle,Seattle,Market / Region,,40,articles.csv,2,weak match / needs review
2026-08-04,20260804-001022-4ad0ee73,Seattle,Seattle,Market / Region,,40,deal_pipeline.csv,3,weak match / needs review
2026-08-04,20260804-001022-4ad0ee73,Seattle,Seattle,Market / Region,,40,regional_intelligence.csv,1,weak match / needs review
2026-08-04,20260804-001022-4ad0ee73,Seattle,Seattle,Market / Region,,40,relationship_graph.csv,2,weak match / needs review
2026-08-04,20260804-001022-4ad0ee73,South Florida,South Florida,Market / Region,,40,deal_pipeline.csv,4,weak match / needs review
2026-08-04,20260804-001022-4ad0ee73,South Florida,South Florida,Market / Region,,40,relationship_graph.csv,4,weak match / needs review
2026-08-04,20260804-001022-4ad0ee73,Southeast,Southeast,Market / Region,,40,deal_pipeline.csv,1,weak match / needs review
2026-08-04,20260804-001022-4ad0ee73,Southeast,Southeast,Market / Region,,40,regional_intelligence.csv,1,weak match / needs review
2026-08-04,20260804-001022-4ad0ee73,Southeast,Southeast,Market / Region,,40,relationship_graph.csv,1,weak match / needs review
2026-08-04,20260804-001022-4ad0ee73,Atlanta,Sun Belt,Market / Region,Atlanta,75,deal_pipeline.csv,7,case or punctuation normalized match
2026-08-04,20260804-001022-4ad0ee73,Atlanta,Sun Belt,Market / Region,Atlanta,75,relationship_graph.csv,7,case or punctuation normalized match
2026-08-04,20260804-001022-4ad0ee73,Austin,Sun Belt,Market / Region,Austin,75,regional_intelligence.csv,1,case or punctuation normalized match
2026-08-04,20260804-001022-4ad0ee73,Dallas,Sun Belt,Market / Region,Dallas,75,deal_pipeline.csv,3,case or punctuation normalized match
2026-08-04,20260804-001022-4ad0ee73,Dallas,Sun Belt,Market / Region,Dallas,75,regional_intelligence.csv,1,case or punctuation normalized match
2026-08-04,20260804-001022-4ad0ee73,Dallas,Sun Belt,Market / Region,Dallas,75,relationship_graph.csv,3,case or punctuation normalized match
2026-08-04,20260804-001022-4ad0ee73,Miami,Sun Belt,Market / Region,Miami,75,deal_pipeline.csv,2,case or punctuation normalized match
2026-08-04,20260804-001022-4ad0ee73,Miami,Sun Belt,Market / Region,Miami,75,relationship_graph.csv,2,case or punctuation normalized match
2026-08-04,20260804-001022-4ad0ee73,Miami / Florida,Sun Belt,Market / Region,Miami,60,articles.csv,7,partial match
2026-08-04,20260804-001022-4ad0ee73,Miami / Florida,Sun Belt,Market / Region,Miami,60,deal_pipeline.csv,6,partial match
2026-08-04,20260804-001022-4ad0ee73,Miami / Florida,Sun Belt,Market / Region,Miami,60,relationship_graph.csv,6,partial match
2026-08-04,20260804-001022-4ad0ee73,Phoenix,Sun Belt,Market / Region,Phoenix,75,deal_pipeline.csv,1,case or punctuation normalized match
2026-08-04,20260804-001022-4ad0ee73,Phoenix,Sun Belt,Market / Region,Phoenix,75,regional_intelligence.csv,1,case or punctuation normalized match
2026-08-04,20260804-001022-4ad0ee73,Phoenix,Sun Belt,Market / Region,Phoenix,75,relationship_graph.csv,1,case or punctuation normalized match
2026-08-04,20260804-001022-4ad0ee73,Phoenix / Arizona,Sun Belt,Market / Region,Phoenix,60,articles.csv,1,partial match
2026-08-04,20260804-001022-4ad0ee73,Phoenix / Arizona,Sun Belt,Market / Region,Phoenix,60,deal_pipeline.csv,1,partial match
2026-08-04,20260804-001022-4ad0ee73,Phoenix / Arizona,Sun Belt,Market / Region,Phoenix,60,relationship_graph.csv,1,partial match
2026-08-04,20260804-001022-4ad0ee73,Raleigh,Sun Belt,Market / Region,Raleigh,75,deal_pipeline.csv,1,case or punctuation normalized match
2026-08-04,20260804-001022-4ad0ee73,Raleigh,Sun Belt,Market / Region,Raleigh,75,relationship_graph.csv,1,case or punctuation normalized match
2026-08-04,20260804-001022-4ad0ee73,Sun Belt,Sun Belt,Market / Region,Sun Belt,100,regional_intelligence.csv,1,exact canonical match
2026-08-04,20260804-001022-4ad0ee73,Acquisition - Miami / Florida - Corient Acquires $4.9B New York Multi-Family Office,Sun Belt,Project / Deal,Miami,60,relationship_graph.csv,2,partial match
2026-08-04,20260804-001022-4ad0ee73,BTR / Build-to-Rent - Phoenix / Arizona - Phoenix BTR Investor Inks $73.1M Bridge Loan,Sun Belt,Project / Deal,Phoenix,60,relationship_graph.csv,2,partial match
2026-08-04,20260804-001022-4ad0ee73,Construction Financing - Miami / Florida - Arrow Arranges $85M Construction Loan for Miami Condo Project,Sun Belt,Project / Deal,Miami,60,relationship_graph.csv,2,partial match
2026-08-04,20260804-001022-4ad0ee73,JV / Partnership - Miami / Florida - SG Holdings & New Urban Development Break Ground on Affordable Senior Housing Community in...,Sun Belt,Project / Deal,Miami,60,relationship_graph.csv,2,partial match
2026-08-04,20260804-001022-4ad0ee73,Refinancing - Miami / Florida - Baron Property Group Closes on $226.5M Refi for Hialeah Apartment Community,Sun Belt,Project / Deal,Miami,60,relationship_graph.csv,2,partial match
2026-08-04,20260804-001022-4ad0ee73,Syracuse Redevelopment BFC Partners,Syracuse Redevelopment BFC Partners,Developer / GP,,40,gp_intelligence.csv,1,weak match / needs review
2026-08-04,20260804-001022-4ad0ee73,Syracuse Redevelopment BFC Partners,Syracuse Redevelopment BFC Partners,Developer / GP,,40,institutional_relationships.csv,1,weak match / needs review
2026-08-04,20260804-001022-4ad0ee73,Texas,Texas,Market / Region,,40,regional_intelligence.csv,1,weak match / needs review
2026-08-04,20260804-001022-4ad0ee73,UDR,UDR,Developer / GP,,40,gp_intelligence.csv,1,weak match / needs review
2026-08-04,20260804-001022-4ad0ee73,UDR,UDR,Developer / GP,,40,institutional_relationships.csv,1,weak match / needs review
2026-08-04,20260804-001022-4ad0ee73,Unknown,Unknown,Developer / GP,,40,deal_pipeline.csv,53,unknown entity needs review
2026-08-04,20260804-001022-4ad0ee73,Unknown,Unknown,Institutional Capital,,40,deal_pipeline.csv,75,unknown entity needs review
2026-08-04,20260804-001022-4ad0ee73,Unknown,Unknown,Lender / Debt Provider,,40,deal_pipeline.csv,63,unknown entity needs review
2026-08-04,20260804-001022-4ad0ee73,Unknown,Unknown,Market / Region,,40,deal_pipeline.csv,18,unknown entity needs review
2026-08-04,20260804-001022-4ad0ee73,Walker & Dunlop,Walker & Dunlop,Developer / GP,,40,deal_pipeline.csv,1,weak match / needs review
2026-08-04,20260804-001022-4ad0ee73,Walker & Dunlop,Walker & Dunlop,Developer / GP,,40,gp_intelligence.csv,1,weak match / needs review
2026-08-04,20260804-001022-4ad0ee73,Walker & Dunlop,Walker & Dunlop,Developer / GP,,40,institutional_relationships.csv,1,weak match / needs review
2026-08-04,20260804-001022-4ad0ee73,Walker & Dunlop,Walker & Dunlop,Developer / GP,,40,relationship_graph.csv,4,weak match / needs review
2026-08-04,20260804-001022-4ad0ee73,Washington DC,Washington DC,Market / Region,,40,articles.csv,2,weak match / needs review
2026-08-04,20260804-001022-4ad0ee73,Washington DC,Washington DC,Market / Region,,40,deal_pipeline.csv,2,weak match / needs review
2026-08-04,20260804-001022-4ad0ee73,Washington DC,Washington DC,Market / Region,,40,relationship_graph.csv,2,weak match / needs review
2026-08-04,20260804-001022-4ad0ee73,Washington Dc,Washington Dc,Market / Region,,40,deal_pipeline.csv,1,weak match / needs review
2026-08-04,20260804-001022-4ad0ee73,Washington Dc,Washington Dc,Market / Region,,40,relationship_graph.csv,1,weak match / needs review
2026-08-04,20260804-001022-4ad0ee73,WealthManagement Real Estate,WealthManagement Real Estate,Developer / GP,,40,gp_intelligence.csv,1,weak match / needs review
2026-08-04,20260804-001022-4ad0ee73,WealthManagement Real Estate,WealthManagement Real Estate,Developer / GP,,40,institutional_relationships.csv,1,weak match / needs review
2026-08-04,20260804-001022-4ad0ee73,Wood Partners,Wood Partners,Developer / GP,,40,deal_pipeline.csv,1,weak match / needs review
2026-08-04,20260804-001022-4ad0ee73,Wood Partners,Wood Partners,Developer / GP,,40,gp_intelligence.csv,1,weak match / needs review
2026-08-04,20260804-001022-4ad0ee73,Wood Partners,Wood Partners,Developer / GP,,40,institutional_relationships.csv,1,weak match / needs review
2026-08-04,20260804-001022-4ad0ee73,Wood Partners,Wood Partners,Developer / GP,,40,relationship_graph.csv,3,weak match / needs review
2026-08-04,20260804-001022-4ad0ee73,cushman,cushman,Lender / Debt Provider,,40,deal_pipeline.csv,1,weak match / needs review
2026-08-04,20260804-001022-4ad0ee73,cushman,cushman,Lender / Debt Provider,,40,relationship_graph.csv,1,weak match / needs review
2026-08-04,20260804-001022-4ad0ee73,northmarq,northmarq,Lender / Debt Provider,,40,deal_pipeline.csv,1,weak match / needs review
2026-08-04,20260804-001022-4ad0ee73,northmarq,northmarq,Lender / Debt Provider,,40,relationship_graph.csv,1,weak match / needs review
2026-08-04,20260804-001022-4ad0ee73,walker & dunlop,walker & dunlop,Lender / Debt Provider,,40,deal_pipeline.csv,1,weak match / needs review
2026-08-04,20260804-001022-4ad0ee73,walker & dunlop,walker & dunlop,Lender / Debt Provider,,40,relationship_graph.csv,1,weak match / needs review
