run_date,run_id,canonical_project_id,canonical_project_name,project_identity_confidence,opportunity_id,deal_fingerprint_id,duplicate_cluster_id,opportunity_type,market,residential_sector,gp_or_developer,lender_or_capital_provider,related_project_or_deal,source_article_title,source,url,opportunity_score,opportunity_uniqueness_score,event_materiality_score,repeat_coverage_score,institutional_confirmation_score,opportunity_priority_label,evidence_signals,why_it_matters,potential_woomi_angle,recommended_next_action,confidence_level
2026-08-15,20260815-232054-01eb7c52,PRJ-20260815-0072,Construction Financing - California - CEDARst Closes on Construction Loan for Sixth San Diego Multifamily,100,OPP-20260815-002,DFP-C3910D476F,DCL-20260815-002,Construction Financing Gap,California,Apartment,JLL,JLL,Construction Financing - California - CEDARst Closes on Construction Loan for Sixth San Diego Multifamily,CEDARst Closes on Construction Loan for Sixth San Diego Multifamily,Connect CRE,https://www.connectcre.com/stories/cedarst-closes-on-construction-loan-for-sixth-san-diego-multifamily/,96,100,96,25,100,Immediate Opportunity Watch,Construction Financing; construction loan,"Construction Financing Gap may create a pricing, capital, partnership, or pipeline opening in California.","Evaluate LA / California entitlement, zoning, or local GP partnership relevance",Add to executive opportunity review,Medium
2026-08-15,20260815-232054-01eb7c52,PRJ-20260815-0070,JV / Partnership - California - Newmark Arranges Fannie Mae Loan on San Clemente Active-Adult Complex,100,OPP-20260815-003,DFP-79F93DB94B,DCL-20260815-003,Refinancing Gap,California,Apartment,Fannie Mae,Fannie Mae,Refinancing - California - Westphal Company Lands $56M Refi for San Diego Apartments,Westphal Company Lands $56M Refi for San Diego Apartments,Commercial Observer,https://commercialobserver.com/2026/08/westphal-san-diego-multifamily-northmarq-fannie-mae/,96,100,96,25,100,Immediate Opportunity Watch,Refinancing; refinancing,"Refinancing Gap may create a pricing, capital, partnership, or pipeline opening in California.","Evaluate LA / California entitlement, zoning, or local GP partnership relevance",Add to executive opportunity review,Medium
2026-08-15,20260815-232054-01eb7c52,PRJ-20260815-0070,JV / Partnership - California - Newmark Arranges Fannie Mae Loan on San Clemente Active-Adult Complex,100,OPP-20260815-004,DFP-B273300EB5,DCL-20260815-004,JV / Partnership Gap,California,Apartment,Fannie Mae,Fannie Mae,JV / Partnership - California - Newmark Arranges Fannie Mae Loan on San Clemente Active-Adult Complex,Newmark Arranges Fannie Mae Loan on San Clemente Active-Adult Complex,Connect CRE Orange County,https://www.connectcre.com/stories/newmark-arranges-fannie-mae-loan-on-san-clemente-active-adult/,92,100,94,25,100,Immediate Opportunity Watch,JV / Partnership; jv; partnership,"JV / Partnership Gap may create a pricing, capital, partnership, or pipeline opening in California.","Evaluate LA / California entitlement, zoning, or local GP partnership relevance",Add to executive opportunity review,High
2026-08-15,20260815-232054-01eb7c52,PRJ-20260815-0106,Acquisition - Los Angeles / California - Walker & Dunlop Provides $33.2M Agency Acquisition Loan for Los Angeles Multifamily Commun...,100,OPP-20260815-001,DFP-7DE9A23126,DCL-20260815-001,Acquisition Opportunity,Los Angeles / California,Apartment,Walker & Dunlop,Freddie Mac,Acquisition - Los Angeles / California - Walker & Dunlop Provides $33.2M Agency Acquisition Loan for Los Angeles Multifamily Commun...,Walker & Dunlop Provides $33.2M Agency Acquisition Loan for Los Angeles Multifamily Community,REBusiness Online,https://rebusinessonline.com/walker-dunlop-secures-33-2m-agency-acquisition-loan-for-los-angeles-multifamily-community/,89,100,97,25,99,Immediate Opportunity Watch,Acquisition; acquisition,"Acquisition Opportunity may create a pricing, capital, partnership, or pipeline opening in Los Angeles / California.","Use as a possible acquisition, pricing, or distressed basis benchmark",Add to executive opportunity review,Medium
2026-08-15,20260815-232054-01eb7c52,PRJ-20260815-0064,Acquisition - California - Bascom Acquires Buena Park Apartments as Value-Add Deal,100,OPP-20260815-006,DFP-6776EE5E57,DCL-20260815-006,Acquisition Opportunity,California,Apartment,Bascom Group,Unknown,Acquisition - California - Bascom Acquires Buena Park Apartments as Value-Add Deal,Bascom Acquires Buena Park Apartments as Value-Add Deal,Connect CRE Orange County,https://www.connectcre.com/stories/bascom-acquires-buena-park-apartments-as-value-add-deal/,88,100,89,25,95,Immediate Opportunity Watch,Acquisition; acquisition; value-add,"Acquisition Opportunity may create a pricing, capital, partnership, or pipeline opening in California.","Evaluate LA / California entitlement, zoning, or local GP partnership relevance",Add to executive opportunity review,High
2026-08-15,20260815-232054-01eb7c52,PRJ-20260815-0106,Acquisition - Los Angeles / California - Walker & Dunlop Provides $33.2M Agency Acquisition Loan for Los Angeles Multifamily Commun...,100,OPP-20260815-005,DFP-83A9C9665C,DCL-20260815-005,Acquisition Opportunity,Los Angeles / California,Apartment,Walker & Dunlop,Freddie Mac,Acquisition - Los Angeles / California - Walker & Dunlop Arranges $33.2M Acquisition Loan for Los Angeles Multifamily Rental Commun...,Walker & Dunlop Arranges $33.2M Acquisition Loan for Los Angeles Multifamily Rental Community,Yield PRO,https://yieldpro.com/2026/08/wilshire-corridor/,86,100,91,25,99,Immediate Opportunity Watch,Acquisition; acquisition,"Acquisition Opportunity may create a pricing, capital, partnership, or pipeline opening in Los Angeles / California.","Use as a possible acquisition, pricing, or distressed basis benchmark",Add to executive opportunity review,Medium
2026-08-15,20260815-232054-01eb7c52,PRJ-20260815-0073,Disposition / Exit - California - Costa Mesa Multifamily Changes Hands for Value-Add Repositioning,100,OPP-20260815-010,DFP-4F3BD0FACF,DCL-20260815-010,LA / California Entitlement Opportunity,California,Apartment,Marcus & Millichap,Unknown,Disposition / Exit - California - Costa Mesa Multifamily Changes Hands for Value-Add Repositioning,Costa Mesa Multifamily Changes Hands for Value-Add Repositioning,Connect CRE Orange County,https://www.connectcre.com/stories/costa-mesa-multifamily-changes-hands-for-value-add-repositioning/,84,100,85,25,85,Immediate Opportunity Watch,Disposition / Exit; repositioning; value-add,"LA / California Entitlement Opportunity may create a pricing, capital, partnership, or pipeline opening in California.","Evaluate LA / California entitlement, zoning, or local GP partnership relevance",Add to executive opportunity review,High
2026-08-15,20260815-232054-01eb7c52,PRJ-20260815-0128,"JV / Partnership - National - Brookfield, SWI Form $694M Multifamily Venture, Plan $500M In Sales",100,OPP-20260815-012,DFP-6AEDE42EE5,DCL-20260815-012,JV / Partnership Gap,National,Apartment,Brookfield,Brookfield,"JV / Partnership - National - Brookfield, SWI Form $694M Multifamily Venture, Plan $500M In Sales","Brookfield, SWI Form $694M Multifamily Venture, Plan $500M In Sales",Bisnow,https://www.bisnow.com/news/national/multifamily/swi-group-brookfield-joint-venture-varia-us,83,100,85,25,99,Immediate Opportunity Watch,JV / Partnership; jv; partnership,"JV / Partnership Gap may create a pricing, capital, partnership, or pipeline opening in National.",Map possible GP partnership or capability-building relationship,Add to executive opportunity review,High
2026-08-15,20260815-232054-01eb7c52,PRJ-20260815-0128,"JV / Partnership - National - Brookfield, SWI Form $694M Multifamily Venture, Plan $500M In Sales",100,OPP-20260815-013,DFP-A76A06EB17,DCL-20260815-013,JV / Partnership Gap,National,Apartment,Brookfield,Brookfield,"JV / Partnership - National - Varia US, Brookfield Launch $694M Multifamily Joint Venture","Varia US, Brookfield Launch $694M Multifamily Joint Venture",Connect CRE Apartments,https://www.connectcre.com/stories/varia-us-brookfield-launch-694m-multifamily-joint-venture/,83,100,84,25,99,Immediate Opportunity Watch,JV / Partnership; joint venture; jv; partnership,"JV / Partnership Gap may create a pricing, capital, partnership, or pipeline opening in National.",Map possible GP partnership or capability-building relationship,Add to executive opportunity review,High
2026-08-15,20260815-232054-01eb7c52,PRJ-20260815-0143,"Acquisition - Other / Unknown - CBRE Negotiates $3.9M Sale of Riverwood Apartments in Mauston, Wisconsin",100,OPP-20260815-008,DFP-F720FF1F92,DCL-20260815-008,Acquisition Opportunity,Other / Unknown,Apartment,CBRE,CBRE,"Acquisition - Other / Unknown - CBRE Negotiates $3.9M Sale of Riverwood Apartments in Mauston, Wisconsin","CBRE Negotiates $3.9M Sale of Riverwood Apartments in Mauston, Wisconsin",REBusiness Online,https://rebusinessonline.com/cbre-negotiates-3-9m-sale-of-riverwood-apartments-in-mauston-wisconsin/,82,100,85,25,93,Immediate Opportunity Watch,Acquisition; acquisition,"Acquisition Opportunity may create a pricing, capital, partnership, or pipeline opening in Other / Unknown.","Use as a possible acquisition, pricing, or distressed basis benchmark",Add to executive opportunity review,Medium
2026-08-15,20260815-232054-01eb7c52,PRJ-20260815-0052,Disposition / Exit - Atlanta / Georgia - ATC Sells 290-Unit Augusta Apartment Complex,100,OPP-20260815-007,DFP-FBC1D43C5B,DCL-20260815-007,GP Capability Partnership Opportunity,Atlanta / Georgia,Apartment,Berkadia,Berkadia,Disposition / Exit - Atlanta / Georgia - ATC Sells 290-Unit Augusta Apartment Complex,ATC Sells 290-Unit Augusta Apartment Complex,Connect CRE Apartments,https://www.connectcre.com/stories/atc-sells-290-unit-augusta-apartment-complex/,82,100,89,25,93,Immediate Opportunity Watch,Disposition / Exit,"GP Capability Partnership Opportunity may create a pricing, capital, partnership, or pipeline opening in Atlanta / Georgia.",Map possible GP partnership or capability-building relationship,Add to executive opportunity review,Low
2026-08-15,20260815-232054-01eb7c52,PRJ-20260815-0155,Disposition / Exit - Other / Unknown - Harrison Street Asset Management Sells Independent Living Multifamily Property Clearwater...,100,OPP-20260815-022,DFP-37723AFF3D,DCL-20260815-022,GP Capability Partnership Opportunity,Other / Unknown,Senior Housing,JLL,JLL,Disposition / Exit - Other / Unknown - Harrison Street Asset Management Sells Independent Living Multifamily Property Clearwater...,Harrison Street Asset Management Sells Independent Living Multifamily Property Clearwater at Riverpark in Oxnard,Yield PRO,https://yieldpro.com/2026/08/at-riverpark/,82,100,78,25,100,Immediate Opportunity Watch,Disposition / Exit,"GP Capability Partnership Opportunity may create a pricing, capital, partnership, or pipeline opening in Other / Unknown.",Map possible GP partnership or capability-building relationship,Add to executive opportunity review,Low
2026-08-15,20260815-232054-01eb7c52,PRJ-20260815-0062,Refinancing - Austin / Texas - Vantage Inks $103M Refi on Three Texas Rental Assets,100,OPP-20260815-014,DFP-C43F42BCD7,DCL-20260815-014,Refinancing Gap,Austin / Texas,Apartment,Benefit Street Partners,Unknown,Refinancing - Austin / Texas - Vantage Inks $103M Refi on Three Texas Rental Assets,Vantage Inks $103M Refi on Three Texas Rental Assets,Connect CRE Texas,https://www.connectcre.com/stories/vantage-inks-103m-refi-on-three-texas-rental-assets/,82,100,83,25,87,Immediate Opportunity Watch,Refinancing; refinancing,"Refinancing Gap may create a pricing, capital, partnership, or pipeline opening in Austin / Texas.","Track potential rescue capital, debt recapitalization, or capital partner opening",Add to executive opportunity review,Medium
2026-08-15,20260815-232054-01eb7c52,PRJ-20260815-0142,"Acquisition - Other / Unknown - AvalonBay, Equity Residential merger approved by shareholders",100,OPP-20260815-033,DFP-9AD23F8081,DCL-20260815-033,Acquisition Opportunity,Other / Unknown,Multifamily,AvalonBay,equity residential,"Acquisition - Other / Unknown - AvalonBay, Equity Residential merger approved by shareholders","AvalonBay, Equity Residential merger approved by shareholders",Multifamily Dive,https://www.multifamilydive.com/news/reit-merger-vivmark-equity-residential-avalonbay/827775/,78,100,76,25,94,Strategic Opportunity Watch,Acquisition; acquisition,"Acquisition Opportunity may create a pricing, capital, partnership, or pipeline opening in Other / Unknown.","Use as a possible acquisition, pricing, or distressed basis benchmark","Research owner, basis, pricing, and transaction history",Medium
2026-08-15,20260815-232054-01eb7c52,PRJ-20260815-0127,"General Project Signal - National - Survey: 61% of Investors Hold Negative Multifamily Outlook in 2026, Per Berkadia",100,OPP-20260815-047,DFP-F00600F4F6,DCL-20260815-047,GP Capability Partnership Opportunity,National,Multifamily,Berkadia,Berkadia,"General Project Signal - National - Survey: 61% of Investors Hold Negative Multifamily Outlook in 2026, Per Berkadia","Survey: 61% of Investors Hold Negative Multifamily Outlook in 2026, Per Berkadia",Commercial Observer,https://commercialobserver.com/2026/08/investor-survey-berkadia-multifamily-outlook-2026/,75,100,71,25,93,Strategic Opportunity Watch,General Project Signal,"GP Capability Partnership Opportunity may create a pricing, capital, partnership, or pipeline opening in National.",Map possible GP partnership or capability-building relationship,"Map GP, capital partner, and relationship history",Low
2026-08-15,20260815-232054-01eb7c52,PRJ-20260815-0171,Entitlement / Permitting - San Francisco / California - New Developer to Push Forward on Housing at 400 Divisadero Street in San Francisco,100,OPP-20260815-041,DFP-5C45CDF942,DCL-20260815-041,LA / California Entitlement Opportunity,San Francisco / California,General Residential,Greystar,Unknown,Entitlement / Permitting - San Francisco / California - New Developer to Push Forward on Housing at 400 Divisadero Street in San Francisco,New Developer to Push Forward on Housing at 400 Divisadero Street in San Francisco,SF YIMBY,https://sfyimby.com/2026/08/new-developer-to-push-forward-on-developing-400-divisadero-street-in-san-francisco.html,74,100,72,25,86,Strategic Opportunity Watch,Entitlement / Permitting,"LA / California Entitlement Opportunity may create a pricing, capital, partnership, or pipeline opening in San Francisco / California.","Monitor for underwriting, market-entry, or partnership implications","Review entitlement, zoning, permitting, and local sponsor context",Low
2026-08-15,20260815-232054-01eb7c52,PRJ-20260815-0122,Acquisition - Miami / Florida - Milestone Group Trades Kendall Apartment Complex for $109M,100,OPP-20260815-026,DFP-646FC1C1FA,DCL-20260815-026,Acquisition Opportunity,Miami / Florida,Apartment,Harbor Group International,Unknown,Acquisition - Miami / Florida - Milestone Group Trades Kendall Apartment Complex for $109M,Milestone Group Trades Kendall Apartment Complex for $109M,Connect CRE South Florida,https://www.connectcre.com/stories/milestone-group-trades-kendall-apartment-complex-for-109m/,73,100,77,25,74,Strategic Opportunity Watch,Acquisition; acquisition,"Acquisition Opportunity may create a pricing, capital, partnership, or pipeline opening in Miami / Florida.","Use as a possible acquisition, pricing, or distressed basis benchmark","Research owner, basis, pricing, and transaction history",Medium
2026-08-15,20260815-232054-01eb7c52,PRJ-20260815-0133,General Project Signal - New York City / New York - High Street Residential Tops Out 25-Story Apartment Building in Manhattan,100,OPP-20260815-028,DFP-2900601C73,DCL-20260815-028,Affordable / Workforce Housing Opportunity,New York City / New York,Affordable Housing,High Street Residential,Unknown,General Project Signal - New York City / New York - High Street Residential Tops Out 25-Story Apartment Building in Manhattan,High Street Residential Tops Out 25-Story Apartment Building in Manhattan,REBusiness Online,https://rebusinessonline.com/high-street-residential-tops-out-25-story-apartment-building-in-manhattan/,71,100,77,25,73,Strategic Opportunity Watch,General Project Signal,"Affordable / Workforce Housing Opportunity may create a pricing, capital, partnership, or pipeline opening in New York City / New York.","Monitor public-private, LIHTC, or workforce housing partnership angle",Monitor for repeated signals,Low
2026-08-15,20260815-232054-01eb7c52,PRJ-20260815-0074,"Acquisition - San Francisco / California - Sack Capital, Align Finance Close Financing for Two Step Up Housing Acquisitions",80,OPP-20260815-015,DFP-59EDEB9ACA,DCL-20260815-015,LA / California Entitlement Opportunity,California,Mixed-Use Residential,Unknown,Unknown,Entitlement / Permitting - California - Monterey Park approves upsized project at 114 E. Garvey Avenue,Monterey Park approves upsized project at 114 E. Garvey Avenue,Urbanize LA,https://la.urbanize.city/post/monterey-park-approves-upsized-project-114-e-garvey-avenue,66,100,83,25,33,Strategic Opportunity Watch,Entitlement / Permitting,"LA / California Entitlement Opportunity may create a pricing, capital, partnership, or pipeline opening in California.","Evaluate LA / California entitlement, zoning, or local GP partnership relevance","Review entitlement, zoning, permitting, and local sponsor context",Low
2026-08-15,20260815-232054-01eb7c52,PRJ-20260815-0074,"Acquisition - San Francisco / California - Sack Capital, Align Finance Close Financing for Two Step Up Housing Acquisitions",80,OPP-20260815-016,DFP-8F1053C30E,DCL-20260815-016,LA / California Entitlement Opportunity,California,Apartment,Unknown,Unknown,Disposition / Exit - California - Value-Add Golden Hill Apartments Trade in 1031 Exchange,Value-Add Golden Hill Apartments Trade in 1031 Exchange,Connect CRE California,https://www.connectcre.com/stories/value-add-golden-hill-apartments-trade-in-1031-exchange/,66,100,81,25,33,Strategic Opportunity Watch,Disposition / Exit; value-add,"LA / California Entitlement Opportunity may create a pricing, capital, partnership, or pipeline opening in California.","Evaluate LA / California entitlement, zoning, or local GP partnership relevance","Review entitlement, zoning, permitting, and local sponsor context",Medium
2026-08-15,20260815-232054-01eb7c52,PRJ-20260815-0074,"Acquisition - San Francisco / California - Sack Capital, Align Finance Close Financing for Two Step Up Housing Acquisitions",80,OPP-20260815-027,DFP-492D4BB90C,DCL-20260815-027,LA / California Entitlement Opportunity,California,Mixed-Use Residential,Unknown,Unknown,Disposition / Exit - California - 23 homes coming to Uptown Newport Village,23 homes coming to Uptown Newport Village,Urbanize LA,https://la.urbanize.city/post/23-homes-coming-uptown-newport-village,64,100,77,25,33,Strategic Opportunity Watch,Disposition / Exit,"LA / California Entitlement Opportunity may create a pricing, capital, partnership, or pipeline opening in California.","Evaluate LA / California entitlement, zoning, or local GP partnership relevance","Review entitlement, zoning, permitting, and local sponsor context",Low
2026-08-15,20260815-232054-01eb7c52,PRJ-20260815-0172,"Acquisition - San Francisco / California - Sack Capital, Align Finance Close Financing for Two Step Up Housing Acquisitions",80,OPP-20260815-009,DFP-35E0DA6D79,DCL-20260815-009,Acquisition Opportunity,San Francisco / California,Apartment,Unknown,Unknown,"Acquisition - San Francisco / California - Sack Capital, Align Finance Close Financing for Two Step Up Housing Acquisitions","Sack Capital, Align Finance Close Financing for Two Step Up Housing Acquisitions",Connect CRE,https://www.connectcre.com/stories/sack-capital-align-finance-close-financing-for-two-step-up-housing-acquisitions/,63,100,85,25,33,Strategic Opportunity Watch,Acquisition; acquisition,"Acquisition Opportunity may create a pricing, capital, partnership, or pipeline opening in San Francisco / California.","Use as a possible acquisition, pricing, or distressed basis benchmark","Research owner, basis, pricing, and transaction history",Medium
2026-08-15,20260815-232054-01eb7c52,PRJ-20260815-0107,Office-to-Residential Conversion - Los Angeles / California - Residential conversion planned for office building at 1650 S. Westwood Blvd.,80,OPP-20260815-011,DFP-787B696A05,DCL-20260815-011,LA / California Entitlement Opportunity,Los Angeles / California,Affordable Housing,Unknown,Unknown,Entitlement / Permitting - Los Angeles / California - Affordable housing proposed at 1058 N. Kingsley Dr. in East Hollywood,Affordable housing proposed at 1058 N. Kingsley Dr. in East Hollywood,Urbanize LA,https://la.urbanize.city/post/affordable-housing-proposed-1058-n-kingsley-dr-east-hollywood,63,100,85,25,33,Strategic Opportunity Watch,Entitlement / Permitting,"LA / California Entitlement Opportunity may create a pricing, capital, partnership, or pipeline opening in Los Angeles / California.","Monitor public-private, LIHTC, or workforce housing partnership angle","Review entitlement, zoning, permitting, and local sponsor context",Low
2026-08-15,20260815-232054-01eb7c52,PRJ-20260815-0092,Refinancing - Houston / Texas - Northmarq Arranges Refinance for 342-Unit Mid-Rise Multifamily Community in Houston,80,OPP-20260815-025,DFP-D8D0340F97,DCL-20260815-025,Refinancing Gap,Houston / Texas,Multifamily,Unknown,northmarq,Refinancing - Houston / Texas - Northmarq Arranges Refinance for 342-Unit Mid-Rise Multifamily Community in Houston,Northmarq Arranges Refinance for 342-Unit Mid-Rise Multifamily Community in Houston,Yield PRO,https://yieldpro.com/2026/08/the-mill-residences/,63,100,78,25,33,Strategic Opportunity Watch,Refinancing; refinancing,"Refinancing Gap may create a pricing, capital, partnership, or pipeline opening in Houston / Texas.","Track potential rescue capital, debt recapitalization, or capital partner opening","Track debt stack, maturity, lender, and recapitalization details",Medium
2026-08-15,20260815-232054-01eb7c52,PRJ-20260815-0124,"Disposition / Exit - Miami / Florida - W. Palm Beach Investor Buys Condo Property, Converting to Apartment Units",80,OPP-20260815-021,DFP-B5E215E9BD,DCL-20260815-021,Refinancing Gap,Miami / Florida,Mixed-Use Residential,Unknown,Unknown,Refinancing - Miami / Florida - Baron Property Group Closes on $226.5M Refi for Hialeah Apartment Community,Baron Property Group Closes on $226.5M Refi for Hialeah Apartment Community,Connect CRE South Florida,https://www.connectcre.com/stories/baron-property-group-closes-on-226-5m-refi-for-hialeah-apartment-community/,63,100,79,25,33,Strategic Opportunity Watch,Refinancing; refinancing,"Refinancing Gap may create a pricing, capital, partnership, or pipeline opening in Miami / Florida.","Track potential rescue capital, debt recapitalization, or capital partner opening","Track debt stack, maturity, lender, and recapitalization details",Medium
2026-08-15,20260815-232054-01eb7c52,PRJ-20260815-0074,"Acquisition - San Francisco / California - Sack Capital, Align Finance Close Financing for Two Step Up Housing Acquisitions",80,OPP-20260815-035,DFP-EC5414B448,DCL-20260815-035,LA / California Entitlement Opportunity,California,General Residential,Unknown,Unknown,"Development Start - California - L.A. River bike path's price tag, California falling short on housing, and more","L.A. River bike path's price tag, California falling short on housing, and more",Urbanize LA,https://la.urbanize.city/post/la-river-bike-paths-price-tag-california-falling-short-housing-and-more,62,100,75,25,33,Strategic Opportunity Watch,Development Start,"LA / California Entitlement Opportunity may create a pricing, capital, partnership, or pipeline opening in California.","Evaluate LA / California entitlement, zoning, or local GP partnership relevance","Review entitlement, zoning, permitting, and local sponsor context",Low
2026-08-15,20260815-232054-01eb7c52,PRJ-20260815-0074,"Acquisition - San Francisco / California - Sack Capital, Align Finance Close Financing for Two Step Up Housing Acquisitions",80,OPP-20260815-038,DFP-7D9270F0B8,DCL-20260815-038,LA / California Entitlement Opportunity,California,General Residential,Unknown,Unknown,"Entitlement / Permitting - California - New Building Permits Filed For Sac Bee Townhomes, Sacramento","New Building Permits Filed For Sac Bee Townhomes, Sacramento",SF YIMBY,https://sfyimby.com/2026/08/new-building-permits-filed-for-sac-bee-townhomes-sacramento.html,62,100,74,25,33,Strategic Opportunity Watch,Entitlement / Permitting,"LA / California Entitlement Opportunity may create a pricing, capital, partnership, or pipeline opening in California.","Evaluate LA / California entitlement, zoning, or local GP partnership relevance","Review entitlement, zoning, permitting, and local sponsor context",Low
2026-08-15,20260815-232054-01eb7c52,PRJ-20260815-0162,Acquisition - Phoenix / Arizona - Cushman & Wakefield Arranges $19.9M in Acquisition Financing for Medical Office Buildings...,80,OPP-20260815-017,DFP-06A5A627AE,DCL-20260815-017,Acquisition Opportunity,Phoenix / Arizona,Apartment,Unknown,Unknown,Acquisition - Phoenix / Arizona - Rockwell Pays $42M for 182-Unit Scottsdale Rental Community,Rockwell Pays $42M for 182-Unit Scottsdale Rental Community,Connect CRE Phoenix,https://www.connectcre.com/stories/hayden-pays-42m-for-182-unit-scottsdale-rental-community/,61,100,80,25,33,Strategic Opportunity Watch,Acquisition; acquisition,"Acquisition Opportunity may create a pricing, capital, partnership, or pipeline opening in Phoenix / Arizona.","Use as a possible acquisition, pricing, or distressed basis benchmark","Research owner, basis, pricing, and transaction history",Medium
2026-08-15,20260815-232054-01eb7c52,PRJ-20260815-0124,"Disposition / Exit - Miami / Florida - W. Palm Beach Investor Buys Condo Property, Converting to Apartment Units",80,OPP-20260815-018,DFP-FCF95CBD9B,DCL-20260815-018,Construction Financing Gap,Miami / Florida,Apartment,Unknown,Unknown,Construction Financing - Miami / Florida - S3 Capital Lends $35M for Miami-Dade County Apartments,S3 Capital Lends $35M for Miami-Dade County Apartments,Commercial Observer,https://commercialobserver.com/2026/08/s3-capital-miami-dade-county-apartments/,61,100,79,25,33,Strategic Opportunity Watch,Construction Financing,"Construction Financing Gap may create a pricing, capital, partnership, or pipeline opening in Miami / Florida.","Track potential rescue capital, debt recapitalization, or capital partner opening","Track debt stack, maturity, lender, and recapitalization details",Low
2026-08-15,20260815-232054-01eb7c52,PRJ-20260815-0107,Office-to-Residential Conversion - Los Angeles / California - Residential conversion planned for office building at 1650 S. Westwood Blvd.,80,OPP-20260815-019,DFP-FE83EA7ADB,DCL-20260815-019,LA / California Entitlement Opportunity,Los Angeles / California,Affordable Housing,Unknown,Unknown,Entitlement / Permitting - Los Angeles / California - 405 apartments take shape at 6728 Sepulveda Blvd. in Van Nuys,405 apartments take shape at 6728 Sepulveda Blvd. in Van Nuys,Urbanize LA,https://la.urbanize.city/post/405-apartments-take-shape-6728-sepulveda-blvd-van-nuys,61,100,79,25,33,Strategic Opportunity Watch,Entitlement / Permitting,"LA / California Entitlement Opportunity may create a pricing, capital, partnership, or pipeline opening in Los Angeles / California.","Monitor public-private, LIHTC, or workforce housing partnership angle","Review entitlement, zoning, permitting, and local sponsor context",Low
2026-08-15,20260815-232054-01eb7c52,PRJ-20260815-0107,Office-to-Residential Conversion - Los Angeles / California - Residential conversion planned for office building at 1650 S. Westwood Blvd.,80,OPP-20260815-020,DFP-D2556F4264,DCL-20260815-020,LA / California Entitlement Opportunity,Los Angeles / California,Affordable Housing,Unknown,Unknown,Entitlement / Permitting - Los Angeles / California - L.A. City Planning Commission approves 379 apartments at 3200 S. La Cienega Blvd.,L.A. City Planning Commission approves 379 apartments at 3200 S. La Cienega Blvd.,Urbanize LA,https://la.urbanize.city/post/la-city-planning-commission-approves-379-apartments-3200-s-la-cienega-blvd,61,100,79,25,33,Strategic Opportunity Watch,Entitlement / Permitting,"LA / California Entitlement Opportunity may create a pricing, capital, partnership, or pipeline opening in Los Angeles / California.","Monitor public-private, LIHTC, or workforce housing partnership angle","Review entitlement, zoning, permitting, and local sponsor context",Low
2026-08-15,20260815-232054-01eb7c52,PRJ-20260815-0162,Acquisition - Phoenix / Arizona - Cushman & Wakefield Arranges $19.9M in Acquisition Financing for Medical Office Buildings...,80,OPP-20260815-023,DFP-462C671250,DCL-20260815-023,Acquisition Opportunity,Phoenix / Arizona,Apartment,Unknown,Unknown,Acquisition - Phoenix / Arizona - ColRich Pays $52.4M for Mesa Rental Community,ColRich Pays $52.4M for Mesa Rental Community,Connect CRE Phoenix,https://www.connectcre.com/stories/colrich-pays-52-4m-for-mesa-rental-community/,60,100,78,25,33,Strategic Opportunity Watch,Acquisition; acquisition,"Acquisition Opportunity may create a pricing, capital, partnership, or pipeline opening in Phoenix / Arizona.","Use as a possible acquisition, pricing, or distressed basis benchmark","Research owner, basis, pricing, and transaction history",Medium
2026-08-15,20260815-232054-01eb7c52,PRJ-20260815-0107,Office-to-Residential Conversion - Los Angeles / California - Residential conversion planned for office building at 1650 S. Westwood Blvd.,80,OPP-20260815-032,DFP-7A7209F294,DCL-20260815-032,Office-to-Residential Conversion Opportunity,Los Angeles / California,Office-to-Residential Conversion,Unknown,Unknown,Office-to-Residential Conversion - Los Angeles / California - Residential conversion planned for office building at 1650 S. Westwood Blvd.,Residential conversion planned for office building at 1650 S. Westwood Blvd.,Urbanize LA,https://la.urbanize.city/post/residential-conversion-planned-office-building-1650-s-westwood-blvd,60,100,77,25,33,Strategic Opportunity Watch,Office-to-Residential Conversion; conversion; office-to-residential,"Office-to-Residential Conversion Opportunity may create a pricing, capital, partnership, or pipeline opening in Los Angeles / California.","Monitor for underwriting, market-entry, or partnership implications",Monitor for repeated signals,Medium
2026-08-15,20260815-232054-01eb7c52,PRJ-20260815-0135,"JV / Partnership - New York City / New York - Partnership Nears Completion of $158M Workforce Housing Project in Mount Vernon, New York",80,OPP-20260815-031,DFP-2C263067DD,DCL-20260815-031,JV / Partnership Gap,New York City / New York,Affordable Housing,Unknown,Unknown,"JV / Partnership - New York City / New York - Partnership Nears Completion of $158M Workforce Housing Project in Mount Vernon, New York","Partnership Nears Completion of $158M Workforce Housing Project in Mount Vernon, New York",REBusiness Online,https://rebusinessonline.com/partnership-nears-completion-of-158m-workforce-housing-project-in-mount-vernon-new-york/,59,100,77,25,33,Monitor,JV / Partnership; jv; partnership,"JV / Partnership Gap may create a pricing, capital, partnership, or pipeline opening in New York City / New York.",Map possible GP partnership or capability-building relationship,"Map GP, capital partner, and relationship history",Medium
2026-08-15,20260815-232054-01eb7c52,PRJ-20260815-0057,Construction Financing - Atlanta / Georgia - Developer Duo Obtains Construction Financing for $147M Atlanta Student Housing Project,80,OPP-20260815-030,DFP-E3B67A8D25,DCL-20260815-030,Land / Pipeline Opportunity,Atlanta / Georgia,Apartment,Unknown,Unknown,General Project Signal - Atlanta / Georgia - Atlanta Beltline Advancing 218-Unit Affordable Apartment Project,Atlanta Beltline Advancing 218-Unit Affordable Apartment Project,Connect CRE Atlanta,https://www.connectcre.com/stories/atlanta-beltline-advancing-218-unit-affordable-apartment-project/,59,100,77,25,33,Monitor,General Project Signal,"Land / Pipeline Opportunity may create a pricing, capital, partnership, or pipeline opening in Atlanta / Georgia.","Monitor for underwriting, market-entry, or partnership implications",Monitor for repeated signals,Low
2026-08-15,20260815-232054-01eb7c52,PRJ-20260815-0080,General Project Signal - Dallas / Texas - Trademark Completes 321-Unit Vickery Apartments in Downtown Fort Worth,80,OPP-20260815-024,DFP-D9CDFDB32E,DCL-20260815-024,Land / Pipeline Opportunity,Dallas / Texas,Apartment,Unknown,Unknown,General Project Signal - Dallas / Texas - Trademark Completes 321-Unit Vickery Apartments in Downtown Fort Worth,Trademark Completes 321-Unit Vickery Apartments in Downtown Fort Worth,REBusiness Online,https://rebusinessonline.com/trademark-completes-321-unit-vickery-apartments-in-downtown-fort-worth/,59,100,78,25,33,Monitor,General Project Signal,"Land / Pipeline Opportunity may create a pricing, capital, partnership, or pipeline opening in Dallas / Texas.","Monitor for underwriting, market-entry, or partnership implications",Monitor for repeated signals,Low
2026-08-15,20260815-232054-01eb7c52,PRJ-20260815-0057,Construction Financing - Atlanta / Georgia - Developer Duo Obtains Construction Financing for $147M Atlanta Student Housing Project,80,OPP-20260815-036,DFP-A08AB61ECF,DCL-20260815-036,Acquisition Opportunity,Atlanta / Georgia,Apartment,Unknown,Unknown,Acquisition - Atlanta / Georgia - Saratoga Capital Pays $98.4M at Auction for Atlanta Apartment Community,Saratoga Capital Pays $98.4M at Auction for Atlanta Apartment Community,Connect CRE Atlanta,https://www.connectcre.com/stories/saratoga-capital-pays-98-4m-at-auction-for-atlanta-apartment-community/,58,100,74,25,33,Monitor,Acquisition; acquisition,"Acquisition Opportunity may create a pricing, capital, partnership, or pipeline opening in Atlanta / Georgia.","Use as a possible acquisition, pricing, or distressed basis benchmark","Research owner, basis, pricing, and transaction history",Medium
2026-08-15,20260815-232054-01eb7c52,PRJ-20260815-0162,Acquisition - Phoenix / Arizona - Cushman & Wakefield Arranges $19.9M in Acquisition Financing for Medical Office Buildings...,80,OPP-20260815-034,DFP-F559EC8442,DCL-20260815-034,Acquisition Opportunity,Phoenix / Arizona,General Residential,Unknown,cushman,Acquisition - Phoenix / Arizona - Cushman & Wakefield Arranges $19.9M in Acquisition Financing for Medical Office Buildings...,Cushman & Wakefield Arranges $19.9M in Acquisition Financing for Medical Office Buildings in Scottsdale,REBusiness Online,https://rebusinessonline.com/cushman-wakefield-arranges-19-9m-in-acquisition-financing-for-medical-office-buildings-in-scottsdale/,58,100,75,25,33,Monitor,Acquisition; acquisition,"Acquisition Opportunity may create a pricing, capital, partnership, or pipeline opening in Phoenix / Arizona.","Use as a possible acquisition, pricing, or distressed basis benchmark","Research owner, basis, pricing, and transaction history",Medium
2026-08-15,20260815-232054-01eb7c52,PRJ-20260815-0107,Office-to-Residential Conversion - Los Angeles / California - Residential conversion planned for office building at 1650 S. Westwood Blvd.,80,OPP-20260815-040,DFP-85EBE2B3DC,DCL-20260815-040,Affordable / Workforce Housing Opportunity,Los Angeles / California,Affordable Housing,Unknown,Unknown,General Project Signal - Los Angeles / California - Affordable housing coming to 4345 S. Crenshaw Blvd. in Leimert Park,Affordable housing coming to 4345 S. Crenshaw Blvd. in Leimert Park,Urbanize LA,https://la.urbanize.city/post/affordable-housing-coming-4345-s-crenshaw-blvd-leimert-park,58,100,73,25,33,Monitor,General Project Signal,"Affordable / Workforce Housing Opportunity may create a pricing, capital, partnership, or pipeline opening in Los Angeles / California.","Monitor public-private, LIHTC, or workforce housing partnership angle",Monitor for repeated signals,Low
2026-08-15,20260815-232054-01eb7c52,PRJ-20260815-0057,Construction Financing - Atlanta / Georgia - Developer Duo Obtains Construction Financing for $147M Atlanta Student Housing Project,80,OPP-20260815-029,DFP-52059AEB2D,DCL-20260815-029,Construction Financing Gap,Atlanta / Georgia,Student Housing,Unknown,Unknown,Construction Financing - Atlanta / Georgia - Developer Duo Obtains Construction Financing for $147M Atlanta Student Housing Project,Developer Duo Obtains Construction Financing for $147M Atlanta Student Housing Project,Connect CRE Atlanta,https://www.connectcre.com/stories/developer-duo-obtain-construction-financing-for-147m-spelman-morehouse-student-housing/,58,100,77,25,33,Monitor,Construction Financing,"Construction Financing Gap may create a pricing, capital, partnership, or pipeline opening in Atlanta / Georgia.","Track potential rescue capital, debt recapitalization, or capital partner opening","Track debt stack, maturity, lender, and recapitalization details",Low
2026-08-15,20260815-232054-01eb7c52,PRJ-20260815-0057,Construction Financing - Atlanta / Georgia - Developer Duo Obtains Construction Financing for $147M Atlanta Student Housing Project,80,OPP-20260815-039,DFP-5557F87060,DCL-20260815-039,JV / Partnership Gap,Atlanta / Georgia,Apartment,Unknown,Unknown,JV / Partnership - Atlanta / Georgia - Mesirow Pays $132M for Midtown Atlanta Apartment Community,Mesirow Pays $132M for Midtown Atlanta Apartment Community,Connect CRE Atlanta,https://www.connectcre.com/stories/mesirow-pays-132m-for-midtown-atlanta-apartment-community/,58,100,74,25,33,Monitor,JV / Partnership; jv; partnership,"JV / Partnership Gap may create a pricing, capital, partnership, or pipeline opening in Atlanta / Georgia.",Map possible GP partnership or capability-building relationship,"Map GP, capital partner, and relationship history",Medium
2026-08-15,20260815-232054-01eb7c52,PRJ-20260815-0172,"Acquisition - San Francisco / California - Sack Capital, Align Finance Close Financing for Two Step Up Housing Acquisitions",80,OPP-20260815-046,DFP-876040ECCA,DCL-20260815-046,LA / California Entitlement Opportunity,San Francisco / California,Apartment,Unknown,Unknown,"Entitlement / Permitting - San Francisco / California - Permits Filed For 2740 McAllister Street, San Francisco","Permits Filed For 2740 McAllister Street, San Francisco",SF YIMBY,https://sfyimby.com/2026/08/permits-filed-for-2740-mcallister-street-san-francisco.html,58,100,71,25,33,Monitor,Entitlement / Permitting,"LA / California Entitlement Opportunity may create a pricing, capital, partnership, or pipeline opening in San Francisco / California.","Monitor for underwriting, market-entry, or partnership implications","Review entitlement, zoning, permitting, and local sponsor context",Low
2026-08-15,20260815-232054-01eb7c52,PRJ-20260815-0124,"Disposition / Exit - Miami / Florida - W. Palm Beach Investor Buys Condo Property, Converting to Apartment Units",80,OPP-20260815-042,DFP-BA28271FDA,DCL-20260815-042,Land / Pipeline Opportunity,Miami / Florida,Apartment,Unknown,Related Companies,General Project Signal - Miami / Florida - Related Planning Apartments on Site at Fort Lauderdale Office Park,Related Planning Apartments on Site at Fort Lauderdale Office Park,Connect CRE Apartments,https://www.connectcre.com/stories/related-planning-apartments-on-site-at-fort-lauderdale-office-park/,58,100,72,25,33,Monitor,General Project Signal,"Land / Pipeline Opportunity may create a pricing, capital, partnership, or pipeline opening in Miami / Florida.","Monitor for underwriting, market-entry, or partnership implications",Monitor for repeated signals,Low
2026-08-15,20260815-232054-01eb7c52,PRJ-20260815-0057,Construction Financing - Atlanta / Georgia - Developer Duo Obtains Construction Financing for $147M Atlanta Student Housing Project,80,OPP-20260815-045,DFP-07ED33BE57,DCL-20260815-045,Acquisition Opportunity,Atlanta / Georgia,Apartment,Unknown,Unknown,Acquisition - Atlanta / Georgia - ParkProperty Acquires 280-Unit Buckhead Apartment Community,ParkProperty Acquires 280-Unit Buckhead Apartment Community,Connect CRE Atlanta,https://www.connectcre.com/stories/parkproperty-acquires-280-unit-buckhead-apartment-community/,57,100,71,25,33,Monitor,Acquisition; acquisition,"Acquisition Opportunity may create a pricing, capital, partnership, or pipeline opening in Atlanta / Georgia.","Use as a possible acquisition, pricing, or distressed basis benchmark","Research owner, basis, pricing, and transaction history",Medium
2026-08-15,20260815-232054-01eb7c52,PRJ-20260815-0057,Construction Financing - Atlanta / Georgia - Developer Duo Obtains Construction Financing for $147M Atlanta Student Housing Project,80,OPP-20260815-044,DFP-7B5F4F1F30,DCL-20260815-044,Office-to-Residential Conversion Opportunity,Atlanta / Georgia,Apartment,Unknown,Unknown,Office-to-Residential Conversion - Atlanta / Georgia - JLB Pursuing Buckhead Office-to-Apartments Conversion,JLB Pursuing Buckhead Office-to-Apartments Conversion,Connect CRE Atlanta,https://www.connectcre.com/stories/jlb-pursuing-buckhead-office-to-apartments-conversion/,57,100,72,25,33,Monitor,Office-to-Residential Conversion; conversion; office-to-residential,"Office-to-Residential Conversion Opportunity may create a pricing, capital, partnership, or pipeline opening in Atlanta / Georgia.","Monitor for underwriting, market-entry, or partnership implications",Monitor for repeated signals,Medium
2026-08-15,20260815-232054-01eb7c52,PRJ-20260815-0162,Acquisition - Phoenix / Arizona - Cushman & Wakefield Arranges $19.9M in Acquisition Financing for Medical Office Buildings...,80,OPP-20260815-049,DFP-8BE15D2E8A,DCL-20260815-049,BTR / SFR Platform Opportunity,Phoenix / Arizona,BTR / Single-Family Rental,Unknown,Unknown,BTR / Build-to-Rent - Phoenix / Arizona - Porter Kyle Adds New 100-Unit BTR Community to East Valley Portfolio,Porter Kyle Adds New 100-Unit BTR Community to East Valley Portfolio,Connect CRE Phoenix,https://www.connectcre.com/stories/porter-kyle-adds-new-100-unit-btr-community-to-east-valley-portfolio/,55,100,68,25,33,Monitor,BTR / Build-to-Rent,"BTR / SFR Platform Opportunity may create a pricing, capital, partnership, or pipeline opening in Phoenix / Arizona.",Monitor BTR / SFR platform strategy and possible partner benchmarks,Monitor for repeated signals,Low
2026-08-15,20260815-232054-01eb7c52,PRJ-20260815-0080,General Project Signal - Dallas / Texas - Trademark Completes 321-Unit Vickery Apartments in Downtown Fort Worth,80,OPP-20260815-048,DFP-C2E2FD5698,DCL-20260815-048,Land / Pipeline Opportunity,Dallas / Texas,Student Housing,Unknown,Unknown,Development Start - Dallas / Texas - Teeple Adding 312-Unit Student Housing Project to Texas A&M Offering,Teeple Adding 312-Unit Student Housing Project to Texas A&M Offering,Connect CRE Texas,https://www.connectcre.com/stories/teeple-adding-312-unit-student-housing-project-to-texas-am-offering/,55,100,69,25,33,Monitor,Development Start,"Land / Pipeline Opportunity may create a pricing, capital, partnership, or pipeline opening in Dallas / Texas.","Monitor for underwriting, market-entry, or partnership implications",Monitor for repeated signals,Low
2026-08-15,20260815-232054-01eb7c52,PRJ-20260815-0107,Office-to-Residential Conversion - Los Angeles / California - Residential conversion planned for office building at 1650 S. Westwood Blvd.,80,OPP-20260815-051,DFP-236F75B93D,DCL-20260815-051,Office-to-Residential Conversion Opportunity,Los Angeles / California,General Residential,Unknown,Unknown,Office-to-Residential Conversion - Los Angeles / California - Fresh renderings for Watts Towers Art Center revamp,Fresh renderings for Watts Towers Art Center revamp,Urbanize LA,https://la.urbanize.city/post/fresh-renderings-watts-towers-art-center-revamp,55,100,66,25,33,Monitor,Office-to-Residential Conversion; conversion; office-to-residential,"Office-to-Residential Conversion Opportunity may create a pricing, capital, partnership, or pipeline opening in Los Angeles / California.","Monitor for underwriting, market-entry, or partnership implications",Monitor for repeated signals,Medium
2026-08-15,20260815-232054-01eb7c52,PRJ-20260815-0131,General Project Signal - National - Mount Vernon Project Features 228 Rental Units for Households Earning Between 40% to 80% o...,80,OPP-20260815-053,DFP-8952701BDA,DCL-20260815-053,Land / Pipeline Opportunity,National,Senior Housing,Unknown,Unknown,General Project Signal - National - Mixed-use senior housing project slated for 540 S. Lake Ave. in Pasadena,Mixed-use senior housing project slated for 540 S. Lake Ave. in Pasadena,Urbanize LA,https://la.urbanize.city/post/mixed-use-senior-housing-project-slated-540-s-lake-ave-pasadena,54,100,66,25,33,Monitor,General Project Signal,"Land / Pipeline Opportunity may create a pricing, capital, partnership, or pipeline opening in National.","Monitor for underwriting, market-entry, or partnership implications",Monitor for repeated signals,Low
2026-08-15,20260815-232054-01eb7c52,PRJ-20260815-0156,"Acquisition - Other / Unknown - With Illinois' Senior Population Set To Grow By 40%, Developers Are Facing A Financing Puz...",80,OPP-20260815-054,DFP-2F6D8F65F6,DCL-20260815-054,Land / Pipeline Opportunity,Other / Unknown,Apartment,Unknown,Unknown,Development Start - Other / Unknown - Missing Middle Weakness,Missing Middle Weakness,NAHB Eye on Housing - Multifamily,https://eyeonhousing.org/2026/01/missing-middle-weakness/,54,100,65,25,33,Monitor,Development Start,"Land / Pipeline Opportunity may create a pricing, capital, partnership, or pipeline opening in Other / Unknown.","Monitor for underwriting, market-entry, or partnership implications",Monitor for repeated signals,Low
2026-08-15,20260815-232054-01eb7c52,PRJ-20260815-0156,"Acquisition - Other / Unknown - With Illinois' Senior Population Set To Grow By 40%, Developers Are Facing A Financing Puz...",80,OPP-20260815-055,DFP-1CC92B04D8,DCL-20260815-055,Land / Pipeline Opportunity,Other / Unknown,Multifamily,Unknown,Unknown,General Project Signal - Other / Unknown - 2026 Resident Experience Management Report,2026 Resident Experience Management Report,Multifamily Executive,https://www.multifamilyexecutive.com/premium/whitepaper/753766,54,100,64,25,33,Monitor,General Project Signal,"Land / Pipeline Opportunity may create a pricing, capital, partnership, or pipeline opening in Other / Unknown.","Monitor for underwriting, market-entry, or partnership implications",Monitor for repeated signals,Low
2026-08-15,20260815-232054-01eb7c52,PRJ-20260815-0107,Office-to-Residential Conversion - Los Angeles / California - Residential conversion planned for office building at 1650 S. Westwood Blvd.,80,OPP-20260815-056,DFP-C693D1F25A,DCL-20260815-056,Acquisition Opportunity,Los Angeles / California,Mixed-Use Residential,Unknown,Unknown,Acquisition - Los Angeles / California - BXP Signs on as Development Advisor for Unfinished Oceanwide Tower Mixed-Use Project in Sa...,BXP Signs on as Development Advisor for Unfinished Oceanwide Tower Mixed-Use Project in San Francisco,Yield PRO,https://yieldpro.com/2026/08/oceanwide-plaza-site/,53,100,63,25,33,Monitor,Acquisition; acquisition,"Acquisition Opportunity may create a pricing, capital, partnership, or pipeline opening in Los Angeles / California.","Use as a possible acquisition, pricing, or distressed basis benchmark","Research owner, basis, pricing, and transaction history",Medium
2026-08-15,20260815-232054-01eb7c52,PRJ-20260815-0156,"Acquisition - Other / Unknown - With Illinois' Senior Population Set To Grow By 40%, Developers Are Facing A Financing Puz...",80,OPP-20260815-057,DFP-2950158D94,DCL-20260815-057,Acquisition Opportunity,Other / Unknown,Senior Housing,Unknown,Unknown,"Acquisition - Other / Unknown - With Illinois' Senior Population Set To Grow By 40%, Developers Are Facing A Financing Puz...","With Illinois' Senior Population Set To Grow By 40%, Developers Are Facing A Financing Puzzle",Bisnow,https://www.bisnow.com/news/chicago/senior-housing/illinois-senior-population-growth-developers-face-financing-puzzle,53,100,63,25,33,Monitor,Acquisition; acquisition,"Acquisition Opportunity may create a pricing, capital, partnership, or pipeline opening in Other / Unknown.","Use as a possible acquisition, pricing, or distressed basis benchmark","Research owner, basis, pricing, and transaction history",Medium
2026-08-15,20260815-232054-01eb7c52,PRJ-20260815-0156,"Acquisition - Other / Unknown - With Illinois' Senior Population Set To Grow By 40%, Developers Are Facing A Financing Puz...",80,OPP-20260815-059,DFP-6016736465,DCL-20260815-059,LA / California Entitlement Opportunity,Other / Unknown,Apartment,Unknown,Unknown,"Entitlement / Permitting - Other / Unknown - Updated Permits For 2712 Telegraph Avenue, Berkeley","Updated Permits For 2712 Telegraph Avenue, Berkeley",SF YIMBY,https://sfyimby.com/2026/08/updated-permits-for-2712-telegraph-avenue-berkeley.html,53,100,61,25,33,Monitor,Entitlement / Permitting,"LA / California Entitlement Opportunity may create a pricing, capital, partnership, or pipeline opening in Other / Unknown.","Monitor for underwriting, market-entry, or partnership implications","Review entitlement, zoning, permitting, and local sponsor context",Low
2026-08-15,20260815-232054-01eb7c52,PRJ-20260815-0131,General Project Signal - National - Mount Vernon Project Features 228 Rental Units for Households Earning Between 40% to 80% o...,80,OPP-20260815-064,DFP-32311DAE38,DCL-20260815-064,Affordable / Workforce Housing Opportunity,National,Workforce Housing,Unknown,Unknown,General Project Signal - National - Mount Vernon Project Features 228 Rental Units for Households Earning Between 40% to 80% o...,Mount Vernon Project Features 228 Rental Units for Households Earning Between 40% to 80% of Area Median Income,Yield PRO,https://yieldpro.com/2026/08/q-west/,52,100,59,25,33,Monitor,General Project Signal,"Affordable / Workforce Housing Opportunity may create a pricing, capital, partnership, or pipeline opening in National.","Monitor public-private, LIHTC, or workforce housing partnership angle",Monitor for repeated signals,Low
2026-08-15,20260815-232054-01eb7c52,PRJ-20260815-0156,"Acquisition - Other / Unknown - With Illinois' Senior Population Set To Grow By 40%, Developers Are Facing A Financing Puz...",80,OPP-20260815-060,DFP-53DEBBEA0C,DCL-20260815-060,Land / Pipeline Opportunity,Other / Unknown,Multifamily,Unknown,Unknown,Development Start - Other / Unknown - First Quarter 2026 Multifamily Construction Data,First Quarter 2026 Multifamily Construction Data,NAHB Eye on Housing - Multifamily,https://eyeonhousing.org/2026/05/first-quarter-2026-multifamily-construction-data/,52,100,59,25,33,Monitor,Development Start,"Land / Pipeline Opportunity may create a pricing, capital, partnership, or pipeline opening in Other / Unknown.","Monitor for underwriting, market-entry, or partnership implications",Monitor for repeated signals,Low
2026-08-15,20260815-232054-01eb7c52,PRJ-20260815-0156,"Acquisition - Other / Unknown - With Illinois' Senior Population Set To Grow By 40%, Developers Are Facing A Financing Puz...",80,OPP-20260815-061,DFP-B90543DC0D,DCL-20260815-061,Land / Pipeline Opportunity,Other / Unknown,Multifamily,Unknown,Unknown,Development Start - Other / Unknown - Fourth Quarter 2025 Multifamily Construction Data,Fourth Quarter 2025 Multifamily Construction Data,NAHB Eye on Housing - Multifamily,https://eyeonhousing.org/2026/03/fourth-quarter-2025-multifamily-construction-data/,52,100,59,25,33,Monitor,Development Start,"Land / Pipeline Opportunity may create a pricing, capital, partnership, or pipeline opening in Other / Unknown.","Monitor for underwriting, market-entry, or partnership implications",Monitor for repeated signals,Low
2026-08-15,20260815-232054-01eb7c52,PRJ-20260815-0156,"Acquisition - Other / Unknown - With Illinois' Senior Population Set To Grow By 40%, Developers Are Facing A Financing Puz...",80,OPP-20260815-062,DFP-929C698B57,DCL-20260815-062,Land / Pipeline Opportunity,Other / Unknown,Multifamily,Unknown,Unknown,Development Start - Other / Unknown - Overall Housing Starts Inch Lower in 2025,Overall Housing Starts Inch Lower in 2025,NAHB Eye on Housing - Multifamily,https://eyeonhousing.org/2026/02/overall-housing-starts-inch-lower-in-2025/,52,100,59,25,33,Monitor,Development Start,"Land / Pipeline Opportunity may create a pricing, capital, partnership, or pipeline opening in Other / Unknown.","Monitor for underwriting, market-entry, or partnership implications",Monitor for repeated signals,Low
2026-08-15,20260815-232054-01eb7c52,PRJ-20260815-0156,"Acquisition - Other / Unknown - With Illinois' Senior Population Set To Grow By 40%, Developers Are Facing A Financing Puz...",80,OPP-20260815-063,DFP-9635218EA1,DCL-20260815-063,Land / Pipeline Opportunity,Other / Unknown,Multifamily,Unknown,Unknown,Development Start - Other / Unknown - Third Quarter 2025 Multifamily Construction Data,Third Quarter 2025 Multifamily Construction Data,NAHB Eye on Housing - Multifamily,https://eyeonhousing.org/2026/01/third-quarter-2025-multifamily-construction-data/,52,100,59,25,33,Monitor,Development Start,"Land / Pipeline Opportunity may create a pricing, capital, partnership, or pipeline opening in Other / Unknown.","Monitor for underwriting, market-entry, or partnership implications",Monitor for repeated signals,Low
2026-08-15,20260815-232054-01eb7c52,PRJ-20260815-0089,"Acquisition - Georgia - Colliers Negotiates Sale of 30,865 SF Retail Center in Statesboro, Georgia",80,OPP-20260815-052,DFP-F966BBA8D0,DCL-20260815-052,Acquisition Opportunity,Georgia,Student Housing,Unknown,Unknown,"Acquisition - Georgia - Colliers Negotiates Sale of 30,865 SF Retail Center in Statesboro, Georgia","Colliers Negotiates Sale of 30,865 SF Retail Center in Statesboro, Georgia",REBusiness Online,https://rebusinessonline.com/colliers-negotiates-sale-of-30865-sf-retail-center-in-statesboro-georgia/,51,100,66,25,25,Monitor,Acquisition; acquisition,"Acquisition Opportunity may create a pricing, capital, partnership, or pipeline opening in Georgia.","Use as a possible acquisition, pricing, or distressed basis benchmark","Research owner, basis, pricing, and transaction history",Medium
2026-08-15,20260815-232054-01eb7c52,PRJ-20260815-0156,"Acquisition - Other / Unknown - With Illinois' Senior Population Set To Grow By 40%, Developers Are Facing A Financing Puz...",80,OPP-20260815-065,DFP-417E3A4C6C,DCL-20260815-065,Land / Pipeline Opportunity,Other / Unknown,Apartment,Unknown,Unknown,General Project Signal - Other / Unknown - Share of Apartments Built in Buildings with 50+ Units Moves Higher in 2025,Share of Apartments Built in Buildings with 50+ Units Moves Higher in 2025,NAHB Eye on Housing - Multifamily,https://eyeonhousing.org/2026/07/share-of-apartments-built-in-buildings-with-50-units-moves-higher-in-2025/,51,100,57,25,33,Monitor,General Project Signal,"Land / Pipeline Opportunity may create a pricing, capital, partnership, or pipeline opening in Other / Unknown.","Monitor for underwriting, market-entry, or partnership implications",Monitor for repeated signals,Low
2026-08-15,20260815-232054-01eb7c52,PRJ-20260815-0156,"Acquisition - Other / Unknown - With Illinois' Senior Population Set To Grow By 40%, Developers Are Facing A Financing Puz...",80,OPP-20260815-066,DFP-AE0C2C64AA,DCL-20260815-066,Land / Pipeline Opportunity,Other / Unknown,Apartment,Unknown,Unknown,General Project Signal - Other / Unknown - Multifamily Absorption Rate Remains Below 50%,Multifamily Absorption Rate Remains Below 50%,NAHB Eye on Housing - Multifamily,https://eyeonhousing.org/2026/03/multifamily-absorption-rate-remains-below-50/,51,100,56,25,33,Monitor,General Project Signal,"Land / Pipeline Opportunity may create a pricing, capital, partnership, or pipeline opening in Other / Unknown.","Monitor for underwriting, market-entry, or partnership implications",Monitor for repeated signals,Low
