run_date,run_id,canonical_project_id,canonical_project_name,market,submarket,residential_sector,gp_or_developer,first_seen_date,last_seen_date,observation_count,source_count,lifecycle_stage_history,latest_lifecycle_stage,highest_opportunity_score,highest_risk_score,entitlement_signal_count,timing_signal_count,financing_signal_count,distress_signal_count,relationship_edge_count,progression_status,stall_risk_label,persistent_asset_score,woomi_asset_watch_priority,recommended_asset_memory_follow_up
2026-07-27,20260727-000045-568389d6,PRJ-20260727-0090,Refinancing - Los Angeles / California - Walker & Dunlop Arranges $28.9M Loan for Refinancing of Affordable Housing Complex in Los...,California,Los Angeles,Affordable Housing,Walker & Dunlop,2026-07-27,2026-07-27,6,6,Refinancing / Recapitalization,Refinancing / Recapitalization,100,49,0,0,6,0,0,Persistent Same Stage,Low Stall Risk,92,Priority Asset Watch,"Create or refresh a project watch file with sponsor, site, entitlement, financing, and timing notes"
2026-07-27,20260727-000045-568389d6,PRJ-20260727-0155,Construction Financing - Miami / Florida - CDK Capital with Valley National Bank Provide Pre-Construction Financing for Landmark Mult...,Unknown,South Florida,Apartment,IPA,2026-07-27,2026-07-27,10,5,Site Acquisition / Site Control; Unknown Stage,Site Acquisition / Site Control,96,46,0,10,0,0,0,Unknown,Low Stall Risk,91,Priority Asset Watch,"Create or refresh a project watch file with sponsor, site, entitlement, financing, and timing notes"
2026-07-27,20260727-000045-568389d6,PRJ-20260727-0042,Development Start - Atlanta / Georgia - Financing Secured for Centennial Yards Mixed-Use Project,Unknown,Atlanta,Mixed-Use Residential,CIM Group,2026-07-27,2026-07-27,9,5,Construction Ready; Site Acquisition / Site Control,Construction Ready,98,36,0,0,0,0,0,Persistent Same Stage,Low Stall Risk,90,Priority Asset Watch,"Create or refresh a project watch file with sponsor, site, entitlement, financing, and timing notes"
2026-07-27,20260727-000045-568389d6,PRJ-20260727-0053,Acquisition - California - Original Developer Trades Castro Valley Multifamily Duo,California,California,Apartment,Berkadia,2026-07-27,2026-07-27,11,9,Unknown Stage,Unknown Stage,100,32,0,0,0,0,3,Unknown,Low Stall Risk,90,Priority Asset Watch,"Create or refresh a project watch file with sponsor, site, entitlement, financing, and timing notes"
2026-07-27,20260727-000045-568389d6,PRJ-20260727-0052,Acquisition - California - Bascom Acquires Buena Park Apartments as Value-Add Deal,California,California,Apartment,Bascom Group,2026-07-27,2026-07-27,10,9,Unknown Stage,Unknown Stage,97,31,0,0,0,0,2,Unknown,Low Stall Risk,89,Priority Asset Watch,"Create or refresh a project watch file with sponsor, site, entitlement, financing, and timing notes"
2026-07-27,20260727-000045-568389d6,PRJ-20260727-0055,Disposition / Exit - California - Marcus & Millichap Arranges $12.5M Sale of 81-Unit Multifamily Property in La Mesa Califor...,California,California,Apartment,Marcus & Millichap,2026-07-27,2026-07-27,51,9,Unknown Stage; Unknown Stage; Unknown Stage; Unknown Stage; Unknown Stage; Unknown Stage,Unknown Stage,97,31,0,0,0,0,10,Unknown,Low Stall Risk,89,Priority Asset Watch,"Create or refresh a project watch file with sponsor, site, entitlement, financing, and timing notes"
2026-07-27,20260727-000045-568389d6,PRJ-20260727-0089,Disposition / Exit - California - Marcus & Millichap Arranges $12.5M Sale of 81-Unit Multifamily Property in La Mesa Califor...,California,Los Angeles,Apartment,Marcus & Millichap,2026-07-27,2026-07-27,11,6,Delivery / Opening; Unknown Stage,Delivery / Opening,98,31,0,0,0,0,0,Mature / Operating,Low Stall Risk,89,Priority Asset Watch,"Create or refresh a project watch file with sponsor, site, entitlement, financing, and timing notes"
2026-07-27,20260727-000045-568389d6,PRJ-20260727-0043,Acquisition - Atlanta / Georgia - Walton Communities Offloads Two Atlanta Rental Properties,Unknown,Atlanta,Affordable Housing,JLL,2026-07-27,2026-07-27,5,5,Unknown Stage,Unknown Stage,91,31,0,0,0,0,0,Unknown,Low Stall Risk,87,Priority Asset Watch,"Create or refresh a project watch file with sponsor, site, entitlement, financing, and timing notes"
2026-07-27,20260727-000045-568389d6,PRJ-20260727-0064,JV / Partnership - Dallas / Texas - JLL Nabs Listing for 345-Unit Uptown Dallas Apartment Tower,Unknown,Dallas,Mixed-Use Residential,Hines,2026-07-27,2026-07-27,5,5,Unknown Stage,Unknown Stage,91,31,0,0,0,0,0,Unknown,Low Stall Risk,87,Priority Asset Watch,"Create or refresh a project watch file with sponsor, site, entitlement, financing, and timing notes"
2026-07-27,20260727-000045-568389d6,PRJ-20260727-0092,Development Start - Los Angeles / California - Logos Faith Development Has Signed Long-Term Headquarters Lease Cementing Their Presence i...,California,Los Angeles,Affordable Housing,Unknown,2026-07-27,2026-07-27,11,3,Construction Started; Entitlement Under Review; Environmental Review / CEQA; Unknown Stage,Construction Started,78,60,11,0,0,0,0,Persistent Same Stage,Medium Stall Risk,84,Priority Asset Watch,"Create or refresh a project watch file with sponsor, site, entitlement, financing, and timing notes"
2026-07-27,20260727-000045-568389d6,PRJ-20260727-0144,Refinancing - California - Lightstone Capital Refis San Diego Apartments With $34M Loan,California,San Diego,Apartment,Unknown,2026-07-27,2026-07-27,4,4,Delivery / Opening,Delivery / Opening,86,58,0,0,4,0,0,Mature / Operating,Medium Stall Risk,84,Priority Asset Watch,"Create or refresh a project watch file with sponsor, site, entitlement, financing, and timing notes"
2026-07-27,20260727-000045-568389d6,PRJ-20260727-0057,General Project Signal - California - Interstate Equities Closes Institutional Fund at $215M,California,California,Apartment,Unknown,2026-07-27,2026-07-27,9,7,Unknown Stage,Unknown Stage,79,37,0,0,3,1,0,Unknown,Low Stall Risk,84,Priority Asset Watch,"Create or refresh a project watch file with sponsor, site, entitlement, financing, and timing notes"
2026-07-27,20260727-000045-568389d6,PRJ-20260727-0087,Disposition / Exit - Other / Unknown - Legacy Lakefront Apartment Community Trades for First Time in Three Decades in Minnesota,Unknown,Unknown,Apartment,JLL,2026-07-27,2026-07-27,5,3,,Unknown Stage,90,26,0,0,0,0,0,Newly Detected,Low Stall Risk,83,Priority Asset Watch,"Create or refresh a project watch file with sponsor, site, entitlement, financing, and timing notes"
2026-07-27,20260727-000045-568389d6,PRJ-20260727-0109,"General Project Signal - New York City / New York - Carlyle Group, Haussmann Submit Plans for 99 Units at Brooklyn’s 566 Grand Avenue",Unknown,New York City,Apartment,Unknown,2026-07-27,2026-07-27,8,3,Early Site Signal; Refinancing / Recapitalization; Unknown Stage,Early Site Signal,72,55,0,0,3,0,0,Persistent Same Stage,Medium Stall Risk,82,Priority Asset Watch,"Create or refresh a project watch file with sponsor, site, entitlement, financing, and timing notes"
2026-07-27,20260727-000045-568389d6,PRJ-20260727-0046,Construction Financing - Atlanta / Georgia - Developer Duo Obtains Construction Financing for $147M Atlanta Student Housing Project,Unknown,Atlanta,Student Housing,Unknown,2026-07-27,2026-07-27,9,3,Unknown Stage; Unknown Stage; Unknown Stage,Unknown Stage,75,51,0,9,0,0,0,Unknown,Medium Stall Risk,82,Priority Asset Watch,"Create or refresh a project watch file with sponsor, site, entitlement, financing, and timing notes"
2026-07-27,20260727-000045-568389d6,PRJ-20260727-0110,Refinancing - New York - Greystone Provides $92M in Fannie Mae Loans to Metropolitan Realty,New York,New York,Affordable Housing,Greystone,2026-07-27,2026-07-27,10,8,Refinancing / Recapitalization,Refinancing / Recapitalization,88,49,0,0,10,1,3,Persistent Same Stage,Low Stall Risk,79,Priority Asset Watch,"Create or refresh a project watch file with sponsor, site, entitlement, financing, and timing notes"
2026-07-27,20260727-000045-568389d6,PRJ-20260727-0093,Development Start - Los Angeles / California - Logos Faith Development Has Signed Long-Term Headquarters Lease Cementing Their Presence i...,Los Angeles / California,Los Angeles,Affordable Housing,Unknown,2026-07-27,2026-07-27,13,5,Site Acquisition / Site Control; Entitlement Under Review; Environmental Review / CEQA,Site Acquisition / Site Control,48,58,13,0,0,0,0,Persistent Same Stage,Medium Stall Risk,78,Priority Asset Watch,"Create or refresh a project watch file with sponsor, site, entitlement, financing, and timing notes"
2026-07-27,20260727-000045-568389d6,PRJ-20260727-0096,Development Start - Los Angeles / California - Logos Faith Development Has Signed Long-Term Headquarters Lease Cementing Their Presence i...,Other / Unknown,Los Angeles,Multifamily,Unknown,2026-07-27,2026-07-27,52,7,Site Acquisition / Site Control; Entitlement Under Review,Site Acquisition / Site Control,58,38,52,52,0,0,0,Persistent Same Stage,Low Stall Risk,78,Priority Asset Watch,"Create or refresh a project watch file with sponsor, site, entitlement, financing, and timing notes"
2026-07-27,20260727-000045-568389d6,PRJ-20260727-0078,Disposition / Exit - Los Angeles / California - 1929-Vintage Los Feliz Apartments Sell to Dream Street Capital,Los Angeles / California,Unknown,Apartment,Marcus & Millichap,2026-07-27,2026-07-27,7,5,Delivery / Opening,Delivery / Opening,72,11,0,0,0,0,3,Mature / Operating,No Clear Stall Risk,78,Priority Asset Watch,"Create or refresh a project watch file with sponsor, site, entitlement, financing, and timing notes"
2026-07-27,20260727-000045-568389d6,PRJ-20260727-0114,Acquisition - Other / Unknown - Becovic Residential Buys The Vivian in Chicago’s Rogers Park Neighborhood for $25.6M,Unknown,Unknown,Apartment,Berkadia,2026-07-27,2026-07-27,8,7,Site Acquisition / Site Control,Site Acquisition / Site Control,89,36,0,0,0,0,2,Persistent Same Stage,Low Stall Risk,77,Priority Asset Watch,"Create or refresh a project watch file with sponsor, site, entitlement, financing, and timing notes"
2026-07-27,20260727-000045-568389d6,PRJ-20260727-0136,Construction Financing - Phoenix / Arizona - PCCP Provides $51.8M Refi of Gilbert 236-Unit Multifamily Community,Unknown,Phoenix,Apartment,PCCP,2026-07-27,2026-07-27,6,4,Unknown Stage; Unknown Stage,Unknown Stage,81,44,0,6,0,0,0,Unknown,Low Stall Risk,76,Priority Asset Watch,"Create or refresh a project watch file with sponsor, site, entitlement, financing, and timing notes"
2026-07-27,20260727-000045-568389d6,PRJ-20260727-0060,Office-to-Residential Conversion - Santa Monica / California - Kennedy Wilson plans 133 apartments at 700 Colorado Ave. in Santa Monica,Santa Monica / California,Colorado,Office-to-Residential Conversion,Kennedy Wilson,2026-07-27,2026-07-27,5,5,Early Site Signal,Early Site Signal,50,37,2,0,0,0,0,Persistent Same Stage,Low Stall Risk,76,Priority Asset Watch,"Create or refresh a project watch file with sponsor, site, entitlement, financing, and timing notes"
2026-07-27,20260727-000045-568389d6,PRJ-20260727-0115,Acquisition - Other / Unknown - Caisson Capital Partners Acquires Kansas Apartment Community for $23.4M,Unknown,Unknown,Apartment,CBRE,2026-07-27,2026-07-27,6,5,,Unknown Stage,87,26,0,0,3,0,2,Newly Detected,Low Stall Risk,75,Priority Asset Watch,"Create or refresh a project watch file with sponsor, site, entitlement, financing, and timing notes"
2026-07-27,20260727-000045-568389d6,PRJ-20260727-0129,Disposition / Exit - Other / Unknown - Legacy Lakefront Apartment Community Trades for First Time in Three Decades in Minnesota,Other / Unknown,Unknown,Apartment,JLL,2026-07-27,2026-07-27,7,6,Unknown Stage,Unknown Stage,49,31,0,0,0,0,2,Unknown,Low Stall Risk,74,Strategic Asset Watch,Monitor for repeated project updates
2026-07-27,20260727-000045-568389d6,PRJ-20260727-0154,"Acquisition - Miami / Florida - Avalon Bay Planning Apartments, Retail in South Miami",Unknown,South Florida,Mixed-Use Residential,AvalonBay,2026-07-27,2026-07-27,5,5,Unknown Stage,Unknown Stage,48,29,5,0,0,0,0,Unknown,Low Stall Risk,74,Strategic Asset Watch,Monitor for repeated project updates
2026-07-27,20260727-000045-568389d6,PRJ-20260727-0113,Acquisition - Other / Unknown - 6 major multifamily M&As announced this year,Unknown,Unknown,Apartment,AvalonBay,2026-07-27,2026-07-27,6,5,,Unknown Stage,79,26,0,0,0,0,2,Newly Detected,Low Stall Risk,73,Strategic Asset Watch,Monitor for repeated project updates
2026-07-27,20260727-000045-568389d6,PRJ-20260727-0163,Disposition / Exit - Tampa / Florida - Highly Competitive Marketing Process Yields Significant Investor Interest for Newer Florid...,Unknown,Tampa,Apartment,Unknown,2026-07-27,2026-07-27,6,3,Refinancing / Recapitalization; Unknown Stage,Refinancing / Recapitalization,72,55,0,6,3,0,0,Persistent Same Stage,Medium Stall Risk,72,Strategic Asset Watch,Monitor for repeated project updates
2026-07-27,20260727-000045-568389d6,PRJ-20260727-0151,"Office-to-Residential Conversion - Santa Monica / California - Graffiti tower cleanup begins, Homeless population grows, and more",Unknown,Santa Monica,Multifamily,Unknown,2026-07-27,2026-07-27,3,3,Unknown Stage,Unknown Stage,84,44,0,0,0,0,0,Unknown,Low Stall Risk,72,Strategic Asset Watch,Monitor for repeated project updates
2026-07-27,20260727-000045-568389d6,PRJ-20260727-0164,"Acquisition - Texas - Protective Live, Berkadia Provide $50M for Two Senior Living Facilities",Texas,Texas,Senior Housing,Berkadia,2026-07-27,2026-07-27,9,7,Unknown Stage,Unknown Stage,74,30,0,0,0,0,3,Unknown,Low Stall Risk,72,Strategic Asset Watch,Monitor for repeated project updates
2026-07-27,20260727-000045-568389d6,PRJ-20260727-0044,Construction Financing - Atlanta / Georgia - Developer Duo Obtains Construction Financing for $147M Atlanta Student Housing Project,Atlanta / Georgia,Atlanta,Student Housing,Unknown,2026-07-27,2026-07-27,5,3,Site Acquisition / Site Control,Site Acquisition / Site Control,45,36,0,5,0,0,0,Persistent Same Stage,Low Stall Risk,71,Strategic Asset Watch,Monitor for repeated project updates
2026-07-27,20260727-000045-568389d6,PRJ-20260727-0082,Disposition / Exit - Los Angeles / California - Sony Pictures and Alamo Drafthouse to revive Hollywood's iconic Cinerama Dome,Unknown,Los Angeles / California,General Residential,Unknown,2026-07-27,2026-07-27,5,3,Unknown Stage; Unknown Stage,Unknown Stage,47,32,0,0,0,0,0,Unknown,Low Stall Risk,71,Strategic Asset Watch,Monitor for repeated project updates
2026-07-27,20260727-000045-568389d6,PRJ-20260727-0095,"No, the Pfizer Near-Disaster Won’t Slow New York’s Conversion Wave",New York City / New York,Los Angeles,Office-to-Residential Conversion,Unknown,2026-07-27,2026-07-27,8,4,Unknown Stage; Unknown Stage,Unknown Stage,37,29,2,0,0,0,0,Unknown,Low Stall Risk,70,Strategic Asset Watch,Monitor for repeated project updates
2026-07-27,20260727-000045-568389d6,PRJ-20260727-0094,West Palm Beach Eyeing Waterfront Rezoning Moratorium,Miami / Florida,Los Angeles,Apartment,Unknown,2026-07-27,2026-07-27,4,4,Entitlement Under Review,Entitlement Under Review,46,37,1,0,0,0,0,Persistent Same Stage,Low Stall Risk,68,Strategic Asset Watch,Track entitlement path and local approval milestones
2026-07-27,20260727-000045-568389d6,PRJ-20260727-0169,Disposition / Exit - Other / Unknown - NAHB HBGI: Micro Markets Lone Bright Spot for Single-Family Building in Fourth Quarter,Unknown,Unknown,Apartment,Unknown,2026-07-27,2026-07-27,28,2,Vertical Construction; Early Site Signal; Site Acquisition / Site Control; Unknown Stage; Entitlement Under Review; Unknown Stage; Delivery / Opening; Unknown Stage,Vertical Construction,77,39,28,28,0,0,0,Persistent Same Stage,Low Stall Risk,67,Strategic Asset Watch,"Benchmark construction, delivery, lease-up, and operating assumptions"
2026-07-27,20260727-000045-568389d6,PRJ-20260727-0153,Disposition / Exit - Seattle - Kidder Mathews Arranges Sale of Mixed-Use Apartments in WA,Seattle,Seattle,Mixed-Use Residential,Unknown,2026-07-27,2026-07-27,5,5,Unknown Stage,Unknown Stage,57,32,0,0,0,0,0,Unknown,Low Stall Risk,67,Strategic Asset Watch,Monitor for repeated project updates
2026-07-27,20260727-000045-568389d6,PRJ-20260727-0031,Office-to-Residential Conversion - Santa Monica / California - Kennedy Wilson plans 133 apartments at 700 Colorado Ave. in Santa Monica,Unknown,Colorado,Office-to-Residential Conversion,Kennedy Wilson,2026-07-27,2026-07-27,2,2,,Unknown Stage,100,36,0,0,0,0,0,Newly Detected,Low Stall Risk,65,Strategic Asset Watch,Monitor for repeated project updates
2026-07-27,20260727-000045-568389d6,PRJ-20260727-0098,Entitlement / Permitting - Other / Unknown - Permits Filed for Affordable Housing at 430 Broadway in Oakland,Unknown,Unknown,Apartment,Unknown,2026-07-27,2026-07-27,3,1,,Unknown Stage,89,30,3,0,0,0,0,Newly Detected,Low Stall Risk,63,Strategic Asset Watch,Monitor for repeated project updates
2026-07-27,20260727-000045-568389d6,PRJ-20260727-0132,Disposition / Exit - Other / Unknown - NAHB HBGI: Micro Markets Lone Bright Spot for Single-Family Building in Fourth Quarter,Unknown,Unknown,Apartment,Unknown,2026-07-27,2026-07-27,9,1,,Unknown Stage,72,34,0,9,0,0,0,Newly Detected,Low Stall Risk,61,Strategic Asset Watch,Monitor for repeated project updates
2026-07-27,20260727-000045-568389d6,PRJ-20260727-0091,Beverly Hills upholds approval of Builder's Remedy project at 232 S. Tower Dr.,Beverly Hills / California,Los Angeles,Apartment,Unknown,2026-07-27,2026-07-27,3,3,Entitlement Under Review,Entitlement Under Review,48,39,1,0,0,0,0,Persistent Same Stage,Low Stall Risk,60,Strategic Asset Watch,Track entitlement path and local approval milestones
2026-07-27,20260727-000045-568389d6,PRJ-20260727-0001,Legacy Lakefront Apartment Community Trades for First Time in Three Decades in Minnesota,Other / Unknown,Unknown,Apartment,JLL,2026-07-27,2026-07-27,2,2,,Unknown Stage,86,26,0,0,0,0,0,Newly Detected,Low Stall Risk,60,Strategic Asset Watch,Monitor for repeated project updates
2026-07-27,20260727-000045-568389d6,PRJ-20260727-0156,Construction Financing - Miami / Florida - S3 Originates $111M Construction Loan for Edgewater Rental Community,Unknown,South Florida,Mixed-Use Residential,JLL,2026-07-27,2026-07-27,4,4,Refinancing / Recapitalization,Refinancing / Recapitalization,54,27,0,4,4,0,0,Persistent Same Stage,Low Stall Risk,59,Strategic Asset Watch,Monitor for repeated project updates
2026-07-27,20260727-000045-568389d6,PRJ-20260727-0131,Disposition / Exit - Other / Unknown - NAHB HBGI: Micro Markets Lone Bright Spot for Single-Family Building in Fourth Quarter,Other / Unknown,Unknown,Apartment,Unknown,2026-07-27,2026-07-27,47,7,Early Site Signal,Early Site Signal,42,11,47,47,0,0,0,Newly Detected,No Clear Stall Risk,59,Strategic Asset Watch,Monitor for repeated project updates
2026-07-27,20260727-000045-568389d6,PRJ-20260727-0138,Refinancing - Phoenix / Arizona - JV Snags Refi on Tempe Student Housing Community,Unknown,Phoenix,Student Housing,Unknown,2026-07-27,2026-07-27,3,3,Refinancing / Recapitalization,Refinancing / Recapitalization,67,55,0,0,3,0,0,Persistent Same Stage,Medium Stall Risk,58,Strategic Asset Watch,Monitor for repeated project updates
2026-07-27,20260727-000045-568389d6,PRJ-20260727-0004,Marcus & Millichap Closes NorCal Seniors Housing Sale,California,Unknown,Senior Housing,Marcus & Millichap,2026-07-27,2026-07-27,2,2,,Unknown Stage,78,31,0,0,0,0,0,Newly Detected,Low Stall Risk,58,Strategic Asset Watch,Monitor for repeated project updates
2026-07-27,20260727-000045-568389d6,PRJ-20260727-0141,JV / Partnership - Riverside / California - C&C Development Opens Affordable Housing in Irvine,California,Riverside,Affordable Housing,Unknown,2026-07-27,2026-07-27,3,3,Unknown Stage,Unknown Stage,44,30,0,0,0,0,0,Unknown,Low Stall Risk,58,Strategic Asset Watch,Monitor for repeated project updates
2026-07-27,20260727-000045-568389d6,PRJ-20260727-0020,"Preliminary Plans For 340 Palo Alto Avenue, Palo Alto",Other / Unknown,Unknown,Apartment,Unknown,2026-07-27,2026-07-27,3,2,,Unknown Stage,64,20,0,0,0,0,0,Newly Detected,Unknown,58,Strategic Asset Watch,Monitor for repeated project updates
2026-07-27,20260727-000045-568389d6,PRJ-20260727-0007,1929-Vintage Los Feliz Apartments Sell to Dream Street Capital,Los Angeles / California,Unknown,Apartment,Marcus & Millichap,2026-07-27,2026-07-27,2,2,,Unknown Stage,85,18,0,0,0,0,0,Newly Detected,Unknown,58,Strategic Asset Watch,Monitor for repeated project updates
2026-07-27,20260727-000045-568389d6,PRJ-20260727-0025,Marcus & Millichap Arranges $12.5M Sale of 81-Unit Multifamily Property in La Mesa California,California,Los Angeles,Multifamily,Marcus & Millichap,2026-07-27,2026-07-27,2,2,,Unknown Stage,77,27,0,0,0,0,0,Newly Detected,Low Stall Risk,57,Strategic Asset Watch,Monitor for repeated project updates
2026-07-27,20260727-000045-568389d6,PRJ-20260727-0158,Entitlement / Permitting - Miami / Florida - West Palm Beach Eyeing Waterfront Rezoning Moratorium,Unknown,South Florida,Apartment,Unknown,2026-07-27,2026-07-27,3,3,Entitlement Under Review,Entitlement Under Review,68,39,3,0,0,0,0,Persistent Same Stage,Low Stall Risk,56,Strategic Asset Watch,Track entitlement path and local approval milestones
2026-07-27,20260727-000045-568389d6,PRJ-20260727-0070,General Project Signal - Houston / Texas - Systima Closes $153M Tax-Exempt CMBS Affordable Housing Deal,Unknown,Houston,Affordable Housing,Unknown,2026-07-27,2026-07-27,3,3,Unknown Stage,Unknown Stage,71,34,0,0,0,0,0,Unknown,Low Stall Risk,56,Strategic Asset Watch,Monitor for repeated project updates
2026-07-27,20260727-000045-568389d6,PRJ-20260727-0014,Entitlement / Permitting - Los Angeles / California - City Planning Commission signs off on mixed-use project at 2800 W. Jefferson Blvd.,California,Los Angeles,Affordable Housing,Unknown,2026-07-27,2026-07-27,1,1,,Unknown Stage,100,34,1,0,0,0,0,Newly Detected,Low Stall Risk,55,Strategic Asset Watch,Monitor for repeated project updates
2026-07-27,20260727-000045-568389d6,PRJ-20260727-0034,"General Project Signal - Virginia - Monday Properties Receives Approval for Mixed-Use Development in Arlington, Virginia",Unknown,"Arlington, Virginia",Mixed-Use Residential,Unknown,2026-07-27,2026-07-27,3,3,Unknown Stage,Unknown Stage,67,32,0,0,0,0,0,Unknown,Low Stall Risk,55,Strategic Asset Watch,Monitor for repeated project updates
2026-07-27,20260727-000045-568389d6,PRJ-20260727-0023,Workforce housing for Metro employees could rise at 4421 S. Crenshaw Blvd.,Other / Unknown,Los Angeles,Workforce Housing,Unknown,2026-07-27,2026-07-27,2,2,,Unknown Stage,70,26,0,0,0,0,0,Newly Detected,Low Stall Risk,55,Strategic Asset Watch,Monitor for repeated project updates
2026-07-27,20260727-000045-568389d6,PRJ-20260727-0101,Construction Financing - Miami / Florida - CDK Capital with Valley National Bank Provide Pre-Construction Financing for Landmark Mult...,Miami / Florida,Unknown,Apartment,IPA,2026-07-27,2026-07-27,12,4,,Unknown Stage,0,0,0,12,0,2,6,Newly Detected,Unknown,55,Strategic Asset Watch,Monitor for repeated project updates
2026-07-27,20260727-000045-568389d6,PRJ-20260727-0079,Refinancing - Los Angeles / California - Walker & Dunlop Arranges $28.9M Loan for Refinancing of Affordable Housing Complex in Los...,Los Angeles / California,Unknown,Affordable Housing,Walker & Dunlop,2026-07-27,2026-07-27,7,4,,Unknown Stage,0,0,0,0,7,1,4,Newly Detected,Unknown,55,Strategic Asset Watch,Monitor for repeated project updates
2026-07-27,20260727-000045-568389d6,PRJ-20260727-0013,Entitlement / Permitting - Beverly Hills / California - Beverly Hills upholds approval of Builder's Remedy project at 232 S. Tower Dr.,Unknown,Beverly Hills,Apartment,Unknown,2026-07-27,2026-07-27,1,1,,Unknown Stage,94,34,1,0,0,0,0,Newly Detected,Low Stall Risk,53,General Asset Monitoring,Monitor for repeated project updates
2026-07-27,20260727-000045-568389d6,PRJ-20260727-0019,General Project Signal - Colorado - Mixed-use building proposed at 305 E. Colorado St. in Glendale,Unknown,Colorado,Mixed-Use Residential,Unknown,2026-07-27,2026-07-27,1,1,,Unknown Stage,93,34,0,0,0,0,0,Newly Detected,Low Stall Risk,53,General Asset Monitoring,Monitor for repeated project updates
2026-07-27,20260727-000045-568389d6,PRJ-20260727-0010,General Project Signal - Los Angeles / California - More affordable housing underway at 21300 W. Oxnard St. in Warner Center,Unknown,Los Angeles / California,Affordable Housing,Unknown,2026-07-27,2026-07-27,1,1,,Unknown Stage,94,34,0,0,0,0,0,Newly Detected,Low Stall Risk,53,General Asset Monitoring,Monitor for repeated project updates
2026-07-27,20260727-000045-568389d6,PRJ-20260727-0029,"General Project Signal - New York City / New York - Carlyle Group, Haussmann Submit Plans for 99 Units at Brooklyn’s 566 Grand Avenue",Unknown,New York City,Mixed-Use Residential,Unknown,2026-07-27,2026-07-27,1,1,,Unknown Stage,94,34,0,0,0,0,0,Newly Detected,Low Stall Risk,53,General Asset Monitoring,Monitor for repeated project updates
2026-07-27,20260727-000045-568389d6,PRJ-20260727-0176,JV / Partnership - West Palm Beach / Florida - West Palm Beach Multifamily Property Converted From Condos Sells for $91M,Unknown,West Palm Beach / Florida,Multifamily,Unknown,2026-07-27,2026-07-27,3,3,Unknown Stage,Unknown Stage,61,32,0,0,0,0,0,Unknown,Low Stall Risk,53,General Asset Monitoring,Monitor for repeated project updates
2026-07-27,20260727-000045-568389d6,PRJ-20260727-0011,Beverly Hills upholds approval of Builder's Remedy project at 232 S. Tower Dr.,Beverly Hills / California,Los Angeles,Apartment,Unknown,2026-07-27,2026-07-27,1,1,,Unknown Stage,85,46,0,0,0,0,0,Newly Detected,Low Stall Risk,52,General Asset Monitoring,Monitor for repeated project updates
2026-07-27,20260727-000045-568389d6,PRJ-20260727-0173,Acquisition - Washington DC - Clear Investment Group Acquires 300-Unit DC Multifamily Property,Unknown,Washington Dc,Apartment,Unknown,2026-07-27,2026-07-27,3,3,Unknown Stage,Unknown Stage,57,32,0,0,0,0,0,Unknown,Low Stall Risk,52,General Asset Monitoring,Monitor for repeated project updates
2026-07-27,20260727-000045-568389d6,PRJ-20260727-0040,Acquisition - Atlanta / Georgia - Walton Communities Offloads Two Atlanta Rental Properties,Atlanta / Georgia,Unknown,Affordable Housing,JLL,2026-07-27,2026-07-27,6,3,,Unknown Stage,0,0,0,0,0,0,4,Newly Detected,Unknown,52,General Asset Monitoring,Monitor for repeated project updates
2026-07-27,20260727-000045-568389d6,PRJ-20260727-0099,"Acquisition - Miami / Florida - Avalon Bay Planning Apartments, Retail in South Miami",Miami / Florida,Unknown,Mixed-Use Residential,AvalonBay,2026-07-27,2026-07-27,7,3,,Unknown Stage,0,0,7,0,0,0,5,Newly Detected,Unknown,52,General Asset Monitoring,Monitor for repeated project updates
2026-07-27,20260727-000045-568389d6,PRJ-20260727-0041,Construction Financing - Atlanta / Georgia - Developer Duo Obtains Construction Financing for $147M Atlanta Student Housing Project,Atlanta / Georgia,Unknown,Apartment,Unknown,2026-07-27,2026-07-27,7,3,,Unknown Stage,0,0,0,7,0,1,0,Newly Detected,Unknown,52,General Asset Monitoring,Monitor for repeated project updates
2026-07-27,20260727-000045-568389d6,PRJ-20260727-0037,Development Start - Atlanta / Georgia - Financing Secured for Centennial Yards Mixed-Use Project,Atlanta / Georgia,Unknown,Mixed-Use Residential,CIM Group,2026-07-27,2026-07-27,5,3,,Unknown Stage,0,0,0,0,0,0,3,Newly Detected,Unknown,52,General Asset Monitoring,Monitor for repeated project updates
2026-07-27,20260727-000045-568389d6,PRJ-20260727-0080,Development Start - Los Angeles / California - Logos Faith Development Has Signed Long-Term Headquarters Lease Cementing Their Presence i...,Los Angeles / California,Unknown,Affordable Housing,Unknown,2026-07-27,2026-07-27,13,3,,Unknown Stage,0,0,13,0,0,0,0,Newly Detected,Unknown,52,General Asset Monitoring,Monitor for repeated project updates
2026-07-27,20260727-000045-568389d6,PRJ-20260727-0107,"General Project Signal - New York City / New York - Carlyle Group, Haussmann Submit Plans for 99 Units at Brooklyn’s 566 Grand Avenue",New York City / New York,Unknown,Mixed-Use Residential,Unknown,2026-07-27,2026-07-27,7,3,,Unknown Stage,0,0,0,0,3,1,0,Newly Detected,Unknown,52,General Asset Monitoring,Monitor for repeated project updates
2026-07-27,20260727-000045-568389d6,PRJ-20260727-0063,JV / Partnership - Dallas / Texas - JLL Nabs Listing for 345-Unit Uptown Dallas Apartment Tower,Dallas / Texas,Unknown,Mixed-Use Residential,Hines,2026-07-27,2026-07-27,7,3,,Unknown Stage,0,0,0,0,0,0,5,Newly Detected,Unknown,52,General Asset Monitoring,Monitor for repeated project updates
2026-07-27,20260727-000045-568389d6,PRJ-20260727-0146,Office-to-Residential Conversion - Santa Monica / California - Kennedy Wilson plans 133 apartments at 700 Colorado Ave. in Santa Monica,Santa Monica / California,Unknown,Office-to-Residential Conversion,Kennedy Wilson,2026-07-27,2026-07-27,6,3,,Unknown Stage,0,0,0,0,0,0,4,Newly Detected,Unknown,52,General Asset Monitoring,Monitor for repeated project updates
2026-07-27,20260727-000045-568389d6,PRJ-20260727-0062,General Project Signal - Colorado - Mixed-use building proposed at 305 E. Colorado St. in Glendale,Unknown,Colorado,Mixed-Use Residential,Unknown,2026-07-27,2026-07-27,2,2,Early Site Signal,Early Site Signal,47,38,0,0,0,0,0,Persistent Same Stage,Low Stall Risk,50,General Asset Monitoring,Monitor for repeated project updates
2026-07-27,20260727-000045-568389d6,PRJ-20260727-0051,"Carlyle Group, Haussmann Submit Plans for 99 Units at Brooklyn’s 566 Grand Avenue",New York City / New York,Brooklyn,Mixed-Use Residential,Unknown,2026-07-27,2026-07-27,2,2,Early Site Signal,Early Site Signal,48,36,0,0,0,0,0,Persistent Same Stage,Low Stall Risk,50,General Asset Monitoring,Monitor for repeated project updates
2026-07-27,20260727-000045-568389d6,PRJ-20260727-0097,Kennedy Wilson plans 133 apartments at 700 Colorado Ave. in Santa Monica,Santa Monica / California,Los Angeles,Office-to-Residential Conversion,Unknown,2026-07-27,2026-07-27,2,2,Early Site Signal,Early Site Signal,48,36,0,0,0,0,0,Persistent Same Stage,Low Stall Risk,50,General Asset Monitoring,Monitor for repeated project updates
2026-07-27,20260727-000045-568389d6,PRJ-20260727-0065,Mixed-use building proposed at 305 E. Colorado St. in Glendale,Colorado,Glendale,Mixed-Use Residential,Unknown,2026-07-27,2026-07-27,2,2,Early Site Signal,Early Site Signal,48,36,0,0,0,0,0,Persistent Same Stage,Low Stall Risk,50,General Asset Monitoring,Monitor for repeated project updates
2026-07-27,20260727-000045-568389d6,PRJ-20260727-0050,Entitlement / Permitting - Beverly Hills / California - Beverly Hills upholds approval of Builder's Remedy project at 232 S. Tower Dr.,Unknown,Beverly Hills,Apartment,Unknown,2026-07-27,2026-07-27,2,2,Unknown Stage,Unknown Stage,47,32,2,0,0,0,0,Unknown,Low Stall Risk,49,General Asset Monitoring,Monitor for repeated project updates
2026-07-27,20260727-000045-568389d6,PRJ-20260727-0168,Disposition / Exit - Other / Unknown - Legacy Lakefront Apartment Community Trades for First Time in Three Decades in Minnesota,Unknown,Unknown,Apartment,JLL,2026-07-27,2026-07-27,2,2,Unknown Stage,Unknown Stage,48,31,0,0,0,0,0,Unknown,Low Stall Risk,49,General Asset Monitoring,Monitor for repeated project updates
2026-07-27,20260727-000045-568389d6,PRJ-20260727-0015,City Planning Commission signs off on mixed-use project at 2800 W. Jefferson Blvd.,Los Angeles / California,Los Angeles,Affordable Housing,Unknown,2026-07-27,2026-07-27,1,1,,Unknown Stage,85,26,1,0,0,0,0,Newly Detected,Low Stall Risk,49,General Asset Monitoring,Monitor for repeated project updates
2026-07-27,20260727-000045-568389d6,PRJ-20260727-0026,Marcus & Millichap Releases Indianapolis Multifamily Report for Q2 2026,Other / Unknown,Unknown,Apartment,Marcus & Millichap,2026-07-27,2026-07-27,2,2,,Unknown Stage,81,23,0,0,0,0,0,Newly Detected,Unknown,48,General Asset Monitoring,Monitor for repeated project updates
2026-07-27,20260727-000045-568389d6,PRJ-20260727-0058,Entitlement / Permitting - Beverly Hills / California - Beverly Hills upholds approval of Builder's Remedy project at 232 S. Tower Dr.,Other / Unknown,Los Angeles,Apartment,Unknown,2026-07-27,2026-07-27,6,2,,Unknown Stage,0,0,6,0,1,0,0,Newly Detected,Unknown,48,General Asset Monitoring,Monitor for repeated project updates
2026-07-27,20260727-000045-568389d6,PRJ-20260727-0071,C&C Development Opens Affordable Housing in Irvine,Riverside / California,Irvine,Affordable Housing,Unknown,2026-07-27,2026-07-27,2,2,Site Acquisition / Site Control,Site Acquisition / Site Control,37,36,0,0,0,0,0,Persistent Same Stage,Low Stall Risk,46,General Asset Monitoring,Monitor for repeated project updates
2026-07-27,20260727-000045-568389d6,PRJ-20260727-0021,"Entitlement / Permitting - Other / Unknown - Preliminary Plans For 340 Palo Alto Avenue, Palo Alto",Unknown,Unknown,Apartment,Unknown,2026-07-27,2026-07-27,1,1,,Unknown Stage,74,28,1,0,0,0,0,Newly Detected,Low Stall Risk,46,General Asset Monitoring,Monitor for repeated project updates
2026-07-27,20260727-000045-568389d6,PRJ-20260727-0027,"Carlyle Group, Haussmann Submit Plans for 99 Units at Brooklyn’s 566 Grand Avenue",New York City / New York,Brooklyn,Mixed-Use Residential,Unknown,2026-07-27,2026-07-27,1,1,,Unknown Stage,75,26,0,0,0,0,0,Newly Detected,Low Stall Risk,46,General Asset Monitoring,Monitor for repeated project updates
2026-07-27,20260727-000045-568389d6,PRJ-20260727-0033,Kennedy Wilson plans 133 apartments at 700 Colorado Ave. in Santa Monica,Santa Monica / California,Los Angeles,Office-to-Residential Conversion,Unknown,2026-07-27,2026-07-27,1,1,,Unknown Stage,75,26,0,0,0,0,0,Newly Detected,Low Stall Risk,46,General Asset Monitoring,Monitor for repeated project updates
2026-07-27,20260727-000045-568389d6,PRJ-20260727-0017,Mixed-use building proposed at 305 E. Colorado St. in Glendale,Colorado,Glendale,Mixed-Use Residential,Unknown,2026-07-27,2026-07-27,1,1,,Unknown Stage,75,26,0,0,0,0,0,Newly Detected,Low Stall Risk,46,General Asset Monitoring,Monitor for repeated project updates
2026-07-27,20260727-000045-568389d6,PRJ-20260727-0008,More affordable housing underway at 21300 W. Oxnard St. in Warner Center,Los Angeles / California,Los Angeles,Affordable Housing,Unknown,2026-07-27,2026-07-27,1,1,,Unknown Stage,75,18,0,0,0,0,0,Newly Detected,Unknown,45,General Asset Monitoring,Monitor for repeated project updates
2026-07-27,20260727-000045-568389d6,PRJ-20260727-0102,Construction Financing - Miami / Florida - S3 Originates $111M Construction Loan for Edgewater Rental Community,Miami / Florida,Unknown,Mixed-Use Residential,JLL,2026-07-27,2026-07-27,7,4,,Unknown Stage,0,0,0,7,7,1,4,Newly Detected,Unknown,45,General Asset Monitoring,Monitor for repeated project updates
2026-07-27,20260727-000045-568389d6,PRJ-20260727-0133,Construction Financing - Phoenix / Arizona - PCCP Provides $51.8M Refi of Gilbert 236-Unit Multifamily Community,Phoenix / Arizona,Unknown,Apartment,PCCP,2026-07-27,2026-07-27,6,4,,Unknown Stage,0,0,0,6,0,1,3,Newly Detected,Unknown,45,General Asset Monitoring,Monitor for repeated project updates
2026-07-27,20260727-000045-568389d6,PRJ-20260727-0061,General Project Signal - Colorado - Mixed-use building proposed at 305 E. Colorado St. in Glendale,Colorado,Unknown,Mixed-Use Residential,Unknown,2026-07-27,2026-07-27,3,3,,Unknown Stage,0,0,0,0,0,0,0,Newly Detected,Unknown,40,General Asset Monitoring,Monitor for repeated project updates
2026-07-27,20260727-000045-568389d6,PRJ-20260727-0024,Disposition / Exit - Other / Unknown - Workforce housing for Metro employees could rise at 4421 S. Crenshaw Blvd.,Unknown,Unknown,Workforce Housing,Unknown,2026-07-27,2026-07-27,1,1,,Unknown Stage,76,34,0,0,0,0,0,Newly Detected,Low Stall Risk,38,General Asset Monitoring,Monitor for repeated project updates
2026-07-27,20260727-000045-568389d6,PRJ-20260727-0165,Acquisition - Other / Unknown - 6 major multifamily M&As announced this year,Unknown,Unknown,Apartment,AvalonBay,2026-07-27,2026-07-27,2,2,Unknown Stage,Unknown Stage,39,31,0,0,0,0,0,Unknown,Low Stall Risk,36,General Asset Monitoring,Monitor for repeated project updates
2026-07-27,20260727-000045-568389d6,PRJ-20260727-0166,Acquisition - Other / Unknown - Becovic Residential Buys The Vivian in Chicago’s Rogers Park Neighborhood for $25.6M,Unknown,Unknown,Apartment,Berkadia,2026-07-27,2026-07-27,2,2,Unknown Stage,Unknown Stage,39,31,0,0,0,0,0,Unknown,Low Stall Risk,36,General Asset Monitoring,Monitor for repeated project updates
2026-07-27,20260727-000045-568389d6,PRJ-20260727-0167,Acquisition - Other / Unknown - Caisson Capital Partners Acquires Kansas Apartment Community for $23.4M,Unknown,Unknown,Apartment,CBRE,2026-07-27,2026-07-27,2,2,Unknown Stage,Unknown Stage,39,31,0,0,1,0,0,Unknown,Low Stall Risk,36,General Asset Monitoring,Monitor for repeated project updates
2026-07-27,20260727-000045-568389d6,PRJ-20260727-0130,Marcus & Millichap Releases Indianapolis Multifamily Report for Q2 2026,Other / Unknown,Unknown,Apartment,Marcus & Millichap,2026-07-27,2026-07-27,2,2,Unknown Stage,Unknown Stage,39,30,0,0,0,0,0,Unknown,Low Stall Risk,36,General Asset Monitoring,Monitor for repeated project updates
2026-07-27,20260727-000045-568389d6,PRJ-20260727-0030,Becovic Residential Buys The Vivian in Chicago’s Rogers Park Neighborhood for $25.6M,Other / Unknown,Unknown,Apartment,Berkadia,2026-07-27,2026-07-27,1,1,,Unknown Stage,75,26,0,0,0,0,0,Newly Detected,Low Stall Risk,36,General Asset Monitoring,Monitor for repeated project updates
2026-07-27,20260727-000045-568389d6,PRJ-20260727-0161,Disposition / Exit - Tampa / Florida - Highly Competitive Marketing Process Yields Significant Investor Interest for Newer Florid...,Tampa / Florida,Unknown,Apartment,Unknown,2026-07-27,2026-07-27,4,3,,Unknown Stage,0,0,0,4,3,1,0,Newly Detected,Unknown,36,General Asset Monitoring,Monitor for repeated project updates
2026-07-27,20260727-000045-568389d6,PRJ-20260727-0022,PCCP Provides $51.8M Refi of Gilbert 236-Unit Multifamily Community,Phoenix / Arizona,Phoenix,Apartment,PCCP,2026-07-27,2026-07-27,1,1,,Unknown Stage,69,24,0,0,0,0,0,Newly Detected,Unknown,34,Low Priority,Monitor for repeated project updates
2026-07-27,20260727-000045-568389d6,PRJ-20260727-0104,"Carlyle Group, Haussmann Submit Plans for 99 Units at Brooklyn’s 566 Grand Avenue",New York City / New York,Unknown,General Residential,"General Project Signal - New York City / New York - Carlyle Group, Haussmann Submit Plans for 99 Units at Brooklyn’s 566 Grand Avenue",2026-07-27,2026-07-27,3,1,,Unknown Stage,0,0,0,0,0,0,3,Newly Detected,Unknown,32,Low Priority,Monitor for repeated project updates
2026-07-27,20260727-000045-568389d6,PRJ-20260727-0045,Developer Duo Obtains Construction Financing for $147M Atlanta Student Housing Project,Other / Unknown,Los Angeles,Student Housing,Unknown,2026-07-27,2026-07-27,3,1,,Unknown Stage,0,0,0,3,0,0,0,Newly Detected,Unknown,32,Low Priority,Monitor for repeated project updates
2026-07-27,20260727-000045-568389d6,PRJ-20260727-0108,"General Project Signal - New York City / New York - Carlyle Group, Haussmann Submit Plans for 99 Units at Brooklyn’s 566 Grand Avenue",New York City / New York,New York City,Apartment,Unknown,2026-07-27,2026-07-27,3,1,,Unknown Stage,0,0,0,0,1,0,0,Newly Detected,Unknown,32,Low Priority,Monitor for repeated project updates
2026-07-27,20260727-000045-568389d6,PRJ-20260727-0174,Acquisition - Washington DC - Clear Investment Group Acquires 300-Unit DC Multifamily Property,Washington DC,Unknown,Apartment,Unknown,2026-07-27,2026-07-27,3,3,,Unknown Stage,0,0,0,0,0,0,0,Newly Detected,Unknown,30,Low Priority,Monitor for repeated project updates
2026-07-27,20260727-000045-568389d6,PRJ-20260727-0048,Entitlement / Permitting - Beverly Hills / California - Beverly Hills upholds approval of Builder's Remedy project at 232 S. Tower Dr.,Beverly Hills / California,Unknown,Apartment,Unknown,2026-07-27,2026-07-27,2,2,,Unknown Stage,0,0,2,0,0,0,0,Newly Detected,Unknown,30,Low Priority,Monitor for repeated project updates
2026-07-27,20260727-000045-568389d6,PRJ-20260727-0140,JV / Partnership - Riverside / California - C&C Development Opens Affordable Housing in Irvine,Riverside / California,Unknown,Affordable Housing,Unknown,2026-07-27,2026-07-27,2,2,,Unknown Stage,0,0,0,0,0,0,0,Newly Detected,Unknown,30,Low Priority,Monitor for repeated project updates
2026-07-27,20260727-000045-568389d6,PRJ-20260727-0177,JV / Partnership - West Palm Beach / Florida - West Palm Beach Multifamily Property Converted From Condos Sells for $91M,West Palm Beach / Florida,Unknown,Multifamily,Unknown,2026-07-27,2026-07-27,3,3,,Unknown Stage,0,0,0,0,0,0,0,Newly Detected,Unknown,30,Low Priority,Monitor for repeated project updates
2026-07-27,20260727-000045-568389d6,PRJ-20260727-0148,"Office-to-Residential Conversion - Santa Monica / California - Graffiti tower cleanup begins, Homeless population grows, and more",Santa Monica / California,Unknown,Multifamily,Unknown,2026-07-27,2026-07-27,2,2,,Unknown Stage,0,0,0,0,0,0,0,Newly Detected,Unknown,30,Low Priority,Monitor for repeated project updates
2026-07-27,20260727-000045-568389d6,PRJ-20260727-0149,"Office-to-Residential Conversion - Santa Monica / California - Graffiti tower cleanup begins, Homeless population grows, and more",Other / Unknown,Los Angeles,Multifamily,Unknown,2026-07-27,2026-07-27,2,2,,Unknown Stage,0,0,1,0,0,0,0,Newly Detected,Unknown,30,Low Priority,Monitor for repeated project updates
2026-07-27,20260727-000045-568389d6,PRJ-20260727-0150,"Office-to-Residential Conversion - Santa Monica / California - Graffiti tower cleanup begins, Homeless population grows, and more",Santa Monica / California,Santa Monica,Multifamily,Unknown,2026-07-27,2026-07-27,2,2,,Unknown Stage,0,0,1,0,0,0,0,Newly Detected,Unknown,30,Low Priority,Monitor for repeated project updates
2026-07-27,20260727-000045-568389d6,PRJ-20260727-0135,Refinancing - Phoenix / Arizona - JV Snags Refi on Tempe Student Housing Community,Phoenix / Arizona,Unknown,Student Housing,Unknown,2026-07-27,2026-07-27,3,3,,Unknown Stage,0,0,0,0,3,1,0,Newly Detected,Unknown,30,Low Priority,Monitor for repeated project updates
2026-07-27,20260727-000045-568389d6,PRJ-20260727-0047,Beverly Hills upholds approval of Builder's Remedy project at 232 S. Tower Dr.,Beverly Hills / California,Unknown,General Residential,Entitlement / Permitting - Beverly Hills / California - Beverly Hills upholds approval of Builder's Remedy project at 232 S. Tower Dr.,2026-07-27,2026-07-27,2,1,,Unknown Stage,0,0,0,0,0,0,2,Newly Detected,Unknown,26,Low Priority,Monitor for repeated project updates
2026-07-27,20260727-000045-568389d6,PRJ-20260727-0012,Beverly Hills upholds approval of Builder's Remedy project at 232 S. Tower Dr.,Other / Unknown,Los Angeles,Apartment,Unknown,2026-07-27,2026-07-27,2,1,,Unknown Stage,0,0,0,0,0,0,0,Newly Detected,Unknown,26,Low Priority,Monitor for repeated project updates
2026-07-27,20260727-000045-568389d6,PRJ-20260727-0139,C&C Development Opens Affordable Housing in Irvine,Riverside / California,Unknown,General Residential,JV / Partnership - Riverside / California - C&C Development Opens Affordable Housing in Irvine,2026-07-27,2026-07-27,2,1,,Unknown Stage,0,0,0,0,0,0,2,Newly Detected,Unknown,26,Low Priority,Monitor for repeated project updates
2026-07-27,20260727-000045-568389d6,PRJ-20260727-0028,"Carlyle Group, Haussmann Submit Plans for 99 Units at Brooklyn’s 566 Grand Avenue",Other / Unknown,Los Angeles,Mixed-Use Residential,Unknown,2026-07-27,2026-07-27,2,1,,Unknown Stage,0,0,0,0,0,0,0,Newly Detected,Unknown,26,Low Priority,Monitor for repeated project updates
2026-07-27,20260727-000045-568389d6,PRJ-20260727-0076,City Planning Commission signs off on mixed-use project at 2800 W. Jefferson Blvd.,Los Angeles / California,Unknown,General Residential,Entitlement / Permitting - Los Angeles / California - City Planning Commission signs off on mixed-use project at 2800 W. Jefferson Blvd.,2026-07-27,2026-07-27,2,1,,Unknown Stage,0,0,2,0,0,0,2,Newly Detected,Unknown,26,Low Priority,Monitor for repeated project updates
2026-07-27,20260727-000045-568389d6,PRJ-20260727-0016,City Planning Commission signs off on mixed-use project at 2800 W. Jefferson Blvd.,Other / Unknown,Los Angeles,Affordable Housing,Unknown,2026-07-27,2026-07-27,2,1,,Unknown Stage,0,0,2,0,0,0,0,Newly Detected,Unknown,26,Low Priority,Monitor for repeated project updates
2026-07-27,20260727-000045-568389d6,PRJ-20260727-0086,Construction Financing - Miami / Florida - CDK Capital with Valley National Bank Provide Pre-Construction Financing for Landmark Mult...,Other / Unknown,Los Angeles,Apartment,IPA,2026-07-27,2026-07-27,2,1,,Unknown Stage,0,0,0,2,0,0,0,Newly Detected,Unknown,26,Low Priority,Monitor for repeated project updates
2026-07-27,20260727-000045-568389d6,PRJ-20260727-0039,Developer Duo Adding 350 Apartments to Dunwoody Mixed-Use Project,Atlanta / Georgia,Unknown,General Residential,General Project Signal - Atlanta / Georgia - Developer Duo Adding 350 Apartments to Dunwoody Mixed-Use Project,2026-07-27,2026-07-27,2,1,,Unknown Stage,0,0,0,0,0,0,2,Newly Detected,Unknown,26,Low Priority,Monitor for repeated project updates
2026-07-27,20260727-000045-568389d6,PRJ-20260727-0038,Developer Duo Obtains Construction Financing for $147M Atlanta Student Housing Project,Atlanta / Georgia,Unknown,General Residential,Construction Financing - Atlanta / Georgia - Developer Duo Obtains Construction Financing for $147M Atlanta Student Housing Project,2026-07-27,2026-07-27,2,1,,Unknown Stage,0,0,0,2,0,0,2,Newly Detected,Unknown,26,Low Priority,Monitor for repeated project updates
2026-07-27,20260727-000045-568389d6,PRJ-20260727-0084,Development Start - Atlanta / Georgia - Financing Secured for Centennial Yards Mixed-Use Project,Other / Unknown,Los Angeles,Mixed-Use Residential,CIM Group,2026-07-27,2026-07-27,2,1,,Unknown Stage,0,0,0,0,0,0,0,Newly Detected,Unknown,26,Low Priority,Monitor for repeated project updates
2026-07-27,20260727-000045-568389d6,PRJ-20260727-0066,General Project Signal - Colorado - Mixed-use building proposed at 305 E. Colorado St. in Glendale,Other / Unknown,Glendale,Mixed-Use Residential,Unknown,2026-07-27,2026-07-27,2,1,,Unknown Stage,0,0,0,0,0,0,0,Newly Detected,Unknown,26,Low Priority,Monitor for repeated project updates
2026-07-27,20260727-000045-568389d6,PRJ-20260727-0147,"Graffiti tower cleanup begins, Homeless population grows, and more",Santa Monica / California,Unknown,General Residential,"Office-to-Residential Conversion - Santa Monica / California - Graffiti tower cleanup begins, Homeless population grows, and more",2026-07-27,2026-07-27,2,1,,Unknown Stage,0,0,0,0,0,0,2,Newly Detected,Unknown,26,Low Priority,Monitor for repeated project updates
2026-07-27,20260727-000045-568389d6,PRJ-20260727-0056,Lightstone Capital Refis San Diego Apartments With $34M Loan,California,Unknown,General Residential,Refinancing - California - Lightstone Capital Refis San Diego Apartments With $34M Loan,2026-07-27,2026-07-27,2,1,,Unknown Stage,0,0,0,0,2,0,2,Newly Detected,Unknown,26,Low Priority,Monitor for repeated project updates
2026-07-27,20260727-000045-568389d6,PRJ-20260727-0036,Lion Real Estate Picks Up Atlanta Apartments for $51M,Atlanta / Georgia,Unknown,General Residential,Acquisition - Atlanta / Georgia - Lion Real Estate Picks Up Atlanta Apartments for $51M,2026-07-27,2026-07-27,2,1,,Unknown Stage,0,0,0,0,0,0,2,Newly Detected,Unknown,26,Low Priority,Monitor for repeated project updates
2026-07-27,20260727-000045-568389d6,PRJ-20260727-0072,Logos Faith Development Has Signed Long-Term Headquarters Lease Cementing Their Presence in Affordable Housing Development,Los Angeles / California,Unknown,General Residential,Development Start - Los Angeles / California - Logos Faith Development Has Signed Long-Term Headquarters Lease Cementing Their Presence i...,2026-07-27,2026-07-27,2,1,,Unknown Stage,0,0,0,0,0,0,2,Newly Detected,Unknown,26,Low Priority,Monitor for repeated project updates
2026-07-27,20260727-000045-568389d6,PRJ-20260727-0073,Logos Faith Development Secures Central Location to HQ Affordable Housing Presence in Los Angeles California,Los Angeles / California,Unknown,General Residential,Development Start - Los Angeles / California - Logos Faith Development Secures Central Location to HQ Affordable Housing Presence in Los...,2026-07-27,2026-07-27,2,1,,Unknown Stage,0,0,0,0,0,0,2,Newly Detected,Unknown,26,Low Priority,Monitor for repeated project updates
2026-07-27,20260727-000045-568389d6,PRJ-20260727-0074,Logos Faith Development Sets 15 Groundbreakings Over the Next Three Years,Los Angeles / California,Unknown,General Residential,Development Start - Los Angeles / California - Logos Faith Development Sets 15 Groundbreakings Over the Next Three Years,2026-07-27,2026-07-27,2,1,,Unknown Stage,0,0,0,0,0,0,2,Newly Detected,Unknown,26,Low Priority,Monitor for repeated project updates
2026-07-27,20260727-000045-568389d6,PRJ-20260727-0018,Mixed-use building proposed at 305 E. Colorado St. in Glendale,Other / Unknown,Los Angeles,Mixed-Use Residential,Unknown,2026-07-27,2026-07-27,2,1,,Unknown Stage,0,0,0,0,0,0,0,Newly Detected,Unknown,26,Low Priority,Monitor for repeated project updates
2026-07-27,20260727-000045-568389d6,PRJ-20260727-0009,More affordable housing underway at 21300 W. Oxnard St. in Warner Center,Other / Unknown,Los Angeles,Affordable Housing,Unknown,2026-07-27,2026-07-27,2,1,,Unknown Stage,0,0,0,0,0,0,0,Newly Detected,Unknown,26,Low Priority,Monitor for repeated project updates
2026-07-27,20260727-000045-568389d6,PRJ-20260727-0006,C&C Development Opens Affordable Housing in Irvine,Riverside / California,Irvine,Affordable Housing,Unknown,2026-07-27,2026-07-27,1,1,,Unknown Stage,18,0,0,0,0,0,0,Newly Detected,Unknown,25,Low Priority,Monitor for repeated project updates
2026-07-27,20260727-000045-568389d6,PRJ-20260727-0002,Lion Real Estate Picks Up Atlanta Apartments for $51M,Atlanta / Georgia,Atlanta,Apartment,Unknown,2026-07-27,2026-07-27,1,1,,Unknown Stage,9,0,0,0,0,0,0,Newly Detected,Unknown,23,Low Priority,Monitor for repeated project updates
2026-07-27,20260727-000045-568389d6,PRJ-20260727-0083,"Acquisition - Miami / Florida - Avalon Bay Planning Apartments, Retail in South Miami",Other / Unknown,Los Angeles,Mixed-Use Residential,AvalonBay,2026-07-27,2026-07-27,1,1,,Unknown Stage,0,0,1,0,0,0,0,Newly Detected,Unknown,20,Low Priority,Monitor for repeated project updates
2026-07-27,20260727-000045-568389d6,PRJ-20260727-0005,C&C Development Opens Affordable Housing in Irvine,Other / Unknown,Los Angeles,Affordable Housing,Unknown,2026-07-27,2026-07-27,1,1,,Unknown Stage,0,0,0,0,0,0,0,Newly Detected,Unknown,20,Low Priority,Monitor for repeated project updates
2026-07-27,20260727-000045-568389d6,PRJ-20260727-0142,C&C Development Opens Affordable Housing in Irvine,Other / Unknown,Los Angeles,Affordable Housing,Unknown,2026-07-27,2026-07-27,1,1,,Unknown Stage,0,0,0,0,0,0,0,Newly Detected,Unknown,20,Low Priority,Monitor for repeated project updates
2026-07-27,20260727-000045-568389d6,PRJ-20260727-0111,Disposition / Exit - California - Marcus & Millichap Facilitate Sale of a 41-Unit Orange County Multifamily Property,Other / Unknown,Orange County,Apartment,Marcus & Millichap,2026-07-27,2026-07-27,1,1,,Unknown Stage,0,0,0,0,0,0,0,Newly Detected,Unknown,20,Low Priority,Monitor for repeated project updates
2026-07-27,20260727-000045-568389d6,PRJ-20260727-0049,Entitlement / Permitting - Beverly Hills / California - Beverly Hills upholds approval of Builder's Remedy project at 232 S. Tower Dr.,Beverly Hills / California,Beverly Hills,Apartment,Unknown,2026-07-27,2026-07-27,1,1,,Unknown Stage,0,0,1,0,0,0,0,Newly Detected,Unknown,20,Low Priority,Monitor for repeated project updates
2026-07-27,20260727-000045-568389d6,PRJ-20260727-0103,Entitlement / Permitting - Miami / Florida - West Palm Beach Eyeing Waterfront Rezoning Moratorium,Miami / Florida,Unknown,Apartment,Unknown,2026-07-27,2026-07-27,2,2,,Unknown Stage,0,0,2,0,0,0,0,Newly Detected,Unknown,20,Low Priority,Monitor for repeated project updates
2026-07-27,20260727-000045-568389d6,PRJ-20260727-0068,General Project Signal - Houston / Texas - Systima Closes $153M Tax-Exempt CMBS Affordable Housing Deal,Houston / Texas,Unknown,Affordable Housing,Unknown,2026-07-27,2026-07-27,2,2,,Unknown Stage,0,0,0,0,0,0,0,Newly Detected,Unknown,20,Low Priority,Monitor for repeated project updates
2026-07-27,20260727-000045-568389d6,PRJ-20260727-0171,"General Project Signal - Virginia - Monday Properties Receives Approval for Mixed-Use Development in Arlington, Virginia",Virginia,Unknown,Mixed-Use Residential,Unknown,2026-07-27,2026-07-27,2,2,,Unknown Stage,0,0,0,0,0,0,0,Newly Detected,Unknown,20,Low Priority,Monitor for repeated project updates
2026-07-27,20260727-000045-568389d6,PRJ-20260727-0118,Housing Development in North Lawndale Breaks Ground,Other / Unknown,Unknown,General Residential,Development Start - Other / Unknown - Housing Development in North Lawndale Breaks Ground,2026-07-27,2026-07-27,1,1,,Unknown Stage,0,0,0,0,0,0,1,Newly Detected,Unknown,20,Low Priority,Monitor for repeated project updates
2026-07-27,20260727-000045-568389d6,PRJ-20260727-0054,Interstate Equities Closes Institutional Fund at $215M,California,Unknown,General Residential,General Project Signal - California - Interstate Equities Closes Institutional Fund at $215M,2026-07-27,2026-07-27,1,1,,Unknown Stage,0,0,0,0,0,0,1,Newly Detected,Unknown,20,Low Priority,Monitor for repeated project updates
2026-07-27,20260727-000045-568389d6,PRJ-20260727-0085,JV / Partnership - Dallas / Texas - JLL Nabs Listing for 345-Unit Uptown Dallas Apartment Tower,Other / Unknown,Los Angeles,Mixed-Use Residential,Hines,2026-07-27,2026-07-27,1,1,,Unknown Stage,0,0,0,0,0,0,0,Newly Detected,Unknown,20,Low Priority,Monitor for repeated project updates
2026-07-27,20260727-000045-568389d6,PRJ-20260727-0143,JV / Partnership - Riverside / California - C&C Development Opens Affordable Housing in Irvine,Riverside / California,Riverside,Affordable Housing,Unknown,2026-07-27,2026-07-27,1,1,,Unknown Stage,0,0,0,0,0,0,0,Newly Detected,Unknown,20,Low Priority,Monitor for repeated project updates
2026-07-27,20260727-000045-568389d6,PRJ-20260727-0032,Kennedy Wilson plans 133 apartments at 700 Colorado Ave. in Santa Monica,Other / Unknown,Los Angeles,Office-to-Residential Conversion,Unknown,2026-07-27,2026-07-27,1,1,,Unknown Stage,0,0,0,0,0,0,0,Newly Detected,Unknown,20,Low Priority,Monitor for repeated project updates
2026-07-27,20260727-000045-568389d6,PRJ-20260727-0145,Lightstone Capital Refis San Diego Apartments With $34M Loan,Other / Unknown,Los Angeles,Apartment,Unknown,2026-07-27,2026-07-27,1,1,,Unknown Stage,0,0,0,0,1,0,0,Newly Detected,Unknown,20,Low Priority,Monitor for repeated project updates
2026-07-27,20260727-000045-568389d6,PRJ-20260727-0003,Lion Real Estate Picks Up Atlanta Apartments for $51M,Other / Unknown,Los Angeles,Apartment,Unknown,2026-07-27,2026-07-27,1,1,,Unknown Stage,0,0,0,0,0,0,0,Newly Detected,Unknown,20,Low Priority,Monitor for repeated project updates
2026-07-27,20260727-000045-568389d6,PRJ-20260727-0059,Mixed-use building proposed at 305 E. Colorado St. in Glendale,Colorado,Unknown,General Residential,General Project Signal - Colorado - Mixed-use building proposed at 305 E. Colorado St. in Glendale,2026-07-27,2026-07-27,1,1,,Unknown Stage,0,0,0,0,0,0,1,Newly Detected,Unknown,20,Low Priority,Monitor for repeated project updates
2026-07-27,20260727-000045-568389d6,PRJ-20260727-0077,More affordable housing underway at 21300 W. Oxnard St. in Warner Center,Los Angeles / California,Unknown,General Residential,General Project Signal - Los Angeles / California - More affordable housing underway at 21300 W. Oxnard St. in Warner Center,2026-07-27,2026-07-27,1,1,,Unknown Stage,0,0,0,0,0,0,1,Newly Detected,Unknown,20,Low Priority,Monitor for repeated project updates
2026-07-27,20260727-000045-568389d6,PRJ-20260727-0088,Office-to-Residential Conversion - Santa Monica / California - Kennedy Wilson plans 133 apartments at 700 Colorado Ave. in Santa Monica,Other / Unknown,Los Angeles,Office-to-Residential Conversion,Kennedy Wilson,2026-07-27,2026-07-27,1,1,,Unknown Stage,0,0,0,0,0,0,0,Newly Detected,Unknown,20,Low Priority,Monitor for repeated project updates
2026-07-27,20260727-000045-568389d6,PRJ-20260727-0124,Permits Filed for Affordable Housing at 430 Broadway in Oakland,Other / Unknown,Unknown,General Residential,Entitlement / Permitting - Other / Unknown - Permits Filed for Affordable Housing at 430 Broadway in Oakland,2026-07-27,2026-07-27,1,1,,Unknown Stage,0,0,1,0,0,0,1,Newly Detected,Unknown,20,Low Priority,Monitor for repeated project updates
2026-07-27,20260727-000045-568389d6,PRJ-20260727-0125,"Preliminary Plans For 340 Palo Alto Avenue, Palo Alto",Other / Unknown,Unknown,General Residential,"Entitlement / Permitting - Other / Unknown - Preliminary Plans For 340 Palo Alto Avenue, Palo Alto",2026-07-27,2026-07-27,1,1,,Unknown Stage,0,0,0,0,0,0,1,Newly Detected,Unknown,20,Low Priority,Monitor for repeated project updates
2026-07-27,20260727-000045-568389d6,PRJ-20260727-0126,"Signal Hill plans new zoning rules for ""oil patch"" district",Other / Unknown,Unknown,General Residential,"Entitlement / Permitting - Other / Unknown - Signal Hill plans new zoning rules for ""oil patch"" district",2026-07-27,2026-07-27,1,1,,Unknown Stage,0,0,0,0,0,0,1,Newly Detected,Unknown,20,Low Priority,Monitor for repeated project updates
2026-07-27,20260727-000045-568389d6,PRJ-20260727-0075,Sony Pictures and Alamo Drafthouse to revive Hollywood's iconic Cinerama Dome,Los Angeles / California,Unknown,General Residential,Disposition / Exit - Los Angeles / California - Sony Pictures and Alamo Drafthouse to revive Hollywood's iconic Cinerama Dome,2026-07-27,2026-07-27,1,1,,Unknown Stage,0,0,0,0,0,0,1,Newly Detected,Unknown,20,Low Priority,Monitor for repeated project updates
2026-07-27,20260727-000045-568389d6,PRJ-20260727-0081,Sony Pictures and Alamo Drafthouse to revive Hollywood's iconic Cinerama Dome,Other / Unknown,Los Angeles,General Residential,Unknown,2026-07-27,2026-07-27,1,1,,Unknown Stage,0,0,0,0,0,0,0,Newly Detected,Unknown,20,Low Priority,Monitor for repeated project updates
2026-07-27,20260727-000045-568389d6,PRJ-20260727-0172,Clear Investment Group Acquires 300-Unit DC Multifamily Property,Washington DC,Unknown,General Residential,Acquisition - Washington DC - Clear Investment Group Acquires 300-Unit DC Multifamily Property,2026-07-27,2026-07-27,2,1,,Unknown Stage,0,0,0,0,0,0,2,Newly Detected,Unknown,16,Low Priority,Monitor for repeated project updates
2026-07-27,20260727-000045-568389d6,PRJ-20260727-0162,Disposition / Exit - Tampa / Florida - Highly Competitive Marketing Process Yields Significant Investor Interest for Newer Florid...,Tampa / Florida,Tampa,Apartment,Unknown,2026-07-27,2026-07-27,2,1,,Unknown Stage,0,0,0,2,1,0,0,Newly Detected,Unknown,16,Low Priority,Monitor for repeated project updates
2026-07-27,20260727-000045-568389d6,PRJ-20260727-0160,Highly Competitive Marketing Process Yields Significant Investor Interest for Newer Florida Independent Living Asset,Tampa / Florida,Unknown,General Residential,Disposition / Exit - Tampa / Florida - Highly Competitive Marketing Process Yields Significant Investor Interest for Newer Florid...,2026-07-27,2026-07-27,2,1,,Unknown Stage,0,0,0,0,0,0,2,Newly Detected,Unknown,16,Low Priority,Monitor for repeated project updates
2026-07-27,20260727-000045-568389d6,PRJ-20260727-0134,JV Snags Refi on Tempe Student Housing Community,Phoenix / Arizona,Unknown,General Residential,Refinancing - Phoenix / Arizona - JV Snags Refi on Tempe Student Housing Community,2026-07-27,2026-07-27,2,1,,Unknown Stage,0,0,0,0,0,0,2,Newly Detected,Unknown,16,Low Priority,Monitor for repeated project updates
2026-07-27,20260727-000045-568389d6,PRJ-20260727-0106,M&T Realty Capital Provides $141.4M Loan for Refinancing of Manhattan Apartment Building,New York City / New York,Unknown,General Residential,Refinancing - New York City / New York - M&T Realty Capital Provides $141.4M Loan for Refinancing of Manhattan Apartment Building,2026-07-27,2026-07-27,2,1,,Unknown Stage,0,0,0,0,2,0,2,Newly Detected,Unknown,16,Low Priority,Monitor for repeated project updates
2026-07-27,20260727-000045-568389d6,PRJ-20260727-0170,"Monday Properties Receives Approval for Mixed-Use Development in Arlington, Virginia",Virginia,Unknown,General Residential,"General Project Signal - Virginia - Monday Properties Receives Approval for Mixed-Use Development in Arlington, Virginia",2026-07-27,2026-07-27,2,1,,Unknown Stage,0,0,0,0,0,0,2,Newly Detected,Unknown,16,Low Priority,Monitor for repeated project updates
2026-07-27,20260727-000045-568389d6,PRJ-20260727-0105,"No, the Pfizer Near-Disaster Won’t Slow New York’s Conversion Wave",New York City / New York,Unknown,General Residential,"Office-to-Residential Conversion - New York City / New York - No, the Pfizer Near-Disaster Won’t Slow New York’s Conversion Wave",2026-07-27,2026-07-27,2,1,,Unknown Stage,0,0,0,0,0,0,2,Newly Detected,Unknown,16,Low Priority,Monitor for repeated project updates
2026-07-27,20260727-000045-568389d6,PRJ-20260727-0067,Systima Closes $153M Tax-Exempt CMBS Affordable Housing Deal,Houston / Texas,Unknown,General Residential,General Project Signal - Houston / Texas - Systima Closes $153M Tax-Exempt CMBS Affordable Housing Deal,2026-07-27,2026-07-27,2,1,,Unknown Stage,0,0,0,0,0,0,2,Newly Detected,Unknown,16,Low Priority,Monitor for repeated project updates
2026-07-27,20260727-000045-568389d6,PRJ-20260727-0159,Trilogy Receives $64M Construction Loan for Tampa-Area Apartments,Tampa / Florida,Unknown,General Residential,Construction Financing - Tampa / Florida - Trilogy Receives $64M Construction Loan for Tampa-Area Apartments,2026-07-27,2026-07-27,2,1,,Unknown Stage,0,0,0,2,2,0,2,Newly Detected,Unknown,16,Low Priority,Monitor for repeated project updates
2026-07-27,20260727-000045-568389d6,PRJ-20260727-0100,West Palm Beach Eyeing Waterfront Rezoning Moratorium,Miami / Florida,Unknown,General Residential,Entitlement / Permitting - Miami / Florida - West Palm Beach Eyeing Waterfront Rezoning Moratorium,2026-07-27,2026-07-27,2,1,,Unknown Stage,0,0,0,0,0,0,2,Newly Detected,Unknown,16,Low Priority,Monitor for repeated project updates
2026-07-27,20260727-000045-568389d6,PRJ-20260727-0127,2026 Resident Experience Management Report,Other / Unknown,Unknown,General Residential,General Project Signal - Other / Unknown - 2026 Resident Experience Management Report,2026-07-27,2026-07-27,1,1,,Unknown Stage,0,0,0,0,0,0,1,Newly Detected,Unknown,10,Low Priority,Monitor for repeated project updates
2026-07-27,20260727-000045-568389d6,PRJ-20260727-0157,Entitlement / Permitting - Miami / Florida - West Palm Beach Eyeing Waterfront Rezoning Moratorium,Miami / Florida,South Florida,Apartment,Unknown,2026-07-27,2026-07-27,1,1,,Unknown Stage,0,0,1,0,0,0,0,Newly Detected,Unknown,10,Low Priority,Monitor for repeated project updates
2026-07-27,20260727-000045-568389d6,PRJ-20260727-0116,First Quarter 2026 Multifamily Construction Data,Other / Unknown,Unknown,General Residential,Development Start - Other / Unknown - First Quarter 2026 Multifamily Construction Data,2026-07-27,2026-07-27,1,1,,Unknown Stage,0,0,0,1,0,0,1,Newly Detected,Unknown,10,Low Priority,Monitor for repeated project updates
2026-07-27,20260727-000045-568389d6,PRJ-20260727-0117,Fourth Quarter 2025 Multifamily Construction Data,Other / Unknown,Unknown,General Residential,Development Start - Other / Unknown - Fourth Quarter 2025 Multifamily Construction Data,2026-07-27,2026-07-27,1,1,,Unknown Stage,0,0,0,1,0,0,1,Newly Detected,Unknown,10,Low Priority,Monitor for repeated project updates
2026-07-27,20260727-000045-568389d6,PRJ-20260727-0069,General Project Signal - Houston / Texas - Systima Closes $153M Tax-Exempt CMBS Affordable Housing Deal,Houston / Texas,Houston,Affordable Housing,Unknown,2026-07-27,2026-07-27,1,1,,Unknown Stage,0,0,0,0,0,0,0,Newly Detected,Unknown,10,Low Priority,Monitor for repeated project updates
2026-07-27,20260727-000045-568389d6,PRJ-20260727-0035,"General Project Signal - Virginia - Monday Properties Receives Approval for Mixed-Use Development in Arlington, Virginia",Virginia,"Arlington, Virginia",Mixed-Use Residential,Unknown,2026-07-27,2026-07-27,1,1,,Unknown Stage,0,0,0,0,0,0,0,Newly Detected,Unknown,10,Low Priority,Monitor for repeated project updates
2026-07-27,20260727-000045-568389d6,PRJ-20260727-0152,Kidder Mathews Arranges Sale of Mixed-Use Apartments in WA,Seattle,Unknown,General Residential,Disposition / Exit - Seattle - Kidder Mathews Arranges Sale of Mixed-Use Apartments in WA,2026-07-27,2026-07-27,1,1,,Unknown Stage,0,0,0,0,0,0,1,Newly Detected,Unknown,10,Low Priority,Monitor for repeated project updates
2026-07-27,20260727-000045-568389d6,PRJ-20260727-0119,Missing Middle Weakness,Other / Unknown,Unknown,General Residential,Development Start - Other / Unknown - Missing Middle Weakness,2026-07-27,2026-07-27,1,1,,Unknown Stage,0,0,0,0,0,0,1,Newly Detected,Unknown,10,Low Priority,Monitor for repeated project updates
2026-07-27,20260727-000045-568389d6,PRJ-20260727-0128,Multifamily Absorption Rate Remains Below 50%,Other / Unknown,Unknown,General Residential,General Project Signal - Other / Unknown - Multifamily Absorption Rate Remains Below 50%,2026-07-27,2026-07-27,1,1,,Unknown Stage,0,0,0,0,0,0,1,Newly Detected,Unknown,10,Low Priority,Monitor for repeated project updates
2026-07-27,20260727-000045-568389d6,PRJ-20260727-0122,NAHB HBGI: Micro Markets Lone Bright Spot for Single-Family Building in Fourth Quarter,Other / Unknown,Unknown,General Residential,Disposition / Exit - Other / Unknown - NAHB HBGI: Micro Markets Lone Bright Spot for Single-Family Building in Fourth Quarter,2026-07-27,2026-07-27,1,1,,Unknown Stage,0,0,0,0,0,0,1,Newly Detected,Unknown,10,Low Priority,Monitor for repeated project updates
2026-07-27,20260727-000045-568389d6,PRJ-20260727-0112,"Northmarq Brokers $70M Sale of Multifamily Property in Wentzville, Missouri",Other / Unknown,Unknown,General Residential,"Acquisition - Other / Unknown - Northmarq Brokers $70M Sale of Multifamily Property in Wentzville, Missouri",2026-07-27,2026-07-27,1,1,,Unknown Stage,0,0,0,0,0,0,1,Newly Detected,Unknown,10,Low Priority,Monitor for repeated project updates
2026-07-27,20260727-000045-568389d6,PRJ-20260727-0120,Overall Housing Starts Inch Lower in 2025,Other / Unknown,Unknown,General Residential,Development Start - Other / Unknown - Overall Housing Starts Inch Lower in 2025,2026-07-27,2026-07-27,1,1,,Unknown Stage,0,0,0,0,0,0,1,Newly Detected,Unknown,10,Low Priority,Monitor for repeated project updates
2026-07-27,20260727-000045-568389d6,PRJ-20260727-0137,Refinancing - Phoenix / Arizona - JV Snags Refi on Tempe Student Housing Community,Phoenix / Arizona,Phoenix,Student Housing,Unknown,2026-07-27,2026-07-27,1,1,,Unknown Stage,0,0,0,0,1,0,0,Newly Detected,Unknown,10,Low Priority,Monitor for repeated project updates
2026-07-27,20260727-000045-568389d6,PRJ-20260727-0121,Third Quarter 2025 Multifamily Construction Data,Other / Unknown,Unknown,General Residential,Development Start - Other / Unknown - Third Quarter 2025 Multifamily Construction Data,2026-07-27,2026-07-27,1,1,,Unknown Stage,0,0,0,1,0,0,1,Newly Detected,Unknown,10,Low Priority,Monitor for repeated project updates
2026-07-27,20260727-000045-568389d6,PRJ-20260727-0175,West Palm Beach Multifamily Property Converted From Condos Sells for $91M,West Palm Beach / Florida,Unknown,General Residential,JV / Partnership - West Palm Beach / Florida - West Palm Beach Multifamily Property Converted From Condos Sells for $91M,2026-07-27,2026-07-27,1,1,,Unknown Stage,0,0,0,0,0,0,1,Newly Detected,Unknown,10,Low Priority,Monitor for repeated project updates
2026-07-27,20260727-000045-568389d6,PRJ-20260727-0123,Workforce housing for Metro employees could rise at 4421 S. Crenshaw Blvd.,Other / Unknown,Unknown,General Residential,Disposition / Exit - Other / Unknown - Workforce housing for Metro employees could rise at 4421 S. Crenshaw Blvd.,2026-07-27,2026-07-27,1,1,,Unknown Stage,0,0,0,0,0,0,1,Newly Detected,Unknown,10,Low Priority,Monitor for repeated project updates
