run_date,run_id,run_timestamp,source_name,source_category,platform_type,source_url,feed_status,entries_found,articles_saved,gp_related_articles,residential_sector_focus,source_priority,needs_manual_review,notes
2026-08-10,20260810-233522-b4607a70,2026-08-10 23:35:22,Blackstone Real Estate Source Expansion,Developer / GP Source Expansion,Institutional Capital Platform,https://www.blackstone.com/news/rss/,Failed,0,0,0,General Residential,High Priority Source,Yes,RSS parsing issue: status=403; <unknown>:2:1326: not well-formed (invalid token)
2026-08-10,20260810-233522-b4607a70,2026-08-10 23:35:22,Hines Source Expansion,Developer / GP Source Expansion,Institutional Capital Platform,https://www.hines.com/news/feed,Failed,0,0,0,General Residential,High Priority Source,Yes,RSS parsing issue: status=403; <unknown>:2:1326: not well-formed (invalid token)
2026-08-10,20260810-233522-b4607a70,2026-08-10 23:35:22,Berkadia Source Expansion,Developer / GP Source Expansion,Lender / Debt Platform,https://berkadia.com/feed/,Failed,0,0,0,General Residential,High Priority Source,Yes,RSS parsing issue: status=301; <unknown>:7:75: not well-formed (invalid token)
2026-08-10,20260810-233522-b4607a70,2026-08-10 23:35:22,Walker & Dunlop Source Expansion,Developer / GP Source Expansion,Lender / Debt Platform,https://www.walkerdunlop.com/insights/feed/,Failed,0,0,0,General Residential,High Priority Source,Yes,RSS parsing issue: status=301; <unknown>:2:2016: not well-formed (invalid token)
2026-08-10,20260810-233522-b4607a70,2026-08-10 23:35:22,Berkadia Research,Brokerage / Debt / Research,Other,https://berkadia.com/feed/,Failed,0,0,0,General Residential,High Priority Source,Yes,RSS parsing issue: status=301; <unknown>:7:75: not well-formed (invalid token)
2026-08-10,20260810-233522-b4607a70,2026-08-10 23:35:22,Blackstone Real Estate,Developer / GP Newsrooms,Other,https://www.blackstone.com/news/rss/,Failed,0,0,0,General Residential,High Priority Source,Yes,RSS parsing issue: status=403; <unknown>:2:1326: not well-formed (invalid token)
2026-08-10,20260810-233522-b4607a70,2026-08-10 23:35:22,Hines Newsroom,Developer / GP Newsrooms,Other,https://www.hines.com/news/feed,Failed,0,0,0,General Residential,High Priority Source,Yes,RSS parsing issue: status=403; <unknown>:2:1326: not well-formed (invalid token)
2026-08-10,20260810-233522-b4607a70,2026-08-10 23:35:22,Walker & Dunlop Insights,Brokerage / Debt / Research,Other,https://www.walkerdunlop.com/insights/feed/,Failed,0,0,0,General Residential,High Priority Source,Yes,RSS parsing issue: status=301; <unknown>:2:2016: not well-formed (invalid token)
2026-08-10,20260810-233522-b4607a70,2026-08-10 23:35:22,NMHC News,Institutional Real Estate / Capital Markets,Other,https://www.nmhc.org/news/rss/,Failed,0,0,0,General Residential,Watch Source,Yes,RSS parsing issue: status=200; <unknown>:21:2: mismatched tag
2026-08-10,20260810-233522-b4607a70,2026-08-10 23:35:22,Urban Land Institute,Institutional Real Estate / Capital Markets,Other,https://urbanland.uli.org/feed/,Failed,0,0,0,General Residential,Watch Source,Yes,RSS parsing issue: status=403; <unknown>:2:1326: not well-formed (invalid token)
2026-08-10,20260810-233522-b4607a70,2026-08-10 23:35:22,WealthManagement Real Estate,Institutional Real Estate / Capital Markets,Other,https://www.wealthmanagement.com/rss.xml,OK,50,0,0,General Residential,Watch Source,No,"Feed works, but no articles passed the current strategy filters."
2026-08-10,20260810-233522-b4607a70,2026-08-10 23:35:22,AHV Communities Source Expansion,Developer / GP Source Expansion,BTR / SFR Platform,,Disabled,0,0,0,BTR / Single-Family Rental,Placeholder / Needs Review,Yes,"Confirm whether a public newsroom, RSS, press release, or insights feed exists."
2026-08-10,20260810-233522-b4607a70,2026-08-10 23:35:22,American Homes 4 Rent Source Expansion,Developer / GP Source Expansion,BTR / SFR Platform,,Disabled,0,0,0,BTR / Single-Family Rental,Placeholder / Needs Review,Yes,"Confirm whether a public newsroom, RSS, press release, or insights feed exists."
2026-08-10,20260810-233522-b4607a70,2026-08-10 23:35:22,BB Living Source Expansion,Developer / GP Source Expansion,BTR / SFR Platform,,Disabled,0,0,0,BTR / Single-Family Rental,Placeholder / Needs Review,Yes,"Confirm whether a public newsroom, RSS, press release, or insights feed exists."
2026-08-10,20260810-233522-b4607a70,2026-08-10 23:35:22,Christopher Todd Communities Source Expansion,Developer / GP Source Expansion,BTR / SFR Platform,,Disabled,0,0,0,BTR / Single-Family Rental,Placeholder / Needs Review,Yes,"Confirm whether a public newsroom, RSS, press release, or insights feed exists."
2026-08-10,20260810-233522-b4607a70,2026-08-10 23:35:22,Invitation Homes Source Expansion,Developer / GP Source Expansion,BTR / SFR Platform,,Disabled,0,0,0,BTR / Single-Family Rental,Placeholder / Needs Review,Yes,"Confirm whether a public newsroom, RSS, press release, or insights feed exists."
2026-08-10,20260810-233522-b4607a70,2026-08-10 23:35:22,NexMetro Communities Source Expansion,Developer / GP Source Expansion,BTR / SFR Platform,,Disabled,0,0,0,BTR / Single-Family Rental,Placeholder / Needs Review,Yes,"Confirm whether a public newsroom, RSS, press release, or insights feed exists."
2026-08-10,20260810-233522-b4607a70,2026-08-10 23:35:22,Pretium Source Expansion,Developer / GP Source Expansion,BTR / SFR Platform,,Disabled,0,0,0,BTR / Single-Family Rental,Placeholder / Needs Review,Yes,"Confirm whether a public newsroom, RSS, press release, or insights feed exists."
2026-08-10,20260810-233522-b4607a70,2026-08-10 23:35:22,Progress Residential Source Expansion,Developer / GP Source Expansion,BTR / SFR Platform,,Disabled,0,0,0,BTR / Single-Family Rental,Placeholder / Needs Review,Yes,"Confirm whether a public newsroom, RSS, press release, or insights feed exists."
2026-08-10,20260810-233522-b4607a70,2026-08-10 23:35:22,Quinn Residences Source Expansion,Developer / GP Source Expansion,BTR / SFR Platform,,Disabled,0,0,0,BTR / Single-Family Rental,Placeholder / Needs Review,Yes,"Confirm whether a public newsroom, RSS, press release, or insights feed exists."
2026-08-10,20260810-233522-b4607a70,2026-08-10 23:35:22,Tricon Residential Source Expansion,Developer / GP Source Expansion,BTR / SFR Platform,,Disabled,0,0,0,BTR / Single-Family Rental,Placeholder / Needs Review,Yes,"Confirm whether a public newsroom, RSS, press release, or insights feed exists."
2026-08-10,20260810-233522-b4607a70,2026-08-10 23:35:22,CBRE Capital Markets Source Expansion,Developer / GP Source Expansion,Brokerage / Advisor,,Disabled,0,0,0,General Residential,Placeholder / Needs Review,Yes,"Confirm whether a public newsroom, RSS, press release, or insights feed exists."
2026-08-10,20260810-233522-b4607a70,2026-08-10 23:35:22,Cushman & Wakefield Source Expansion,Developer / GP Source Expansion,Brokerage / Advisor,,Disabled,0,0,0,General Residential,Placeholder / Needs Review,Yes,"Confirm whether a public newsroom, RSS, press release, or insights feed exists."
2026-08-10,20260810-233522-b4607a70,2026-08-10 23:35:22,Eastdil Secured Source Expansion,Developer / GP Source Expansion,Brokerage / Advisor,,Disabled,0,0,0,General Residential,Placeholder / Needs Review,Yes,"Confirm whether a public newsroom, RSS, press release, or insights feed exists."
2026-08-10,20260810-233522-b4607a70,2026-08-10 23:35:22,JLL Capital Markets Source Expansion,Developer / GP Source Expansion,Brokerage / Advisor,,Disabled,0,0,0,General Residential,Placeholder / Needs Review,Yes,"Confirm whether a public newsroom, RSS, press release, or insights feed exists."
2026-08-10,20260810-233522-b4607a70,2026-08-10 23:35:22,Newmark Source Expansion,Developer / GP Source Expansion,Brokerage / Advisor,,Disabled,0,0,0,General Residential,Placeholder / Needs Review,Yes,"Confirm whether a public newsroom, RSS, press release, or insights feed exists."
2026-08-10,20260810-233522-b4607a70,2026-08-10 23:35:22,Apollo Real Estate Source Expansion,Developer / GP Source Expansion,Institutional Capital Platform,,Disabled,0,0,0,General Residential,Placeholder / Needs Review,Yes,"Confirm whether a public newsroom, RSS, press release, or insights feed exists."
2026-08-10,20260810-233522-b4607a70,2026-08-10 23:35:22,BGO Source Expansion,Developer / GP Source Expansion,Institutional Capital Platform,,Disabled,0,0,0,General Residential,Placeholder / Needs Review,Yes,"Confirm whether a public newsroom, RSS, press release, or insights feed exists."
2026-08-10,20260810-233522-b4607a70,2026-08-10 23:35:22,Brookfield Real Estate Source Expansion,Developer / GP Source Expansion,Institutional Capital Platform,,Disabled,0,0,0,General Residential,Placeholder / Needs Review,Yes,"Confirm whether a public newsroom, RSS, press release, or insights feed exists."
2026-08-10,20260810-233522-b4607a70,2026-08-10 23:35:22,CIM Group Source Expansion,Developer / GP Source Expansion,Institutional Capital Platform,,Disabled,0,0,0,General Residential,Placeholder / Needs Review,Yes,"Confirm whether a public newsroom, RSS, press release, or insights feed exists."
2026-08-10,20260810-233522-b4607a70,2026-08-10 23:35:22,Carlyle Real Estate Source Expansion,Developer / GP Source Expansion,Institutional Capital Platform,,Disabled,0,0,0,General Residential,Placeholder / Needs Review,Yes,"Confirm whether a public newsroom, RSS, press release, or insights feed exists."
2026-08-10,20260810-233522-b4607a70,2026-08-10 23:35:22,Carmel Partners Source Expansion,Developer / GP Source Expansion,Institutional Capital Platform,,Disabled,0,0,0,General Residential,Placeholder / Needs Review,Yes,"Confirm whether a public newsroom, RSS, press release, or insights feed exists."
2026-08-10,20260810-233522-b4607a70,2026-08-10 23:35:22,GID Source Expansion,Developer / GP Source Expansion,Institutional Capital Platform,,Disabled,0,0,0,General Residential,Placeholder / Needs Review,Yes,"Confirm whether a public newsroom, RSS, press release, or insights feed exists."
2026-08-10,20260810-233522-b4607a70,2026-08-10 23:35:22,Harbor Group International Source Expansion,Developer / GP Source Expansion,Institutional Capital Platform,,Disabled,0,0,0,General Residential,Placeholder / Needs Review,Yes,"Confirm whether a public newsroom, RSS, press release, or insights feed exists."
2026-08-10,20260810-233522-b4607a70,2026-08-10 23:35:22,KKR Real Estate Source Expansion,Developer / GP Source Expansion,Institutional Capital Platform,,Disabled,0,0,0,General Residential,Placeholder / Needs Review,Yes,"Confirm whether a public newsroom, RSS, press release, or insights feed exists."
2026-08-10,20260810-233522-b4607a70,2026-08-10 23:35:22,Kennedy Wilson Source Expansion,Developer / GP Source Expansion,Institutional Capital Platform,,Disabled,0,0,0,General Residential,Placeholder / Needs Review,Yes,"Confirm whether a public newsroom, RSS, press release, or insights feed exists."
2026-08-10,20260810-233522-b4607a70,2026-08-10 23:35:22,LivCor Source Expansion,Developer / GP Source Expansion,Institutional Capital Platform,,Disabled,0,0,0,General Residential,Placeholder / Needs Review,Yes,"Confirm whether a public newsroom, RSS, press release, or insights feed exists."
2026-08-10,20260810-233522-b4607a70,2026-08-10 23:35:22,Nuveen Real Estate Source Expansion,Developer / GP Source Expansion,Institutional Capital Platform,,Disabled,0,0,0,General Residential,Placeholder / Needs Review,Yes,"Confirm whether a public newsroom, RSS, press release, or insights feed exists."
2026-08-10,20260810-233522-b4607a70,2026-08-10 23:35:22,PGIM Real Estate Source Expansion,Developer / GP Source Expansion,Institutional Capital Platform,,Disabled,0,0,0,General Residential,Placeholder / Needs Review,Yes,"Confirm whether a public newsroom, RSS, press release, or insights feed exists."
2026-08-10,20260810-233522-b4607a70,2026-08-10 23:35:22,Starwood Capital Source Expansion,Developer / GP Source Expansion,Institutional Capital Platform,,Disabled,0,0,0,General Residential,Placeholder / Needs Review,Yes,"Confirm whether a public newsroom, RSS, press release, or insights feed exists."
2026-08-10,20260810-233522-b4607a70,2026-08-10 23:35:22,Waterton Source Expansion,Developer / GP Source Expansion,Institutional Capital Platform,,Disabled,0,0,0,General Residential,Placeholder / Needs Review,Yes,"Confirm whether a public newsroom, RSS, press release, or insights feed exists."
2026-08-10,20260810-233522-b4607a70,2026-08-10 23:35:22,Fannie Mae Multifamily Source Expansion,Developer / GP Source Expansion,Lender / Debt Platform,,Disabled,0,0,0,General Residential,Placeholder / Needs Review,Yes,"Confirm whether a public newsroom, RSS, press release, or insights feed exists."
2026-08-10,20260810-233522-b4607a70,2026-08-10 23:35:22,Freddie Mac Multifamily Source Expansion,Developer / GP Source Expansion,Lender / Debt Platform,,Disabled,0,0,0,General Residential,Placeholder / Needs Review,Yes,"Confirm whether a public newsroom, RSS, press release, or insights feed exists."
2026-08-10,20260810-233522-b4607a70,2026-08-10 23:35:22,Greystone Source Expansion,Developer / GP Source Expansion,Lender / Debt Platform,,Disabled,0,0,0,General Residential,Placeholder / Needs Review,Yes,"Confirm whether a public newsroom, RSS, press release, or insights feed exists."
2026-08-10,20260810-233522-b4607a70,2026-08-10 23:35:22,Marcus & Millichap Capital Corporation Source Expansion,Developer / GP Source Expansion,Lender / Debt Platform,,Disabled,0,0,0,General Residential,Placeholder / Needs Review,Yes,"Confirm whether a public newsroom, RSS, press release, or insights feed exists."
2026-08-10,20260810-233522-b4607a70,2026-08-10 23:35:22,Northmarq Source Expansion,Developer / GP Source Expansion,Lender / Debt Platform,,Disabled,0,0,0,General Residential,Placeholder / Needs Review,Yes,"Confirm whether a public newsroom, RSS, press release, or insights feed exists."
2026-08-10,20260810-233522-b4607a70,2026-08-10 23:35:22,AMLI Residential Source Expansion,Developer / GP Source Expansion,Multifamily Developer / Operator,,Disabled,0,0,0,Multifamily,Placeholder / Needs Review,Yes,"Confirm whether a public newsroom, RSS, press release, or insights feed exists."
2026-08-10,20260810-233522-b4607a70,2026-08-10 23:35:22,Alliance Residential Source Expansion,Developer / GP Source Expansion,Multifamily Developer / Operator,,Disabled,0,0,0,Multifamily,Placeholder / Needs Review,Yes,"Confirm whether a public newsroom, RSS, press release, or insights feed exists."
2026-08-10,20260810-233522-b4607a70,2026-08-10 23:35:22,AvalonBay Source Expansion,Developer / GP Source Expansion,Multifamily Developer / Operator,,Disabled,0,0,0,Multifamily,Placeholder / Needs Review,Yes,"Confirm whether a public newsroom, RSS, press release, or insights feed exists."
2026-08-10,20260810-233522-b4607a70,2026-08-10 23:35:22,Camden Property Trust Source Expansion,Developer / GP Source Expansion,Multifamily Developer / Operator,,Disabled,0,0,0,Multifamily,Placeholder / Needs Review,Yes,"Confirm whether a public newsroom, RSS, press release, or insights feed exists."
2026-08-10,20260810-233522-b4607a70,2026-08-10 23:35:22,Equity Residential Source Expansion,Developer / GP Source Expansion,Multifamily Developer / Operator,,Disabled,0,0,0,Multifamily,Placeholder / Needs Review,Yes,"Confirm whether a public newsroom, RSS, press release, or insights feed exists."
2026-08-10,20260810-233522-b4607a70,2026-08-10 23:35:22,Essex Property Trust Source Expansion,Developer / GP Source Expansion,Multifamily Developer / Operator,,Disabled,0,0,0,Multifamily,Placeholder / Needs Review,Yes,"Confirm whether a public newsroom, RSS, press release, or insights feed exists."
2026-08-10,20260810-233522-b4607a70,2026-08-10 23:35:22,Fairfield Residential Source Expansion,Developer / GP Source Expansion,Multifamily Developer / Operator,,Disabled,0,0,0,Multifamily,Placeholder / Needs Review,Yes,"Confirm whether a public newsroom, RSS, press release, or insights feed exists."
2026-08-10,20260810-233522-b4607a70,2026-08-10 23:35:22,Greystar Source Expansion,Developer / GP Source Expansion,Multifamily Developer / Operator,,Disabled,0,0,0,Multifamily,Placeholder / Needs Review,Yes,"Confirm whether a public newsroom, RSS, press release, or insights feed exists."
2026-08-10,20260810-233522-b4607a70,2026-08-10 23:35:22,Hanover Company Source Expansion,Developer / GP Source Expansion,Multifamily Developer / Operator,,Disabled,0,0,0,Multifamily,Placeholder / Needs Review,Yes,"Confirm whether a public newsroom, RSS, press release, or insights feed exists."
2026-08-10,20260810-233522-b4607a70,2026-08-10 23:35:22,Holland Partner Group Source Expansion,Developer / GP Source Expansion,Multifamily Developer / Operator,,Disabled,0,0,0,Multifamily,Placeholder / Needs Review,Yes,"Confirm whether a public newsroom, RSS, press release, or insights feed exists."
2026-08-10,20260810-233522-b4607a70,2026-08-10 23:35:22,JPI Source Expansion,Developer / GP Source Expansion,Multifamily Developer / Operator,,Disabled,0,0,0,Multifamily,Placeholder / Needs Review,Yes,"Confirm whether a public newsroom, RSS, press release, or insights feed exists."
2026-08-10,20260810-233522-b4607a70,2026-08-10 23:35:22,Kairoi Residential Source Expansion,Developer / GP Source Expansion,Multifamily Developer / Operator,,Disabled,0,0,0,Multifamily,Placeholder / Needs Review,Yes,"Confirm whether a public newsroom, RSS, press release, or insights feed exists."
2026-08-10,20260810-233522-b4607a70,2026-08-10 23:35:22,Lincoln Property Company Source Expansion,Developer / GP Source Expansion,Multifamily Developer / Operator,,Disabled,0,0,0,Multifamily,Placeholder / Needs Review,Yes,"Confirm whether a public newsroom, RSS, press release, or insights feed exists."
2026-08-10,20260810-233522-b4607a70,2026-08-10 23:35:22,MAA Source Expansion,Developer / GP Source Expansion,Multifamily Developer / Operator,,Disabled,0,0,0,Multifamily,Placeholder / Needs Review,Yes,"Confirm whether a public newsroom, RSS, press release, or insights feed exists."
2026-08-10,20260810-233522-b4607a70,2026-08-10 23:35:22,Mill Creek Residential Source Expansion,Developer / GP Source Expansion,Multifamily Developer / Operator,,Disabled,0,0,0,Multifamily,Placeholder / Needs Review,Yes,"Confirm whether a public newsroom, RSS, press release, or insights feed exists."
2026-08-10,20260810-233522-b4607a70,2026-08-10 23:35:22,Quarterra Source Expansion,Developer / GP Source Expansion,Multifamily Developer / Operator,,Disabled,0,0,0,Multifamily,Placeholder / Needs Review,Yes,"Confirm whether a public newsroom, RSS, press release, or insights feed exists."
2026-08-10,20260810-233522-b4607a70,2026-08-10 23:35:22,Toll Brothers Apartment Living Source Expansion,Developer / GP Source Expansion,Multifamily Developer / Operator,,Disabled,0,0,0,Multifamily,Placeholder / Needs Review,Yes,"Confirm whether a public newsroom, RSS, press release, or insights feed exists."
2026-08-10,20260810-233522-b4607a70,2026-08-10 23:35:22,Trammell Crow Residential Source Expansion,Developer / GP Source Expansion,Multifamily Developer / Operator,,Disabled,0,0,0,Multifamily,Placeholder / Needs Review,Yes,"Confirm whether a public newsroom, RSS, press release, or insights feed exists."
2026-08-10,20260810-233522-b4607a70,2026-08-10 23:35:22,UDR Source Expansion,Developer / GP Source Expansion,Multifamily Developer / Operator,,Disabled,0,0,0,Multifamily,Placeholder / Needs Review,Yes,"Confirm whether a public newsroom, RSS, press release, or insights feed exists."
2026-08-10,20260810-233522-b4607a70,2026-08-10 23:35:22,Wood Partners Source Expansion,Developer / GP Source Expansion,Multifamily Developer / Operator,,Disabled,0,0,0,Multifamily,Placeholder / Needs Review,Yes,"Confirm whether a public newsroom, RSS, press release, or insights feed exists."
2026-08-10,20260810-233522-b4607a70,2026-08-10 23:35:22,AvalonBay Newsroom,Developer / GP Newsrooms,Other,,Disabled,0,0,0,General Residential,Placeholder / Needs Review,Yes,"Confirm whether a public newsroom, RSS, press release, or insights feed exists."
2026-08-10,20260810-233522-b4607a70,2026-08-10 23:35:22,Brookfield Real Estate,Developer / GP Newsrooms,Other,,Disabled,0,0,0,General Residential,Placeholder / Needs Review,Yes,"Confirm whether a public newsroom, RSS, press release, or insights feed exists."
2026-08-10,20260810-233522-b4607a70,2026-08-10 23:35:22,CBRE Multifamily / Living Sector,Brokerage / Debt / Research,Other,,Disabled,0,0,0,General Residential,Placeholder / Needs Review,Yes,"Confirm whether a public newsroom, RSS, press release, or insights feed exists."
2026-08-10,20260810-233522-b4607a70,2026-08-10 23:35:22,CBRE Research Public Insights,Brokerage / Debt / Research,Other,,Disabled,0,0,0,General Residential,Placeholder / Needs Review,Yes,"Confirm whether a public newsroom, RSS, press release, or insights feed exists."
2026-08-10,20260810-233522-b4607a70,2026-08-10 23:35:22,Camden Property Trust Newsroom,Developer / GP Newsrooms,Other,,Disabled,0,0,0,General Residential,Placeholder / Needs Review,Yes,"Confirm whether a public newsroom, RSS, press release, or insights feed exists."
2026-08-10,20260810-233522-b4607a70,2026-08-10 23:35:22,Crescent Communities Newsroom,Developer / GP Newsrooms,Other,,Disabled,0,0,0,General Residential,Placeholder / Needs Review,Yes,"Confirm whether a public newsroom, RSS, press release, or insights feed exists."
2026-08-10,20260810-233522-b4607a70,2026-08-10 23:35:22,Cushman & Wakefield Multifamily,Brokerage / Debt / Research,Other,,Disabled,0,0,0,General Residential,Placeholder / Needs Review,Yes,"Confirm whether a public newsroom, RSS, press release, or insights feed exists."
2026-08-10,20260810-233522-b4607a70,2026-08-10 23:35:22,Cushman & Wakefield Research Public Insights,Brokerage / Debt / Research,Other,,Disabled,0,0,0,General Residential,Placeholder / Needs Review,Yes,"Confirm whether a public newsroom, RSS, press release, or insights feed exists."
2026-08-10,20260810-233522-b4607a70,2026-08-10 23:35:22,Equity Residential Newsroom,Developer / GP Newsrooms,Other,,Disabled,0,0,0,General Residential,Placeholder / Needs Review,Yes,"Confirm whether a public newsroom, RSS, press release, or insights feed exists."
2026-08-10,20260810-233522-b4607a70,2026-08-10 23:35:22,Essex Property Trust Newsroom,Developer / GP Newsrooms,Other,,Disabled,0,0,0,General Residential,Placeholder / Needs Review,Yes,"Confirm whether a public newsroom, RSS, press release, or insights feed exists."
2026-08-10,20260810-233522-b4607a70,2026-08-10 23:35:22,Fannie Mae Multifamily,Institutional Real Estate / Capital Markets,Other,,Disabled,0,0,0,General Residential,Placeholder / Needs Review,Yes,"Confirm whether a public newsroom, RSS, press release, or insights feed exists."
2026-08-10,20260810-233522-b4607a70,2026-08-10 23:35:22,Fannie Mae Multifamily Research,Institutional Real Estate / Capital Markets,Other,,Disabled,0,0,0,General Residential,Placeholder / Needs Review,Yes,"Confirm whether a public newsroom, RSS, press release, or insights feed exists."
2026-08-10,20260810-233522-b4607a70,2026-08-10 23:35:22,Freddie Mac Multifamily,Institutional Real Estate / Capital Markets,Other,,Disabled,0,0,0,General Residential,Placeholder / Needs Review,Yes,"Confirm whether a public newsroom, RSS, press release, or insights feed exists."
2026-08-10,20260810-233522-b4607a70,2026-08-10 23:35:22,Freddie Mac Multifamily Research,Institutional Real Estate / Capital Markets,Other,,Disabled,0,0,0,General Residential,Placeholder / Needs Review,Yes,"Confirm whether a public newsroom, RSS, press release, or insights feed exists."
2026-08-10,20260810-233522-b4607a70,2026-08-10 23:35:22,Greystar Newsroom,Developer / GP Newsrooms,Other,,Disabled,0,0,0,General Residential,Placeholder / Needs Review,Yes,"Confirm whether a public newsroom, RSS, press release, or insights feed exists."
2026-08-10,20260810-233522-b4607a70,2026-08-10 23:35:22,JLL Living / Multifamily,Brokerage / Debt / Research,Other,,Disabled,0,0,0,General Residential,Placeholder / Needs Review,Yes,"Confirm whether a public newsroom, RSS, press release, or insights feed exists."
2026-08-10,20260810-233522-b4607a70,2026-08-10 23:35:22,JLL Research Public Insights,Brokerage / Debt / Research,Other,,Disabled,0,0,0,General Residential,Placeholder / Needs Review,Yes,"Confirm whether a public newsroom, RSS, press release, or insights feed exists."
2026-08-10,20260810-233522-b4607a70,2026-08-10 23:35:22,Kennedy Wilson Newsroom,Developer / GP Newsrooms,Other,,Disabled,0,0,0,General Residential,Placeholder / Needs Review,Yes,"Confirm whether a public newsroom, RSS, press release, or insights feed exists."
2026-08-10,20260810-233522-b4607a70,2026-08-10 23:35:22,MAA Newsroom,Developer / GP Newsrooms,Other,,Disabled,0,0,0,General Residential,Placeholder / Needs Review,Yes,"Confirm whether a public newsroom, RSS, press release, or insights feed exists."
2026-08-10,20260810-233522-b4607a70,2026-08-10 23:35:22,MBA Commercial / Multifamily,Institutional Real Estate / Capital Markets,Other,,Disabled,0,0,0,General Residential,Placeholder / Needs Review,Yes,"Confirm whether a public newsroom, RSS, press release, or insights feed exists."
2026-08-10,20260810-233522-b4607a70,2026-08-10 23:35:22,Marcus & Millichap Research,Brokerage / Debt / Research,Other,,Disabled,0,0,0,General Residential,Placeholder / Needs Review,Yes,"Confirm whether a public newsroom, RSS, press release, or insights feed exists."
2026-08-10,20260810-233522-b4607a70,2026-08-10 23:35:22,Marcus & Millichap Research Public Insights,Brokerage / Debt / Research,Other,,Disabled,0,0,0,General Residential,Placeholder / Needs Review,Yes,"Confirm whether a public newsroom, RSS, press release, or insights feed exists."
2026-08-10,20260810-233522-b4607a70,2026-08-10 23:35:22,Mill Creek Residential Newsroom,Developer / GP Newsrooms,Other,,Disabled,0,0,0,General Residential,Placeholder / Needs Review,Yes,"Confirm whether a public newsroom, RSS, press release, or insights feed exists."
2026-08-10,20260810-233522-b4607a70,2026-08-10 23:35:22,Mortgage Professional America Commercial,Institutional Real Estate / Capital Markets,Other,,Disabled,0,0,0,General Residential,Placeholder / Needs Review,Yes,"Confirm whether a public newsroom, RSS, press release, or insights feed exists."
2026-08-10,20260810-233522-b4607a70,2026-08-10 23:35:22,PERE,Institutional Real Estate / Capital Markets,Other,,Disabled,0,0,0,General Residential,Placeholder / Needs Review,Yes,"Confirm whether a public newsroom, RSS, press release, or insights feed exists."
2026-08-10,20260810-233522-b4607a70,2026-08-10 23:35:22,Related California Newsroom,Developer / GP Newsrooms,Other,,Disabled,0,0,0,General Residential,Placeholder / Needs Review,Yes,"Confirm whether a public newsroom, RSS, press release, or insights feed exists."
2026-08-10,20260810-233522-b4607a70,2026-08-10 23:35:22,Related Companies Newsroom,Developer / GP Newsrooms,Other,,Disabled,0,0,0,General Residential,Placeholder / Needs Review,Yes,"Confirm whether a public newsroom, RSS, press release, or insights feed exists."
2026-08-10,20260810-233522-b4607a70,2026-08-10 23:35:22,Toll Brothers Apartment Living Newsroom,Developer / GP Newsrooms,Other,,Disabled,0,0,0,General Residential,Placeholder / Needs Review,Yes,"Confirm whether a public newsroom, RSS, press release, or insights feed exists."
2026-08-10,20260810-233522-b4607a70,2026-08-10 23:35:22,Trammell Crow Residential Newsroom,Developer / GP Newsrooms,Other,,Disabled,0,0,0,General Residential,Placeholder / Needs Review,Yes,"Confirm whether a public newsroom, RSS, press release, or insights feed exists."
2026-08-10,20260810-233522-b4607a70,2026-08-10 23:35:22,UDR Newsroom,Developer / GP Newsrooms,Other,,Disabled,0,0,0,General Residential,Placeholder / Needs Review,Yes,"Confirm whether a public newsroom, RSS, press release, or insights feed exists."
2026-08-10,20260810-233522-b4607a70,2026-08-10 23:35:22,Atria Senior Living Source Expansion,Developer / GP Source Expansion,Senior Housing Platform,,Disabled,0,0,0,Senior Housing,Placeholder / Needs Review,Yes,"Confirm whether a public newsroom, RSS, press release, or insights feed exists."
2026-08-10,20260810-233522-b4607a70,2026-08-10 23:35:22,Avenue Development Source Expansion,Developer / GP Source Expansion,Senior Housing Platform,,Disabled,0,0,0,Senior Housing,Placeholder / Needs Review,Yes,"Confirm whether a public newsroom, RSS, press release, or insights feed exists."
2026-08-10,20260810-233522-b4607a70,2026-08-10 23:35:22,Bridge Investment Group Source Expansion,Developer / GP Source Expansion,Senior Housing Platform,,Disabled,0,0,0,Senior Housing,Placeholder / Needs Review,Yes,"Confirm whether a public newsroom, RSS, press release, or insights feed exists."
2026-08-10,20260810-233522-b4607a70,2026-08-10 23:35:22,Brookdale Source Expansion,Developer / GP Source Expansion,Senior Housing Platform,,Disabled,0,0,0,Senior Housing,Placeholder / Needs Review,Yes,"Confirm whether a public newsroom, RSS, press release, or insights feed exists."
2026-08-10,20260810-233522-b4607a70,2026-08-10 23:35:22,Discovery Senior Living Source Expansion,Developer / GP Source Expansion,Senior Housing Platform,,Disabled,0,0,0,Senior Housing,Placeholder / Needs Review,Yes,"Confirm whether a public newsroom, RSS, press release, or insights feed exists."
2026-08-10,20260810-233522-b4607a70,2026-08-10 23:35:22,Erickson Senior Living Source Expansion,Developer / GP Source Expansion,Senior Housing Platform,,Disabled,0,0,0,Senior Housing,Placeholder / Needs Review,Yes,"Confirm whether a public newsroom, RSS, press release, or insights feed exists."
2026-08-10,20260810-233522-b4607a70,2026-08-10 23:35:22,Sparrow Partners Source Expansion,Developer / GP Source Expansion,Senior Housing Platform,,Disabled,0,0,0,Senior Housing,Placeholder / Needs Review,Yes,"Confirm whether a public newsroom, RSS, press release, or insights feed exists."
2026-08-10,20260810-233522-b4607a70,2026-08-10 23:35:22,Sunrise Senior Living Source Expansion,Developer / GP Source Expansion,Senior Housing Platform,,Disabled,0,0,0,Senior Housing,Placeholder / Needs Review,Yes,"Confirm whether a public newsroom, RSS, press release, or insights feed exists."
2026-08-10,20260810-233522-b4607a70,2026-08-10 23:35:22,Ventas Source Expansion,Developer / GP Source Expansion,Senior Housing Platform,,Disabled,0,0,0,Senior Housing,Placeholder / Needs Review,Yes,"Confirm whether a public newsroom, RSS, press release, or insights feed exists."
2026-08-10,20260810-233522-b4607a70,2026-08-10 23:35:22,Welltower Source Expansion,Developer / GP Source Expansion,Senior Housing Platform,,Disabled,0,0,0,Senior Housing,Placeholder / Needs Review,Yes,"Confirm whether a public newsroom, RSS, press release, or insights feed exists."
2026-08-10,20260810-233522-b4607a70,2026-08-10 23:35:22,American Campus Communities Source Expansion,Developer / GP Source Expansion,Student Housing Platform,,Disabled,0,0,0,Student Housing,Placeholder / Needs Review,Yes,"Confirm whether a public newsroom, RSS, press release, or insights feed exists."
2026-08-10,20260810-233522-b4607a70,2026-08-10 23:35:22,CA Ventures Source Expansion,Developer / GP Source Expansion,Student Housing Platform,,Disabled,0,0,0,Student Housing,Placeholder / Needs Review,Yes,"Confirm whether a public newsroom, RSS, press release, or insights feed exists."
2026-08-10,20260810-233522-b4607a70,2026-08-10 23:35:22,Core Spaces Source Expansion,Developer / GP Source Expansion,Student Housing Platform,,Disabled,0,0,0,Student Housing,Placeholder / Needs Review,Yes,"Confirm whether a public newsroom, RSS, press release, or insights feed exists."
2026-08-10,20260810-233522-b4607a70,2026-08-10 23:35:22,Gilbane Development Source Expansion,Developer / GP Source Expansion,Student Housing Platform,,Disabled,0,0,0,Student Housing,Placeholder / Needs Review,Yes,"Confirm whether a public newsroom, RSS, press release, or insights feed exists."
2026-08-10,20260810-233522-b4607a70,2026-08-10 23:35:22,Harrison Street Source Expansion,Developer / GP Source Expansion,Student Housing Platform,,Disabled,0,0,0,Student Housing,Placeholder / Needs Review,Yes,"Confirm whether a public newsroom, RSS, press release, or insights feed exists."
2026-08-10,20260810-233522-b4607a70,2026-08-10 23:35:22,LV Collective Source Expansion,Developer / GP Source Expansion,Student Housing Platform,,Disabled,0,0,0,Student Housing,Placeholder / Needs Review,Yes,"Confirm whether a public newsroom, RSS, press release, or insights feed exists."
2026-08-10,20260810-233522-b4607a70,2026-08-10 23:35:22,Landmark Properties Source Expansion,Developer / GP Source Expansion,Student Housing Platform,,Disabled,0,0,0,Student Housing,Placeholder / Needs Review,Yes,"Confirm whether a public newsroom, RSS, press release, or insights feed exists."
2026-08-10,20260810-233522-b4607a70,2026-08-10 23:35:22,Scion Group Source Expansion,Developer / GP Source Expansion,Student Housing Platform,,Disabled,0,0,0,Student Housing,Placeholder / Needs Review,Yes,"Confirm whether a public newsroom, RSS, press release, or insights feed exists."
2026-08-10,20260810-233522-b4607a70,2026-08-10 23:35:22,The Dinerstein Companies Source Expansion,Developer / GP Source Expansion,Student Housing Platform,,Disabled,0,0,0,Student Housing,Placeholder / Needs Review,Yes,"Confirm whether a public newsroom, RSS, press release, or insights feed exists."
