run_date,run_id,primary_topic,article_count,high_confidence_count,medium_confidence_count,low_confidence_count,unknown_count,top_markets,top_sources
2026-08-08,20260808-232856-5cc66d69,capital_markets,18,10,7,1,0,Miami / Florida (5); Other / Unknown (2); Phoenix / Arizona (2); California (2); Atlanta / Georgia (2),Connect CRE South Florida (4); Connect CRE Apartments (3); Yield PRO (3); REBusiness Online (2); Commercial Observer (2)
2026-08-08,20260808-232856-5cc66d69,transaction_market,16,3,11,2,0,Atlanta / Georgia (3); Miami / Florida (2); Phoenix / Arizona (2); California (2); Tampa / Florida (1),REBusiness Online (4); Connect CRE Atlanta (2); Connect CRE Phoenix (2); Connect CRE Orange County (2); Yield PRO (2)
2026-08-08,20260808-232856-5cc66d69,development_pipeline,14,1,4,9,0,Other / Unknown (7); Texas (1); Los Angeles / California (1); Atlanta / Georgia (1); National (1),SF YIMBY (3); NAHB Eye on Housing - Multifamily (3); Urbanize LA (2); REBusiness Online (2); Yield PRO (2)
2026-08-08,20260808-232856-5cc66d69,supply_demand,14,0,1,13,0,Other / Unknown (7); National (4); Atlanta / Georgia (1); Los Angeles / California (1); Sun Belt (1),NAHB Eye on Housing - Multifamily (8); Multifamily Executive (2); Connect CRE Atlanta (1); Urbanize LA (1); Multifamily Dive (1)
2026-08-08,20260808-232856-5cc66d69,gp_activity,7,0,0,0,7,National (2); Other / Unknown (1); Atlanta / Georgia (1); New York City / New York (1); Sun Belt (1),NAHB Eye on Housing - Multifamily (3); Yield PRO (1); Commercial Observer (1); Multifamily Dive (1); Connect CRE Apartments (1)
2026-08-08,20260808-232856-5cc66d69,institutional_capital,4,1,1,2,0,Atlanta / Georgia (2); New York (1); California (1),Yield PRO (1); Connect CRE Atlanta (1); Connect CRE Apartments (1); Connect CRE Orange County (1)
2026-08-08,20260808-232856-5cc66d69,macro_financing,4,0,0,0,4,Other / Unknown (2); California (1); Texas (1),NAHB Eye on Housing - Multifamily (2); Urbanize LA (1); Multifamily Dive (1)
2026-08-08,20260808-232856-5cc66d69,research_data,4,0,0,0,4,Los Angeles / California (3); Southeast (1),Urbanize LA (4)
2026-08-08,20260808-232856-5cc66d69,other,1,0,0,0,1,Los Angeles / California (1),Urbanize LA (1)
