run_date,run_id,canonical_project_id,canonical_project_name,project_identity_confidence,source_entity,canonical_source_entity,source_entity_type,target_entity,canonical_target_entity,target_entity_type,relationship_type,market,deal_type,evidence_article_title,url,relationship_strength_score,entity_resolution_confidence,canonical_relationship_event_count,relationship_repeat_strength,confirmed_multi_source_relationship,woomi_strategic_relevance,recommended_follow_up
2026-08-08,20260808-232856-5cc66d69,PRJ-20260808-0062,Refinancing - California - Greystone Provides $106M Freddie Mac Refi on Two El Cajon Properties,100,Greystone,Greystone,Developer / GP,freddie mac,Freddie Mac,Lender / Debt Provider,Financing Relationship,California,Refinancing,Greystone Provides $106M Freddie Mac Refi on Two El Cajon Properties,https://www.connectcre.com/stories/greystone-provides-106m-freddie-mac-refi-on-two-el-cajon-properties/,100,75,1,100,No,Relevant to LA / California strategy,Track GP relationship history
2026-08-08,20260808-232856-5cc66d69,PRJ-20260808-0062,Refinancing - California - Greystone Provides $106M Freddie Mac Refi on Two El Cajon Properties,100,Greystone,Greystone,Developer / GP,California,California,Market / Region,Financing Relationship,California,Refinancing,Greystone Provides $106M Freddie Mac Refi on Two El Cajon Properties,https://www.connectcre.com/stories/greystone-provides-106m-freddie-mac-refi-on-two-el-cajon-properties/,96,100,1,96,No,Relevant to LA / California strategy,Track GP relationship history
2026-08-08,20260808-232856-5cc66d69,PRJ-20260808-0062,Refinancing - California - Greystone Provides $106M Freddie Mac Refi on Two El Cajon Properties,100,Greystone,Greystone,Developer / GP,Refinancing - California - Greystone Provides $106M Freddie Mac Refi on Two El Cajon Properties,Freddie Mac,Project / Deal,Financing Relationship,California,Refinancing,Greystone Provides $106M Freddie Mac Refi on Two El Cajon Properties,https://www.connectcre.com/stories/greystone-provides-106m-freddie-mac-refi-on-two-el-cajon-properties/,96,60,1,96,No,Relevant to LA / California strategy,Track GP relationship history
2026-08-08,20260808-232856-5cc66d69,PRJ-20260808-0045,Acquisition - Atlanta / Georgia - Walton Communities Offloads Two Atlanta Rental Properties,100,JLL,JLL,Developer / GP,jll,JLL,Lender / Debt Provider,Financing Relationship,Atlanta / Georgia,Acquisition,Walton Communities Offloads Two Atlanta Rental Properties,https://www.connectcre.com/stories/walton-lakes-offloads-two-atlanta-rental-properties/,89,75,1,89,No,Relevant to capital markets monitoring,Track GP relationship history
2026-08-08,20260808-232856-5cc66d69,PRJ-20260808-0059,Refinancing - California - San Jose Area Senior Multifamily Community Sells for $103M,100,Alliance Residential,Alliance Residential,Developer / GP,California,California,Market / Region,Financing Relationship,California,Refinancing,San Jose Area Senior Multifamily Community Sells for $103M,https://yieldpro.com/2026/08/american-healthcare-reit/,88,40,1,88,No,Relevant to LA / California strategy,Track GP relationship history
2026-08-08,20260808-232856-5cc66d69,PRJ-20260808-0059,Refinancing - California - San Jose Area Senior Multifamily Community Sells for $103M,100,Alliance Residential,Alliance Residential,Developer / GP,Refinancing - California - San Jose Area Senior Multifamily Community Sells for $103M,California,Project / Deal,Financing Relationship,California,Refinancing,San Jose Area Senior Multifamily Community Sells for $103M,https://yieldpro.com/2026/08/american-healthcare-reit/,88,40,1,88,No,Relevant to LA / California strategy,Track GP relationship history
2026-08-08,20260808-232856-5cc66d69,PRJ-20260808-0059,Refinancing - California - San Jose Area Senior Multifamily Community Sells for $103M,100,Alliance Residential,Alliance Residential,Developer / GP,San Jose,San Jose,Market / Region,Financing Relationship,California,Refinancing,San Jose Area Senior Multifamily Community Sells for $103M,https://yieldpro.com/2026/08/american-healthcare-reit/,88,40,1,88,No,Relevant to LA / California strategy,Track GP relationship history
2026-08-08,20260808-232856-5cc66d69,PRJ-20260808-0060,Acquisition - California - Bascom Acquires Buena Park Apartments as Value-Add Deal,100,Bascom Group,Bascom Group,Developer / GP,Acquisition - California - Bascom Acquires Buena Park Apartments as Value-Add Deal,California,Project / Deal,Acquisition / Buyer,California,Acquisition,Bascom Acquires Buena Park Apartments as Value-Add Deal,https://www.connectcre.com/stories/bascom-acquires-buena-park-apartments-as-value-add-deal/,88,40,1,88,No,Relevant to LA / California strategy,Track GP relationship history
2026-08-08,20260808-232856-5cc66d69,PRJ-20260808-0060,Acquisition - California - Bascom Acquires Buena Park Apartments as Value-Add Deal,100,Bascom Group,Bascom Group,Developer / GP,California,California,Market / Region,Acquisition / Buyer,California,Acquisition,Bascom Acquires Buena Park Apartments as Value-Add Deal,https://www.connectcre.com/stories/bascom-acquires-buena-park-apartments-as-value-add-deal/,88,40,1,88,No,Relevant to LA / California strategy,Track GP relationship history
2026-08-08,20260808-232856-5cc66d69,PRJ-20260808-0141,Refinancing - Other / Unknown - Bridge Investment Group Provides $67M Refi for Value-Add Multifamily Outside Boston,100,JLL,JLL,Developer / GP,jll,JLL,Lender / Debt Provider,Financing Relationship,Other / Unknown,Refinancing,Bridge Investment Group Provides $67M Refi for Value-Add Multifamily Outside Boston,https://commercialobserver.com/2026/08/bridge-investment-group-67m-refi-eliot-on-ocean-revere/,88,75,1,88,No,Relevant to capital markets monitoring,Track GP relationship history
2026-08-08,20260808-232856-5cc66d69,PRJ-20260808-0106,"Acquisition - Louisville / Kentucky - Northmarq Arranges Sale of 190-Unit Multifamily Property in Jeffersonville, Indiana",100,Fannie Mae,Fannie Mae,Developer / GP,fannie mae,Fannie Mae,Lender / Debt Provider,Financing Relationship,Louisville / Kentucky,Acquisition,"Northmarq Arranges Sale of 190-Unit Multifamily Property in Jeffersonville, Indiana",https://rebusinessonline.com/northmarq-arranges-sale-of-190-unit-multifamily-property-in-jeffersonville-indiana/,87,75,1,87,No,Relevant to capital markets monitoring,Track GP relationship history
2026-08-08,20260808-232856-5cc66d69,PRJ-20260808-0161,Acquisition - Seattle - Pacific Urban Acquires Seattle Multifamily Apartment Community A’Capella Apartment Homes f...,100,CBRE,CBRE,Developer / GP,cbre,CBRE,Lender / Debt Provider,Financing Relationship,Seattle,Acquisition,Pacific Urban Acquires Seattle Multifamily Apartment Community A’Capella Apartment Homes for $112M,https://yieldpro.com/2026/08/acapella-apartment-homes/,85,75,1,85,No,Relevant to capital markets monitoring,Track GP relationship history
2026-08-08,20260808-232856-5cc66d69,PRJ-20260808-0042,Development Start - Atlanta / Georgia - Financing Secured for Centennial Yards Mixed-Use Project,100,CIM Group,CIM Group,Developer / GP,Atlanta,Sun Belt,Market / Region,Development Activity,Atlanta / Georgia,Development Start,Financing Secured for Centennial Yards Mixed-Use Project,https://www.connectcre.com/stories/financing-secured-for-centennial-yards-mixed-use-project/,84,40,1,84,No,General market intelligence,Track GP relationship history
2026-08-08,20260808-232856-5cc66d69,PRJ-20260808-0042,Development Start - Atlanta / Georgia - Financing Secured for Centennial Yards Mixed-Use Project,100,CIM Group,CIM Group,Developer / GP,Atlanta / Georgia,Los Angeles,Market / Region,Development Activity,Atlanta / Georgia,Development Start,Financing Secured for Centennial Yards Mixed-Use Project,https://www.connectcre.com/stories/financing-secured-for-centennial-yards-mixed-use-project/,84,40,1,84,No,General market intelligence,Track GP relationship history
2026-08-08,20260808-232856-5cc66d69,PRJ-20260808-0042,Development Start - Atlanta / Georgia - Financing Secured for Centennial Yards Mixed-Use Project,100,CIM Group,CIM Group,Developer / GP,Development Start - Atlanta / Georgia - Financing Secured for Centennial Yards Mixed-Use Project,Los Angeles,Project / Deal,Development Activity,Atlanta / Georgia,Development Start,Financing Secured for Centennial Yards Mixed-Use Project,https://www.connectcre.com/stories/financing-secured-for-centennial-yards-mixed-use-project/,84,40,1,84,No,General market intelligence,Track GP relationship history
2026-08-08,20260808-232856-5cc66d69,PRJ-20260808-0127,Recapitalization - Other / Unknown - Berkadia Arranges Recapitalization of MF Within Chicago MSA,100,Berkadia,Berkadia,Developer / GP,berkadia,Berkadia,Lender / Debt Provider,Financing Relationship,Other / Unknown,Recapitalization,Berkadia Arranges Recapitalization of MF Within Chicago MSA,https://www.connectcre.com/stories/berkadia-arranges-recapitalization-of-mf-within-chicago-msa/,83,75,1,83,No,Relevant to capital markets monitoring,Track GP relationship history
2026-08-08,20260808-232856-5cc66d69,PRJ-20260808-0179,Entitlement / Permitting - Texas - Completion nears for mixed-use project at 939 W. Manchester Blvd. in Inglewood,100,JPI,JPI,Developer / GP,Entitlement / Permitting - Texas - Completion nears for mixed-use project at 939 W. Manchester Blvd. in Inglewood,Entitlement / Permitting - Texas - Completion nears for mixed-use project at 939 W. Manchester Blvd. in Inglewood,Project / Deal,Entitlement / Permitting,Texas,Entitlement / Permitting,Completion nears for mixed-use project at 939 W. Manchester Blvd. in Inglewood,https://la.urbanize.city/post/completion-nears-mixed-use-project-939-w-manchester-blvd-inglewood,81,40,1,81,No,General market intelligence,Track GP relationship history
2026-08-08,20260808-232856-5cc66d69,PRJ-20260808-0179,Entitlement / Permitting - Texas - Completion nears for mixed-use project at 939 W. Manchester Blvd. in Inglewood,100,JPI,JPI,Developer / GP,Texas,Texas,Market / Region,Entitlement / Permitting,Texas,Entitlement / Permitting,Completion nears for mixed-use project at 939 W. Manchester Blvd. in Inglewood,https://la.urbanize.city/post/completion-nears-mixed-use-project-939-w-manchester-blvd-inglewood,81,40,1,81,No,General market intelligence,Track GP relationship history
2026-08-08,20260808-232856-5cc66d69,PRJ-20260808-0148,Construction Financing - Phoenix / Arizona - RXR-Led Team Lands Construction Financing for 301-Unit Denver Rental Community,100,RXR,RXR,Developer / GP,Construction Financing - Phoenix / Arizona - RXR-Led Team Lands Construction Financing for 301-Unit Denver Rental Community,Los Angeles,Project / Deal,Financing Relationship,Phoenix / Arizona,Construction Financing,RXR-Led Team Lands Construction Financing for 301-Unit Denver Rental Community,https://www.connectcre.com/stories/rxr-led-team-lands-construction-financing-for-301-unit-denver-rental-community/,81,40,1,81,No,Relevant to capital markets monitoring,Track GP relationship history
2026-08-08,20260808-232856-5cc66d69,PRJ-20260808-0148,Construction Financing - Phoenix / Arizona - RXR-Led Team Lands Construction Financing for 301-Unit Denver Rental Community,100,RXR,RXR,Developer / GP,Phoenix,Sun Belt,Market / Region,Financing Relationship,Phoenix / Arizona,Construction Financing,RXR-Led Team Lands Construction Financing for 301-Unit Denver Rental Community,https://www.connectcre.com/stories/rxr-led-team-lands-construction-financing-for-301-unit-denver-rental-community/,81,40,1,81,No,Relevant to capital markets monitoring,Track GP relationship history
2026-08-08,20260808-232856-5cc66d69,PRJ-20260808-0148,Construction Financing - Phoenix / Arizona - RXR-Led Team Lands Construction Financing for 301-Unit Denver Rental Community,100,RXR,RXR,Developer / GP,Phoenix / Arizona,Sun Belt,Market / Region,Financing Relationship,Phoenix / Arizona,Construction Financing,RXR-Led Team Lands Construction Financing for 301-Unit Denver Rental Community,https://www.connectcre.com/stories/rxr-led-team-lands-construction-financing-for-301-unit-denver-rental-community/,81,40,1,81,No,Relevant to capital markets monitoring,Track GP relationship history
2026-08-08,20260808-232856-5cc66d69,PRJ-20260808-0141,Refinancing - Other / Unknown - Bridge Investment Group Provides $67M Refi for Value-Add Multifamily Outside Boston,100,JLL,JLL,Developer / GP,Refinancing - Other / Unknown - Bridge Investment Group Provides $67M Refi for Value-Add Multifamily Outside Boston,Refinancing - Other / Unknown - Bridge Investment Group Provides $67M Refi for Value-Add Multifamily Outside Boston,Project / Deal,Financing Relationship,Other / Unknown,Refinancing,Bridge Investment Group Provides $67M Refi for Value-Add Multifamily Outside Boston,https://commercialobserver.com/2026/08/bridge-investment-group-67m-refi-eliot-on-ocean-revere/,80,40,1,80,No,Relevant to capital markets monitoring,Track GP relationship history
2026-08-08,20260808-232856-5cc66d69,PRJ-20260808-0045,Acquisition - Atlanta / Georgia - Walton Communities Offloads Two Atlanta Rental Properties,100,JLL,JLL,Developer / GP,Acquisition - Atlanta / Georgia - Walton Communities Offloads Two Atlanta Rental Properties,Los Angeles,Project / Deal,Acquisition / Buyer,Atlanta / Georgia,Acquisition,Walton Communities Offloads Two Atlanta Rental Properties,https://www.connectcre.com/stories/walton-lakes-offloads-two-atlanta-rental-properties/,79,60,1,79,No,General market intelligence,Track GP relationship history
2026-08-08,20260808-232856-5cc66d69,PRJ-20260808-0045,Acquisition - Atlanta / Georgia - Walton Communities Offloads Two Atlanta Rental Properties,100,JLL,JLL,Developer / GP,Atlanta,Sun Belt,Market / Region,Acquisition / Buyer,Atlanta / Georgia,Acquisition,Walton Communities Offloads Two Atlanta Rental Properties,https://www.connectcre.com/stories/walton-lakes-offloads-two-atlanta-rental-properties/,79,75,1,79,No,General market intelligence,Track GP relationship history
2026-08-08,20260808-232856-5cc66d69,PRJ-20260808-0045,Acquisition - Atlanta / Georgia - Walton Communities Offloads Two Atlanta Rental Properties,100,JLL,JLL,Developer / GP,Atlanta / Georgia,Los Angeles,Market / Region,Acquisition / Buyer,Atlanta / Georgia,Acquisition,Walton Communities Offloads Two Atlanta Rental Properties,https://www.connectcre.com/stories/walton-lakes-offloads-two-atlanta-rental-properties/,79,60,1,79,No,General market intelligence,Track GP relationship history
2026-08-08,20260808-232856-5cc66d69,PRJ-20260808-0106,"Acquisition - Louisville / Kentucky - Northmarq Arranges Sale of 190-Unit Multifamily Property in Jeffersonville, Indiana",100,Fannie Mae,Fannie Mae,Developer / GP,"Acquisition - Louisville / Kentucky - Northmarq Arranges Sale of 190-Unit Multifamily Property in Jeffersonville, Indiana","Acquisition - Louisville / Kentucky - Northmarq Arranges Sale of 190-Unit Multifamily Property in Jeffersonville, Indiana",Project / Deal,Acquisition / Buyer,Louisville / Kentucky,Acquisition,"Northmarq Arranges Sale of 190-Unit Multifamily Property in Jeffersonville, Indiana",https://rebusinessonline.com/northmarq-arranges-sale-of-190-unit-multifamily-property-in-jeffersonville-indiana/,77,40,1,77,No,General market intelligence,Track GP relationship history
2026-08-08,20260808-232856-5cc66d69,PRJ-20260808-0106,"Acquisition - Louisville / Kentucky - Northmarq Arranges Sale of 190-Unit Multifamily Property in Jeffersonville, Indiana",100,Fannie Mae,Fannie Mae,Developer / GP,Louisville,Louisville,Market / Region,Acquisition / Buyer,Louisville / Kentucky,Acquisition,"Northmarq Arranges Sale of 190-Unit Multifamily Property in Jeffersonville, Indiana",https://rebusinessonline.com/northmarq-arranges-sale-of-190-unit-multifamily-property-in-jeffersonville-indiana/,77,40,1,77,No,General market intelligence,Track GP relationship history
2026-08-08,20260808-232856-5cc66d69,PRJ-20260808-0106,"Acquisition - Louisville / Kentucky - Northmarq Arranges Sale of 190-Unit Multifamily Property in Jeffersonville, Indiana",100,Fannie Mae,Fannie Mae,Developer / GP,Louisville / Kentucky,Louisville / Kentucky,Market / Region,Acquisition / Buyer,Louisville / Kentucky,Acquisition,"Northmarq Arranges Sale of 190-Unit Multifamily Property in Jeffersonville, Indiana",https://rebusinessonline.com/northmarq-arranges-sale-of-190-unit-multifamily-property-in-jeffersonville-indiana/,77,40,1,77,No,General market intelligence,Track GP relationship history
2026-08-08,20260808-232856-5cc66d69,PRJ-20260808-0121,Recapitalization - National - JLL Arranges Recapitalization of Downtown Pittsburgh Mixed-Use Property,100,JLL,JLL,Developer / GP,jll,JLL,Lender / Debt Provider,Financing Relationship,National,Recapitalization,JLL Arranges Recapitalization of Downtown Pittsburgh Mixed-Use Property,https://rebusinessonline.com/jll-arranges-recapitalization-of-downtown-pittsburgh-mixed-use-property/,77,75,1,77,No,Relevant to capital markets monitoring,Track GP relationship history
2026-08-08,20260808-232856-5cc66d69,PRJ-20260808-0127,Recapitalization - Other / Unknown - Berkadia Arranges Recapitalization of MF Within Chicago MSA,100,Berkadia,Berkadia,Developer / GP,Recapitalization - Other / Unknown - Berkadia Arranges Recapitalization of MF Within Chicago MSA,Berkadia,Project / Deal,Financing Relationship,Other / Unknown,Recapitalization,Berkadia Arranges Recapitalization of MF Within Chicago MSA,https://www.connectcre.com/stories/berkadia-arranges-recapitalization-of-mf-within-chicago-msa/,75,60,1,75,No,Relevant to capital markets monitoring,Track GP relationship history
2026-08-08,20260808-232856-5cc66d69,PRJ-20260808-0161,Acquisition - Seattle - Pacific Urban Acquires Seattle Multifamily Apartment Community A’Capella Apartment Homes f...,100,CBRE,CBRE,Developer / GP,Acquisition - Seattle - Pacific Urban Acquires Seattle Multifamily Apartment Community A’Capella Apartment Homes f...,Los Angeles,Project / Deal,Acquisition / Buyer,Seattle,Acquisition,Pacific Urban Acquires Seattle Multifamily Apartment Community A’Capella Apartment Homes for $112M,https://yieldpro.com/2026/08/acapella-apartment-homes/,75,60,1,75,No,General market intelligence,Track GP relationship history
2026-08-08,20260808-232856-5cc66d69,PRJ-20260808-0161,Acquisition - Seattle - Pacific Urban Acquires Seattle Multifamily Apartment Community A’Capella Apartment Homes f...,100,CBRE,CBRE,Developer / GP,Seattle,Seattle,Market / Region,Acquisition / Buyer,Seattle,Acquisition,Pacific Urban Acquires Seattle Multifamily Apartment Community A’Capella Apartment Homes for $112M,https://yieldpro.com/2026/08/acapella-apartment-homes/,75,40,1,75,No,General market intelligence,Track GP relationship history
2026-08-08,20260808-232856-5cc66d69,PRJ-20260808-0063,Disposition / Exit - California - Costa Mesa Multifamily Changes Hands for Value-Add Repositioning,100,Marcus & Millichap,Marcus & Millichap,Developer / GP,California,California,Market / Region,Disposition / Seller,California,Disposition / Exit,Costa Mesa Multifamily Changes Hands for Value-Add Repositioning,https://www.connectcre.com/stories/costa-mesa-multifamily-changes-hands-for-value-add-repositioning/,75,40,1,75,No,Relevant to LA / California strategy,Track GP relationship history
2026-08-08,20260808-232856-5cc66d69,PRJ-20260808-0063,Disposition / Exit - California - Costa Mesa Multifamily Changes Hands for Value-Add Repositioning,100,Marcus & Millichap,Marcus & Millichap,Developer / GP,Disposition / Exit - California - Costa Mesa Multifamily Changes Hands for Value-Add Repositioning,California,Project / Deal,Disposition / Seller,California,Disposition / Exit,Costa Mesa Multifamily Changes Hands for Value-Add Repositioning,https://www.connectcre.com/stories/costa-mesa-multifamily-changes-hands-for-value-add-repositioning/,75,40,1,75,No,Relevant to LA / California strategy,Track GP relationship history
2026-08-08,20260808-232856-5cc66d69,PRJ-20260808-0057,"Disposition / Exit - Austin / Texas - JLL, Cousins Link Up on Two Austin Office Transactions",100,JLL,JLL,Developer / GP,jll,JLL,Lender / Debt Provider,Financing Relationship,Austin / Texas,Disposition / Exit,"JLL, Cousins Link Up on Two Austin Office Transactions",https://www.connectcre.com/stories/jll-cousins-link-up-on-two-austin-office-transactions/,73,75,1,73,No,Relevant to capital markets monitoring,Track GP relationship history
2026-08-08,20260808-232856-5cc66d69,PRJ-20260808-0048,JV / Partnership - Atlanta / Georgia - Wood Partners Apex Land Buy Paves Way for Apartment Venture,100,Wood Partners,Wood Partners,Developer / GP,Atlanta,Sun Belt,Market / Region,JV / Partnership,Atlanta / Georgia,JV / Partnership,Wood Partners Apex Land Buy Paves Way for Apartment Venture,https://www.connectcre.com/stories/wood-partners-apex-land-buy-paves-way-for-apartment-venture/,73,40,1,73,No,High relevance to Woomi partnership strategy,Review potential JV relevance
2026-08-08,20260808-232856-5cc66d69,PRJ-20260808-0048,JV / Partnership - Atlanta / Georgia - Wood Partners Apex Land Buy Paves Way for Apartment Venture,100,Wood Partners,Wood Partners,Developer / GP,Atlanta / Georgia,Los Angeles,Market / Region,JV / Partnership,Atlanta / Georgia,JV / Partnership,Wood Partners Apex Land Buy Paves Way for Apartment Venture,https://www.connectcre.com/stories/wood-partners-apex-land-buy-paves-way-for-apartment-venture/,73,40,1,73,No,High relevance to Woomi partnership strategy,Review potential JV relevance
2026-08-08,20260808-232856-5cc66d69,PRJ-20260808-0048,JV / Partnership - Atlanta / Georgia - Wood Partners Apex Land Buy Paves Way for Apartment Venture,100,Wood Partners,Wood Partners,Developer / GP,JV / Partnership - Atlanta / Georgia - Wood Partners Apex Land Buy Paves Way for Apartment Venture,Los Angeles,Project / Deal,JV / Partnership,Atlanta / Georgia,JV / Partnership,Wood Partners Apex Land Buy Paves Way for Apartment Venture,https://www.connectcre.com/stories/wood-partners-apex-land-buy-paves-way-for-apartment-venture/,73,40,1,73,No,High relevance to Woomi partnership strategy,Review potential JV relevance
2026-08-08,20260808-232856-5cc66d69,PRJ-20260808-0183,"Office-to-Residential Conversion - West Palm Beach / Florida - IPA Brokers $90.5M Sale of West Palm Beach Condos, Buyer Plans Multifamily Conversion",100,IPA,IPA,Developer / GP,Southeast,Southeast,Market / Region,Market Expansion,West Palm Beach / Florida,Office-to-Residential Conversion,"IPA Brokers $90.5M Sale of West Palm Beach Condos, Buyer Plans Multifamily Conversion",https://rebusinessonline.com/ipa-brokers-90-5m-sale-of-west-palm-beach-condos-buyer-plans-multifamily-conversion/,72,40,1,72,No,General market intelligence,Track GP relationship history
2026-08-08,20260808-232856-5cc66d69,PRJ-20260808-0183,"Office-to-Residential Conversion - West Palm Beach / Florida - IPA Brokers $90.5M Sale of West Palm Beach Condos, Buyer Plans Multifamily Conversion",100,IPA,IPA,Developer / GP,West Palm Beach / Florida,West Palm Beach / Florida,Market / Region,Market Expansion,West Palm Beach / Florida,Office-to-Residential Conversion,"IPA Brokers $90.5M Sale of West Palm Beach Condos, Buyer Plans Multifamily Conversion",https://rebusinessonline.com/ipa-brokers-90-5m-sale-of-west-palm-beach-condos-buyer-plans-multifamily-conversion/,72,40,1,72,No,General market intelligence,Track GP relationship history
2026-08-08,20260808-232856-5cc66d69,PRJ-20260808-0183,"Office-to-Residential Conversion - West Palm Beach / Florida - IPA Brokers $90.5M Sale of West Palm Beach Condos, Buyer Plans Multifamily Conversion",100,IPA,IPA,Developer / GP,"Office-to-Residential Conversion - West Palm Beach / Florida - IPA Brokers $90.5M Sale of West Palm Beach Condos, Buyer Plans Multifamily Conversion",Los Angeles,Project / Deal,General Association,West Palm Beach / Florida,Office-to-Residential Conversion,"IPA Brokers $90.5M Sale of West Palm Beach Condos, Buyer Plans Multifamily Conversion",https://rebusinessonline.com/ipa-brokers-90-5m-sale-of-west-palm-beach-condos-buyer-plans-multifamily-conversion/,69,40,1,69,No,Low relevance,Track GP relationship history
2026-08-08,20260808-232856-5cc66d69,PRJ-20260808-0121,Recapitalization - National - JLL Arranges Recapitalization of Downtown Pittsburgh Mixed-Use Property,100,JLL,JLL,Developer / GP,America,America,Market / Region,Financing Relationship,National,Recapitalization,JLL Arranges Recapitalization of Downtown Pittsburgh Mixed-Use Property,https://rebusinessonline.com/jll-arranges-recapitalization-of-downtown-pittsburgh-mixed-use-property/,69,40,1,69,No,Relevant to capital markets monitoring,Track GP relationship history
2026-08-08,20260808-232856-5cc66d69,PRJ-20260808-0121,Recapitalization - National - JLL Arranges Recapitalization of Downtown Pittsburgh Mixed-Use Property,100,JLL,JLL,Developer / GP,Recapitalization - National - JLL Arranges Recapitalization of Downtown Pittsburgh Mixed-Use Property,JLL,Project / Deal,Financing Relationship,National,Recapitalization,JLL Arranges Recapitalization of Downtown Pittsburgh Mixed-Use Property,https://rebusinessonline.com/jll-arranges-recapitalization-of-downtown-pittsburgh-mixed-use-property/,69,60,1,69,No,Relevant to capital markets monitoring,Track GP relationship history
2026-08-08,20260808-232856-5cc66d69,PRJ-20260808-0108,Barry Sternlicht’s Starwood Buys Two Miami Affordable Housing Rentals,100,Acquisition - Miami / Florida - Barry Sternlicht’s Starwood Buys Two Miami Affordable Housing Rentals,Sun Belt,Project / Deal,starwood,starwood,Institutional Capital,Acquisition / Buyer,Miami / Florida,Acquisition,Barry Sternlicht’s Starwood Buys Two Miami Affordable Housing Rentals,https://commercialobserver.com/2026/08/barry-sternlicht-starwood-miami-affordable-housing/,66,40,1,66,No,Low relevance,Monitor only
2026-08-08,20260808-232856-5cc66d69,PRJ-20260808-0171,General Project Signal - Southeast - Mixed-use project rises at 6700 Pacific Coast Highway in Long Beach,100,Holland Partner Group,Holland Partner Group,Developer / GP,General Project Signal - Southeast - Mixed-use project rises at 6700 Pacific Coast Highway in Long Beach,General Project Signal - Southeast - Mixed-use project rises at 6700 Pacific Coast Highway in Long Beach,Project / Deal,Pricing / Valuation Signal,Southeast,General Project Signal,Mixed-use project rises at 6700 Pacific Coast Highway in Long Beach,https://la.urbanize.city/post/mixed-use-project-rises-6700-pacific-coast-highway-long-beach,66,40,1,66,No,Relevant to underwriting benchmarks,Track GP relationship history
2026-08-08,20260808-232856-5cc66d69,PRJ-20260808-0041,"General Project Signal - Atlanta / Georgia - Core Spaces to Build 1,600 Student Housing Beds with Hub Athens Dougherty Near the Univers...",100,Affinius Capital,Affinius Capital,Developer / GP,"General Project Signal - Atlanta / Georgia - Core Spaces to Build 1,600 Student Housing Beds with Hub Athens Dougherty Near the Univers...",Los Angeles,Project / Deal,Pricing / Valuation Signal,Atlanta / Georgia,General Project Signal,"Core Spaces to Build 1,600 Student Housing Beds with Hub Athens Dougherty Near the University of Georgia in Athens",https://yieldpro.com/2026/08/hub-athens-dougherty/,65,40,1,65,No,Relevant to underwriting benchmarks,Track GP relationship history
2026-08-08,20260808-232856-5cc66d69,PRJ-20260808-0171,General Project Signal - Southeast - Mixed-use project rises at 6700 Pacific Coast Highway in Long Beach,100,Holland Partner Group,Holland Partner Group,Developer / GP,Southeast,Southeast,Market / Region,Market Expansion,Southeast,General Project Signal,Mixed-use project rises at 6700 Pacific Coast Highway in Long Beach,https://la.urbanize.city/post/mixed-use-project-rises-6700-pacific-coast-highway-long-beach,64,40,1,64,No,Low relevance,Track GP relationship history
2026-08-08,20260808-232856-5cc66d69,PRJ-20260808-0041,"General Project Signal - Atlanta / Georgia - Core Spaces to Build 1,600 Student Housing Beds with Hub Athens Dougherty Near the Univers...",100,Affinius Capital,Affinius Capital,Developer / GP,Atlanta,Sun Belt,Market / Region,Market Expansion,Atlanta / Georgia,General Project Signal,"Core Spaces to Build 1,600 Student Housing Beds with Hub Athens Dougherty Near the University of Georgia in Athens",https://yieldpro.com/2026/08/hub-athens-dougherty/,63,40,1,63,No,Low relevance,Track GP relationship history
2026-08-08,20260808-232856-5cc66d69,PRJ-20260808-0041,"General Project Signal - Atlanta / Georgia - Core Spaces to Build 1,600 Student Housing Beds with Hub Athens Dougherty Near the Univers...",100,Affinius Capital,Affinius Capital,Developer / GP,Atlanta / Georgia,Los Angeles,Market / Region,Market Expansion,Atlanta / Georgia,General Project Signal,"Core Spaces to Build 1,600 Student Housing Beds with Hub Athens Dougherty Near the University of Georgia in Athens",https://yieldpro.com/2026/08/hub-athens-dougherty/,63,40,1,63,No,Low relevance,Track GP relationship history
2026-08-08,20260808-232856-5cc66d69,PRJ-20260808-0109,Affiliated Closes Financing on Mixed-Income Fort Lauderdale Apartment Project,100,Construction Financing - Miami / Florida - Affiliated Closes Financing on Mixed-Income Fort Lauderdale Apartment Project,Los Angeles,Project / Deal,Miami / Florida,Sun Belt,Market / Region,Financing Relationship,Miami / Florida,Construction Financing,Affiliated Closes Financing on Mixed-Income Fort Lauderdale Apartment Project,https://www.connectcre.com/stories/affiliated-closes-financing-on-mixed-income-fort-lauderdale-apartment-venture/,63,60,1,63,No,Relevant to capital markets monitoring,Monitor only
2026-08-08,20260808-232856-5cc66d69,PRJ-20260808-0109,Affiliated Closes Financing on Mixed-Income Fort Lauderdale Apartment Project,100,Construction Financing - Miami / Florida - Affiliated Closes Financing on Mixed-Income Fort Lauderdale Apartment Project,Los Angeles,Project / Deal,South Florida,South Florida,Market / Region,Financing Relationship,Miami / Florida,Construction Financing,Affiliated Closes Financing on Mixed-Income Fort Lauderdale Apartment Project,https://www.connectcre.com/stories/affiliated-closes-financing-on-mixed-income-fort-lauderdale-apartment-venture/,63,40,1,63,No,Relevant to capital markets monitoring,Monitor only
2026-08-08,20260808-232856-5cc66d69,PRJ-20260808-0089,Mesa West Capital Provides $52M Loan for Refinancing of Sumner Mill Apartments Near Seattle,100,Refinancing - Los Angeles / California - Mesa West Capital Provides $52M Loan for Refinancing of Sumner Mill Apartments Near Seattl...,Los Angeles,Project / Deal,Los Angeles / California,Los Angeles,Market / Region,Financing Relationship,Los Angeles / California,Refinancing,Mesa West Capital Provides $52M Loan for Refinancing of Sumner Mill Apartments Near Seattle,https://rebusinessonline.com/mesa-west-capital-provides-52m-loan-for-refinancing-of-sumner-mill-apartments-near-seattle/,63,60,1,63,No,Relevant to capital markets monitoring,Monitor only
2026-08-08,20260808-232856-5cc66d69,PRJ-20260808-0089,Mesa West Capital Provides $52M Loan for Refinancing of Sumner Mill Apartments Near Seattle,100,Refinancing - Los Angeles / California - Mesa West Capital Provides $52M Loan for Refinancing of Sumner Mill Apartments Near Seattl...,Los Angeles,Project / Deal,Seattle,Seattle,Market / Region,Financing Relationship,Los Angeles / California,Refinancing,Mesa West Capital Provides $52M Loan for Refinancing of Sumner Mill Apartments Near Seattle,https://rebusinessonline.com/mesa-west-capital-provides-52m-loan-for-refinancing-of-sumner-mill-apartments-near-seattle/,63,40,1,63,No,Relevant to capital markets monitoring,Monitor only
2026-08-08,20260808-232856-5cc66d69,PRJ-20260808-0153,Disposition / Exit - Riverside / California - Institutional Property Advisors Brokers Inland Empire Multifamily Sale in Paloma Californi...,100,IPA,IPA,Developer / GP,Disposition / Exit - Riverside / California - Institutional Property Advisors Brokers Inland Empire Multifamily Sale in Paloma Californi...,Los Angeles,Project / Deal,Disposition / Seller,Riverside / California,Disposition / Exit,Institutional Property Advisors Brokers Inland Empire Multifamily Sale in Paloma California,https://yieldpro.com/2026/08/foothill-boulevard-state-route-66/,62,40,1,62,No,Low relevance,Track GP relationship history
2026-08-08,20260808-232856-5cc66d69,PRJ-20260808-0153,Disposition / Exit - Riverside / California - Institutional Property Advisors Brokers Inland Empire Multifamily Sale in Paloma Californi...,100,IPA,IPA,Developer / GP,Inland Empire,Los Angeles,Market / Region,Disposition / Seller,Riverside / California,Disposition / Exit,Institutional Property Advisors Brokers Inland Empire Multifamily Sale in Paloma California,https://yieldpro.com/2026/08/foothill-boulevard-state-route-66/,62,40,1,62,No,Low relevance,Track GP relationship history
2026-08-08,20260808-232856-5cc66d69,PRJ-20260808-0153,Disposition / Exit - Riverside / California - Institutional Property Advisors Brokers Inland Empire Multifamily Sale in Paloma Californi...,100,IPA,IPA,Developer / GP,Riverside / California,California,Market / Region,Disposition / Seller,Riverside / California,Disposition / Exit,Institutional Property Advisors Brokers Inland Empire Multifamily Sale in Paloma California,https://yieldpro.com/2026/08/foothill-boulevard-state-route-66/,62,40,1,62,No,Low relevance,Track GP relationship history
2026-08-08,20260808-232856-5cc66d69,PRJ-20260808-0112,Acquisition - Miami / Florida - Milestone Group Trades Kendall Apartment Complex for $109M,100,Harbor Group International,Harbor Group International,Developer / GP,Acquisition - Miami / Florida - Milestone Group Trades Kendall Apartment Complex for $109M,Los Angeles,Project / Deal,Acquisition / Buyer,Miami / Florida,Acquisition,Milestone Group Trades Kendall Apartment Complex for $109M,https://www.connectcre.com/stories/milestone-group-trades-kendall-apartment-complex-for-109m/,61,40,1,61,No,Low relevance,Track GP relationship history
2026-08-08,20260808-232856-5cc66d69,PRJ-20260808-0112,Acquisition - Miami / Florida - Milestone Group Trades Kendall Apartment Complex for $109M,100,Harbor Group International,Harbor Group International,Developer / GP,Miami / Florida,Sun Belt,Market / Region,Acquisition / Buyer,Miami / Florida,Acquisition,Milestone Group Trades Kendall Apartment Complex for $109M,https://www.connectcre.com/stories/milestone-group-trades-kendall-apartment-complex-for-109m/,61,40,1,61,No,Low relevance,Track GP relationship history
2026-08-08,20260808-232856-5cc66d69,PRJ-20260808-0112,Acquisition - Miami / Florida - Milestone Group Trades Kendall Apartment Complex for $109M,100,Harbor Group International,Harbor Group International,Developer / GP,South Florida,South Florida,Market / Region,Acquisition / Buyer,Miami / Florida,Acquisition,Milestone Group Trades Kendall Apartment Complex for $109M,https://www.connectcre.com/stories/milestone-group-trades-kendall-apartment-complex-for-109m/,61,40,1,61,No,Low relevance,Track GP relationship history
2026-08-08,20260808-232856-5cc66d69,PRJ-20260808-0125,BFC Partners and SAA Canopy Group Joint Venture Secures $270M for Syracuse New York Affordable Housing Redevelopment and Renovation Project,100,JV / Partnership - New York - BFC Partners and SAA Canopy Group Joint Venture Secures $270M for Syracuse New York Afford...,New York,Project / Deal,New York,New York,Market / Region,JV / Partnership,New York,JV / Partnership,BFC Partners and SAA Canopy Group Joint Venture Secures $270M for Syracuse New York Affordable Housing Redevelopment and Renovation Project,https://yieldpro.com/2026/08/parkside-commons/,60,60,1,60,No,High relevance to Woomi partnership strategy,Review potential JV relevance
2026-08-08,20260808-232856-5cc66d69,PRJ-20260808-0108,Barry Sternlicht’s Starwood Buys Two Miami Affordable Housing Rentals,100,Acquisition - Miami / Florida - Barry Sternlicht’s Starwood Buys Two Miami Affordable Housing Rentals,Sun Belt,Project / Deal,Miami,Sun Belt,Market / Region,Acquisition / Buyer,Miami / Florida,Acquisition,Barry Sternlicht’s Starwood Buys Two Miami Affordable Housing Rentals,https://commercialobserver.com/2026/08/barry-sternlicht-starwood-miami-affordable-housing/,58,60,1,58,No,Low relevance,Monitor only
2026-08-08,20260808-232856-5cc66d69,PRJ-20260808-0108,Barry Sternlicht’s Starwood Buys Two Miami Affordable Housing Rentals,100,Acquisition - Miami / Florida - Barry Sternlicht’s Starwood Buys Two Miami Affordable Housing Rentals,Sun Belt,Project / Deal,Miami / Florida,Sun Belt,Market / Region,Acquisition / Buyer,Miami / Florida,Acquisition,Barry Sternlicht’s Starwood Buys Two Miami Affordable Housing Rentals,https://commercialobserver.com/2026/08/barry-sternlicht-starwood-miami-affordable-housing/,58,60,1,58,No,Low relevance,Monitor only
2026-08-08,20260808-232856-5cc66d69,PRJ-20260808-0110,Arrow Arranges $85M Construction Loan for Miami Condo Project,100,Construction Financing - Miami / Florida - Arrow Arranges $85M Construction Loan for Miami Condo Project,Sun Belt,Project / Deal,Miami / Florida,Sun Belt,Market / Region,Financing Relationship,Miami / Florida,Construction Financing,Arrow Arranges $85M Construction Loan for Miami Condo Project,https://www.connectcre.com/stories/arrow-arranges-85m-construction-loan-for-miami-condo-project/,58,60,1,58,No,Relevant to capital markets monitoring,Monitor only
2026-08-08,20260808-232856-5cc66d69,PRJ-20260808-0110,Arrow Arranges $85M Construction Loan for Miami Condo Project,100,Construction Financing - Miami / Florida - Arrow Arranges $85M Construction Loan for Miami Condo Project,Sun Belt,Project / Deal,South Florida,South Florida,Market / Region,Financing Relationship,Miami / Florida,Construction Financing,Arrow Arranges $85M Construction Loan for Miami Condo Project,https://www.connectcre.com/stories/arrow-arranges-85m-construction-loan-for-miami-condo-project/,58,40,1,58,No,Relevant to capital markets monitoring,Monitor only
2026-08-08,20260808-232856-5cc66d69,PRJ-20260808-0113,Baron Property Group Closes on $226.5M Refi for Hialeah Apartment Community,100,Refinancing - Miami / Florida - Baron Property Group Closes on $226.5M Refi for Hialeah Apartment Community,Sun Belt,Project / Deal,Miami / Florida,Sun Belt,Market / Region,Financing Relationship,Miami / Florida,Refinancing,Baron Property Group Closes on $226.5M Refi for Hialeah Apartment Community,https://www.connectcre.com/stories/baron-property-group-closes-on-226-5m-refi-for-hialeah-apartment-community/,58,60,1,58,No,Relevant to capital markets monitoring,Monitor only
2026-08-08,20260808-232856-5cc66d69,PRJ-20260808-0113,Baron Property Group Closes on $226.5M Refi for Hialeah Apartment Community,100,Refinancing - Miami / Florida - Baron Property Group Closes on $226.5M Refi for Hialeah Apartment Community,Sun Belt,Project / Deal,South Florida,South Florida,Market / Region,Financing Relationship,Miami / Florida,Refinancing,Baron Property Group Closes on $226.5M Refi for Hialeah Apartment Community,https://www.connectcre.com/stories/baron-property-group-closes-on-226-5m-refi-for-hialeah-apartment-community/,58,40,1,58,No,Relevant to capital markets monitoring,Monitor only
2026-08-08,20260808-232856-5cc66d69,PRJ-20260808-0175,Franklin Street Negotiates Sale of 138-Unit Multifamily Property in Southwest Fort Worth,100,Acquisition - Tampa / Florida - Franklin Street Negotiates Sale of 138-Unit Multifamily Property in Southwest Fort Worth,Sun Belt,Project / Deal,Tampa,Sun Belt,Market / Region,Acquisition / Buyer,Tampa / Florida,Acquisition,Franklin Street Negotiates Sale of 138-Unit Multifamily Property in Southwest Fort Worth,https://rebusinessonline.com/franklin-street-negotiates-sale-of-138-unit-multifamily-property-in-southwest-fort-worth/,56,60,1,56,No,Low relevance,Monitor only
2026-08-08,20260808-232856-5cc66d69,PRJ-20260808-0175,Franklin Street Negotiates Sale of 138-Unit Multifamily Property in Southwest Fort Worth,100,Acquisition - Tampa / Florida - Franklin Street Negotiates Sale of 138-Unit Multifamily Property in Southwest Fort Worth,Sun Belt,Project / Deal,Tampa / Florida,Sun Belt,Market / Region,Acquisition / Buyer,Tampa / Florida,Acquisition,Franklin Street Negotiates Sale of 138-Unit Multifamily Property in Southwest Fort Worth,https://rebusinessonline.com/franklin-street-negotiates-sale-of-138-unit-multifamily-property-in-southwest-fort-worth/,56,60,1,56,No,Low relevance,Monitor only
2026-08-08,20260808-232856-5cc66d69,PRJ-20260808-0064,Affordable housing nears the finish like at 515 Pioneer Dr. in Glendale,100,Office-to-Residential Conversion - California - Affordable housing nears the finish like at 515 Pioneer Dr. in Glendale,California,Project / Deal,California,California,Market / Region,Market Expansion,California,Office-to-Residential Conversion,Affordable housing nears the finish like at 515 Pioneer Dr. in Glendale,https://la.urbanize.city/post/affordable-housing-nears-finish-515-pioneer-dr-glendale,56,60,1,56,No,Relevant to LA / California strategy,Track LA / California activity
2026-08-08,20260808-232856-5cc66d69,PRJ-20260808-0064,Affordable housing nears the finish like at 515 Pioneer Dr. in Glendale,100,Office-to-Residential Conversion - California - Affordable housing nears the finish like at 515 Pioneer Dr. in Glendale,California,Project / Deal,National,National,Market / Region,Market Expansion,California,Office-to-Residential Conversion,Affordable housing nears the finish like at 515 Pioneer Dr. in Glendale,https://la.urbanize.city/post/affordable-housing-nears-finish-515-pioneer-dr-glendale,56,40,1,56,No,Relevant to LA / California strategy,Track LA / California activity
2026-08-08,20260808-232856-5cc66d69,PRJ-20260808-0047,Brook Farm Group Lands $73M Refinance of Luxury Multifamily Development Sinclair at Callaway Farm in Georgia,100,Refinancing - Atlanta / Georgia - Brook Farm Group Lands $73M Refinance of Luxury Multifamily Development Sinclair at Callaw...,Los Angeles,Project / Deal,Atlanta,Sun Belt,Market / Region,Financing Relationship,Atlanta / Georgia,Refinancing,Brook Farm Group Lands $73M Refinance of Luxury Multifamily Development Sinclair at Callaway Farm in Georgia,https://yieldpro.com/2026/08/sinclair-at-callaway-farm-2/,56,60,1,56,No,Relevant to capital markets monitoring,Monitor only
2026-08-08,20260808-232856-5cc66d69,PRJ-20260808-0047,Brook Farm Group Lands $73M Refinance of Luxury Multifamily Development Sinclair at Callaway Farm in Georgia,100,Refinancing - Atlanta / Georgia - Brook Farm Group Lands $73M Refinance of Luxury Multifamily Development Sinclair at Callaw...,Los Angeles,Project / Deal,Atlanta / Georgia,Los Angeles,Market / Region,Financing Relationship,Atlanta / Georgia,Refinancing,Brook Farm Group Lands $73M Refinance of Luxury Multifamily Development Sinclair at Callaway Farm in Georgia,https://yieldpro.com/2026/08/sinclair-at-callaway-farm-2/,56,60,1,56,No,Relevant to capital markets monitoring,Monitor only
2026-08-08,20260808-232856-5cc66d69,PRJ-20260808-0145,ColRich Pays $52.4M for Mesa Rental Community,100,Acquisition - Phoenix / Arizona - ColRich Pays $52.4M for Mesa Rental Community,Sun Belt,Project / Deal,Phoenix,Sun Belt,Market / Region,Acquisition / Buyer,Phoenix / Arizona,Acquisition,ColRich Pays $52.4M for Mesa Rental Community,https://www.connectcre.com/stories/colrich-pays-52-4m-for-mesa-rental-community/,54,60,1,54,No,Low relevance,Monitor only
2026-08-08,20260808-232856-5cc66d69,PRJ-20260808-0145,ColRich Pays $52.4M for Mesa Rental Community,100,Acquisition - Phoenix / Arizona - ColRich Pays $52.4M for Mesa Rental Community,Sun Belt,Project / Deal,Phoenix / Arizona,Sun Belt,Market / Region,Acquisition / Buyer,Phoenix / Arizona,Acquisition,ColRich Pays $52.4M for Mesa Rental Community,https://www.connectcre.com/stories/colrich-pays-52-4m-for-mesa-rental-community/,54,60,1,54,No,Low relevance,Monitor only
2026-08-08,20260808-232856-5cc66d69,PRJ-20260808-0146,Rockwell Pays $42M for 182-Unit Scottsdale Rental Community,100,Acquisition - Phoenix / Arizona - Rockwell Pays $42M for 182-Unit Scottsdale Rental Community,Kennedy Wilson,Project / Deal,Phoenix,Sun Belt,Market / Region,Acquisition / Buyer,Phoenix / Arizona,Acquisition,Rockwell Pays $42M for 182-Unit Scottsdale Rental Community,https://www.connectcre.com/stories/hayden-pays-42m-for-182-unit-scottsdale-rental-community/,54,60,1,54,No,Low relevance,Monitor only
2026-08-08,20260808-232856-5cc66d69,PRJ-20260808-0146,Rockwell Pays $42M for 182-Unit Scottsdale Rental Community,100,Acquisition - Phoenix / Arizona - Rockwell Pays $42M for 182-Unit Scottsdale Rental Community,Kennedy Wilson,Project / Deal,Phoenix / Arizona,Sun Belt,Market / Region,Acquisition / Buyer,Phoenix / Arizona,Acquisition,Rockwell Pays $42M for 182-Unit Scottsdale Rental Community,https://www.connectcre.com/stories/hayden-pays-42m-for-182-unit-scottsdale-rental-community/,54,60,1,54,No,Low relevance,Monitor only
2026-08-08,20260808-232856-5cc66d69,PRJ-20260808-0043,Developer Duo Obtains Construction Financing for $147M Atlanta Student Housing Project,100,Construction Financing - Atlanta / Georgia - Developer Duo Obtains Construction Financing for $147M Atlanta Student Housing Project,Los Angeles,Project / Deal,Atlanta,Sun Belt,Market / Region,Financing Relationship,Atlanta / Georgia,Construction Financing,Developer Duo Obtains Construction Financing for $147M Atlanta Student Housing Project,https://www.connectcre.com/stories/developer-duo-obtain-construction-financing-for-147m-spelman-morehouse-student-housing/,54,60,1,54,No,Relevant to capital markets monitoring,Monitor only
2026-08-08,20260808-232856-5cc66d69,PRJ-20260808-0043,Developer Duo Obtains Construction Financing for $147M Atlanta Student Housing Project,100,Construction Financing - Atlanta / Georgia - Developer Duo Obtains Construction Financing for $147M Atlanta Student Housing Project,Los Angeles,Project / Deal,Atlanta / Georgia,Los Angeles,Market / Region,Financing Relationship,Atlanta / Georgia,Construction Financing,Developer Duo Obtains Construction Financing for $147M Atlanta Student Housing Project,https://www.connectcre.com/stories/developer-duo-obtain-construction-financing-for-147m-spelman-morehouse-student-housing/,54,60,1,54,No,Relevant to capital markets monitoring,Monitor only
2026-08-08,20260808-232856-5cc66d69,PRJ-20260808-0083,Affordable housing takes shape at 1332 and 1346 N. Fairfax Avenue,100,Entitlement / Permitting - Los Angeles / California - Affordable housing takes shape at 1332 and 1346 N. Fairfax Avenue,Los Angeles,Project / Deal,Los Angeles,Los Angeles,Market / Region,Entitlement / Permitting,Los Angeles / California,Entitlement / Permitting,Affordable housing takes shape at 1332 and 1346 N. Fairfax Avenue,https://la.urbanize.city/post/affordable-housing-takes-shape-1332-and-1346-n-fairfax-avenue,54,60,1,54,No,Low relevance,Monitor only
2026-08-08,20260808-232856-5cc66d69,PRJ-20260808-0083,Affordable housing takes shape at 1332 and 1346 N. Fairfax Avenue,100,Entitlement / Permitting - Los Angeles / California - Affordable housing takes shape at 1332 and 1346 N. Fairfax Avenue,Los Angeles,Project / Deal,Los Angeles / California,Los Angeles,Market / Region,Entitlement / Permitting,Los Angeles / California,Entitlement / Permitting,Affordable housing takes shape at 1332 and 1346 N. Fairfax Avenue,https://la.urbanize.city/post/affordable-housing-takes-shape-1332-and-1346-n-fairfax-avenue,54,60,1,54,No,Low relevance,Monitor only
2026-08-08,20260808-232856-5cc66d69,PRJ-20260808-0084,New plan for affordable housing at 2127 S. Westwood Boulevard,100,Entitlement / Permitting - Los Angeles / California - New plan for affordable housing at 2127 S. Westwood Boulevard,Los Angeles,Project / Deal,Los Angeles,Los Angeles,Market / Region,Entitlement / Permitting,Los Angeles / California,Entitlement / Permitting,New plan for affordable housing at 2127 S. Westwood Boulevard,https://la.urbanize.city/post/new-plan-affordable-housing-2127-s-westwood-boulevard,54,60,1,54,No,Low relevance,Monitor only
2026-08-08,20260808-232856-5cc66d69,PRJ-20260808-0084,New plan for affordable housing at 2127 S. Westwood Boulevard,100,Entitlement / Permitting - Los Angeles / California - New plan for affordable housing at 2127 S. Westwood Boulevard,Los Angeles,Project / Deal,Los Angeles / California,Los Angeles,Market / Region,Entitlement / Permitting,Los Angeles / California,Entitlement / Permitting,New plan for affordable housing at 2127 S. Westwood Boulevard,https://la.urbanize.city/post/new-plan-affordable-housing-2127-s-westwood-boulevard,54,60,1,54,No,Low relevance,Monitor only
2026-08-08,20260808-232856-5cc66d69,PRJ-20260808-0057,"Disposition / Exit - Austin / Texas - JLL, Cousins Link Up on Two Austin Office Transactions",100,JLL,JLL,Developer / GP,Austin,Sun Belt,Market / Region,Disposition / Seller,Austin / Texas,Disposition / Exit,"JLL, Cousins Link Up on Two Austin Office Transactions",https://www.connectcre.com/stories/jll-cousins-link-up-on-two-austin-office-transactions/,54,75,1,54,No,Low relevance,Track GP relationship history
2026-08-08,20260808-232856-5cc66d69,PRJ-20260808-0057,"Disposition / Exit - Austin / Texas - JLL, Cousins Link Up on Two Austin Office Transactions",100,JLL,JLL,Developer / GP,Austin / Texas,Sun Belt,Market / Region,Disposition / Seller,Austin / Texas,Disposition / Exit,"JLL, Cousins Link Up on Two Austin Office Transactions",https://www.connectcre.com/stories/jll-cousins-link-up-on-two-austin-office-transactions/,54,60,1,54,No,Low relevance,Track GP relationship history
2026-08-08,20260808-232856-5cc66d69,PRJ-20260808-0057,"Disposition / Exit - Austin / Texas - JLL, Cousins Link Up on Two Austin Office Transactions",100,JLL,JLL,Developer / GP,"Disposition / Exit - Austin / Texas - JLL, Cousins Link Up on Two Austin Office Transactions",JLL,Project / Deal,Disposition / Seller,Austin / Texas,Disposition / Exit,"JLL, Cousins Link Up on Two Austin Office Transactions",https://www.connectcre.com/stories/jll-cousins-link-up-on-two-austin-office-transactions/,54,60,1,54,No,Low relevance,Track GP relationship history
2026-08-08,20260808-232856-5cc66d69,PRJ-20260808-0046,Mesirow Pays $132M for Midtown Atlanta Apartment Community,100,JV / Partnership - Atlanta / Georgia - Mesirow Pays $132M for Midtown Atlanta Apartment Community,Los Angeles,Project / Deal,Atlanta,Sun Belt,Market / Region,JV / Partnership,Atlanta / Georgia,JV / Partnership,Mesirow Pays $132M for Midtown Atlanta Apartment Community,https://www.connectcre.com/stories/mesirow-pays-132m-for-midtown-atlanta-apartment-community/,54,60,1,54,No,High relevance to Woomi partnership strategy,Review potential JV relevance
2026-08-08,20260808-232856-5cc66d69,PRJ-20260808-0046,Mesirow Pays $132M for Midtown Atlanta Apartment Community,100,JV / Partnership - Atlanta / Georgia - Mesirow Pays $132M for Midtown Atlanta Apartment Community,Los Angeles,Project / Deal,Atlanta / Georgia,Los Angeles,Market / Region,JV / Partnership,Atlanta / Georgia,JV / Partnership,Mesirow Pays $132M for Midtown Atlanta Apartment Community,https://www.connectcre.com/stories/mesirow-pays-132m-for-midtown-atlanta-apartment-community/,54,60,1,54,No,High relevance to Woomi partnership strategy,Review potential JV relevance
2026-08-08,20260808-232856-5cc66d69,PRJ-20260808-0114,Stewards Inks $79M Refi of Hollywood Rental Asset,100,Refinancing - Miami / Florida - Stewards Inks $79M Refi of Hollywood Rental Asset,Los Angeles,Project / Deal,Miami / Florida,Sun Belt,Market / Region,Financing Relationship,Miami / Florida,Refinancing,Stewards Inks $79M Refi of Hollywood Rental Asset,https://www.connectcre.com/stories/stewards-inks-79m-refi-of-hollywood-rental-asset/,54,60,1,54,No,Relevant to capital markets monitoring,Monitor only
2026-08-08,20260808-232856-5cc66d69,PRJ-20260808-0114,Stewards Inks $79M Refi of Hollywood Rental Asset,100,Refinancing - Miami / Florida - Stewards Inks $79M Refi of Hollywood Rental Asset,Los Angeles,Project / Deal,South Florida,South Florida,Market / Region,Financing Relationship,Miami / Florida,Refinancing,Stewards Inks $79M Refi of Hollywood Rental Asset,https://www.connectcre.com/stories/stewards-inks-79m-refi-of-hollywood-rental-asset/,54,40,1,54,No,Relevant to capital markets monitoring,Monitor only
2026-08-08,20260808-232856-5cc66d69,PRJ-20260808-0162,Mesa West Capital Originates $52M Refinance for Seattle-Area Apartments,100,Refinancing - Seattle - Mesa West Capital Originates $52M Refinance for Seattle-Area Apartments,Refinancing - Seattle - Mesa West Capital Originates $52M Refinance for Seattle-Area Apartments,Project / Deal,Seattle,Seattle,Market / Region,Financing Relationship,Seattle,Refinancing,Mesa West Capital Originates $52M Refinance for Seattle-Area Apartments,https://www.connectcre.com/stories/mesa-west-capital-originates-52m-refinance-for-seattle-area-apartments/,54,40,1,54,No,Relevant to capital markets monitoring,Monitor only
2026-08-08,20260808-232856-5cc66d69,PRJ-20260808-0173,AEW with GMH Move Forward with Luxury Multifamily High-Rise Tower Project in Charlotte,100,Construction Financing - Sun Belt - AEW with GMH Move Forward with Luxury Multifamily High-Rise Tower Project in Charlotte,Sun Belt,Project / Deal,Charlotte,Sun Belt,Market / Region,Financing Relationship,Sun Belt,Construction Financing,AEW with GMH Move Forward with Luxury Multifamily High-Rise Tower Project in Charlotte,https://yieldpro.com/2026/08/anova-the-pearl/,53,60,1,53,No,Relevant to capital markets monitoring,Monitor only
2026-08-08,20260808-232856-5cc66d69,PRJ-20260808-0173,AEW with GMH Move Forward with Luxury Multifamily High-Rise Tower Project in Charlotte,100,Construction Financing - Sun Belt - AEW with GMH Move Forward with Luxury Multifamily High-Rise Tower Project in Charlotte,Sun Belt,Project / Deal,Sun Belt,Sun Belt,Market / Region,Financing Relationship,Sun Belt,Construction Financing,AEW with GMH Move Forward with Luxury Multifamily High-Rise Tower Project in Charlotte,https://yieldpro.com/2026/08/anova-the-pearl/,53,60,1,53,No,Relevant to capital markets monitoring,Monitor only
2026-08-08,20260808-232856-5cc66d69,PRJ-20260808-0087,L.A. County approves $15M for supportive housing at Metropolitan State Hospital campus,100,Office-to-Residential Conversion - Los Angeles / California - L.A. County approves $15M for supportive housing at Metropolitan State Hospital campus,Los Angeles,Project / Deal,Los Angeles,Los Angeles,Market / Region,Market Expansion,Los Angeles / California,Office-to-Residential Conversion,L.A. County approves $15M for supportive housing at Metropolitan State Hospital campus,https://la.urbanize.city/post/la-county-approves-15m-supportive-housing-metropolitan-state-hospital-campus,53,60,1,53,No,Low relevance,Monitor only
2026-08-08,20260808-232856-5cc66d69,PRJ-20260808-0087,L.A. County approves $15M for supportive housing at Metropolitan State Hospital campus,100,Office-to-Residential Conversion - Los Angeles / California - L.A. County approves $15M for supportive housing at Metropolitan State Hospital campus,Los Angeles,Project / Deal,Los Angeles / California,Los Angeles,Market / Region,Market Expansion,Los Angeles / California,Office-to-Residential Conversion,L.A. County approves $15M for supportive housing at Metropolitan State Hospital campus,https://la.urbanize.city/post/la-county-approves-15m-supportive-housing-metropolitan-state-hospital-campus,53,60,1,53,No,Low relevance,Monitor only
2026-08-08,20260808-232856-5cc66d69,PRJ-20260808-0120,"American House, Winterpast Capital Acquire 192-Unit Seniors Housing Community in Kansas City",100,"Acquisition - National - American House, Winterpast Capital Acquire 192-Unit Seniors Housing Community in Kansas Ci...",Los Angeles,Project / Deal,America,America,Market / Region,Acquisition / Buyer,National,Acquisition,"American House, Winterpast Capital Acquire 192-Unit Seniors Housing Community in Kansas City",https://rebusinessonline.com/american-house-winterpast-capital-acquire-192-unit-seniors-housing-community-in-kansas-city/,50,40,1,50,No,Low relevance,Monitor only
2026-08-08,20260808-232856-5cc66d69,PRJ-20260808-0115,Valley National Bank Provides $30M Value-Add Refi for Park Towers in Miami,100,Refinancing - Miami / Florida - Valley National Bank Provides $30M Value-Add Refi for Park Towers in Miami,Sun Belt,Project / Deal,Miami,Sun Belt,Market / Region,Financing Relationship,Miami / Florida,Refinancing,Valley National Bank Provides $30M Value-Add Refi for Park Towers in Miami,https://commercialobserver.com/2026/08/valley-national-bank-30m-refi-park-towers-miami/,50,60,1,50,No,Relevant to capital markets monitoring,Monitor only
2026-08-08,20260808-232856-5cc66d69,PRJ-20260808-0115,Valley National Bank Provides $30M Value-Add Refi for Park Towers in Miami,100,Refinancing - Miami / Florida - Valley National Bank Provides $30M Value-Add Refi for Park Towers in Miami,Sun Belt,Project / Deal,Miami / Florida,Sun Belt,Market / Region,Financing Relationship,Miami / Florida,Refinancing,Valley National Bank Provides $30M Value-Add Refi for Park Towers in Miami,https://commercialobserver.com/2026/08/valley-national-bank-30m-refi-park-towers-miami/,50,60,1,50,No,Relevant to capital markets monitoring,Monitor only
2026-08-08,20260808-232856-5cc66d69,PRJ-20260808-0137,"Preliminary Permits Filed For 110 Glenwood Avenue, Atherton",100,"Entitlement / Permitting - Other / Unknown - Preliminary Permits Filed For 110 Glenwood Avenue, Atherton","Entitlement / Permitting - Other / Unknown - Preliminary Permits Filed For 110 Glenwood Avenue, Atherton",Project / Deal,"Entitlement / Permitting - Other / Unknown - Preliminary Permits Filed For 110 Glenwood Avenue, Atherton","Entitlement / Permitting - Other / Unknown - Preliminary Permits Filed For 110 Glenwood Avenue, Atherton",Project / Deal,Entitlement / Permitting,Other / Unknown,Entitlement / Permitting,"Preliminary Permits Filed For 110 Glenwood Avenue, Atherton",https://sfyimby.com/2026/08/preliminary-permits-filed-for-110-glenwood-avenue-atherton.html,48,40,1,48,No,Low relevance,Monitor only
2026-08-08,20260808-232856-5cc66d69,PRJ-20260808-0086,Adaptive reuse project starting up at 6380 Wilshire Boulevard,100,Office-to-Residential Conversion - Los Angeles / California - Adaptive reuse project starting up at 6380 Wilshire Boulevard,Los Angeles,Project / Deal,Los Angeles,Los Angeles,Market / Region,Market Expansion,Los Angeles / California,Office-to-Residential Conversion,Adaptive reuse project starting up at 6380 Wilshire Boulevard,https://la.urbanize.city/post/adaptive-reuse-project-starting-6380-wilshire-boulevard,48,60,1,48,No,Low relevance,Monitor only
2026-08-08,20260808-232856-5cc66d69,PRJ-20260808-0086,Adaptive reuse project starting up at 6380 Wilshire Boulevard,100,Office-to-Residential Conversion - Los Angeles / California - Adaptive reuse project starting up at 6380 Wilshire Boulevard,Los Angeles,Project / Deal,Los Angeles / California,Los Angeles,Market / Region,Market Expansion,Los Angeles / California,Office-to-Residential Conversion,Adaptive reuse project starting up at 6380 Wilshire Boulevard,https://la.urbanize.city/post/adaptive-reuse-project-starting-6380-wilshire-boulevard,48,60,1,48,No,Low relevance,Monitor only
2026-08-08,20260808-232856-5cc66d69,PRJ-20260808-0147,Phoenix BTR Investor Inks $73.1M Bridge Loan,100,BTR / Build-to-Rent - Phoenix / Arizona - Phoenix BTR Investor Inks $73.1M Bridge Loan,Sun Belt,Project / Deal,Phoenix,Sun Belt,Market / Region,Market Expansion,Phoenix / Arizona,BTR / Build-to-Rent,Phoenix BTR Investor Inks $73.1M Bridge Loan,https://www.connectcre.com/stories/phoenix-btr-investor-inks-73-1m-bridge-loan/,47,60,1,47,No,Low relevance,Monitor only
2026-08-08,20260808-232856-5cc66d69,PRJ-20260808-0147,Phoenix BTR Investor Inks $73.1M Bridge Loan,100,BTR / Build-to-Rent - Phoenix / Arizona - Phoenix BTR Investor Inks $73.1M Bridge Loan,Sun Belt,Project / Deal,Phoenix / Arizona,Sun Belt,Market / Region,Market Expansion,Phoenix / Arizona,BTR / Build-to-Rent,Phoenix BTR Investor Inks $73.1M Bridge Loan,https://www.connectcre.com/stories/phoenix-btr-investor-inks-73-1m-bridge-loan/,47,60,1,47,No,Low relevance,Monitor only
2026-08-08,20260808-232856-5cc66d69,PRJ-20260808-0061,Groundbreaking Ceremony to be Held Today at 700 East Saint John Street in San Jose,100,Development Start - California - Groundbreaking Ceremony to be Held Today at 700 East Saint John Street in San Jose,California,Project / Deal,California,California,Market / Region,Development Activity,California,Development Start,Groundbreaking Ceremony to be Held Today at 700 East Saint John Street in San Jose,https://sfyimby.com/2026/08/groundbreaking-ceremony-to-be-held-today-at-700-east-saint-john-street-in-san-jose.html,47,60,1,47,No,Relevant to LA / California strategy,Track LA / California activity
2026-08-08,20260808-232856-5cc66d69,PRJ-20260808-0061,Groundbreaking Ceremony to be Held Today at 700 East Saint John Street in San Jose,100,Development Start - California - Groundbreaking Ceremony to be Held Today at 700 East Saint John Street in San Jose,California,Project / Deal,San Jose,San Jose,Market / Region,Development Activity,California,Development Start,Groundbreaking Ceremony to be Held Today at 700 East Saint John Street in San Jose,https://sfyimby.com/2026/08/groundbreaking-ceremony-to-be-held-today-at-700-east-saint-john-street-in-san-jose.html,47,40,1,47,No,Relevant to LA / California strategy,Track LA / California activity
2026-08-08,20260808-232856-5cc66d69,PRJ-20260808-0044,Atlanta Beltline Advancing 218-Unit Affordable Apartment Project,100,General Project Signal - Atlanta / Georgia - Atlanta Beltline Advancing 218-Unit Affordable Apartment Project,Los Angeles,Project / Deal,Atlanta,Sun Belt,Market / Region,Market Expansion,Atlanta / Georgia,General Project Signal,Atlanta Beltline Advancing 218-Unit Affordable Apartment Project,https://www.connectcre.com/stories/atlanta-beltline-advancing-218-unit-affordable-apartment-project/,47,60,1,47,No,Low relevance,Monitor only
2026-08-08,20260808-232856-5cc66d69,PRJ-20260808-0044,Atlanta Beltline Advancing 218-Unit Affordable Apartment Project,100,General Project Signal - Atlanta / Georgia - Atlanta Beltline Advancing 218-Unit Affordable Apartment Project,Los Angeles,Project / Deal,Atlanta / Georgia,Los Angeles,Market / Region,Market Expansion,Atlanta / Georgia,General Project Signal,Atlanta Beltline Advancing 218-Unit Affordable Apartment Project,https://www.connectcre.com/stories/atlanta-beltline-advancing-218-unit-affordable-apartment-project/,47,60,1,47,No,Low relevance,Monitor only
2026-08-08,20260808-232856-5cc66d69,PRJ-20260808-0085,Affordable housing with retail pitched for 2306 W. Jefferson Blvd.,100,General Project Signal - Los Angeles / California - Affordable housing with retail pitched for 2306 W. Jefferson Blvd.,Los Angeles,Project / Deal,Los Angeles,Los Angeles,Market / Region,Market Expansion,Los Angeles / California,General Project Signal,Affordable housing with retail pitched for 2306 W. Jefferson Blvd.,https://la.urbanize.city/post/affordable-housing-retail-pitched-2306-w-jefferson-blvd,46,60,1,46,No,Low relevance,Monitor only
2026-08-08,20260808-232856-5cc66d69,PRJ-20260808-0085,Affordable housing with retail pitched for 2306 W. Jefferson Blvd.,100,General Project Signal - Los Angeles / California - Affordable housing with retail pitched for 2306 W. Jefferson Blvd.,Los Angeles,Project / Deal,Los Angeles / California,Los Angeles,Market / Region,Market Expansion,Los Angeles / California,General Project Signal,Affordable housing with retail pitched for 2306 W. Jefferson Blvd.,https://la.urbanize.city/post/affordable-housing-retail-pitched-2306-w-jefferson-blvd,46,60,1,46,No,Low relevance,Monitor only
2026-08-08,20260808-232856-5cc66d69,PRJ-20260808-0040,Matt Ferrari’s PXV Multifamily makes first acquisition for $29.5M,100,Acquisition - Atlanta / Georgia - Matt Ferrari’s PXV Multifamily makes first acquisition for $29.5M,Los Angeles,Project / Deal,Atlanta,Sun Belt,Market / Region,Acquisition / Buyer,Atlanta / Georgia,Acquisition,Matt Ferrari’s PXV Multifamily makes first acquisition for $29.5M,https://www.multifamilydive.com/news/multiifamily-investment-strategy-value-add-apartments/827238/,45,60,1,45,No,Low relevance,Monitor only
2026-08-08,20260808-232856-5cc66d69,PRJ-20260808-0040,Matt Ferrari’s PXV Multifamily makes first acquisition for $29.5M,100,Acquisition - Atlanta / Georgia - Matt Ferrari’s PXV Multifamily makes first acquisition for $29.5M,Los Angeles,Project / Deal,Atlanta / Georgia,Los Angeles,Market / Region,Acquisition / Buyer,Atlanta / Georgia,Acquisition,Matt Ferrari’s PXV Multifamily makes first acquisition for $29.5M,https://www.multifamilydive.com/news/multiifamily-investment-strategy-value-add-apartments/827238/,45,60,1,45,No,Low relevance,Monitor only
2026-08-08,20260808-232856-5cc66d69,PRJ-20260808-0076,CONAM Acquires 232-Unit Alicante Apartment Homes in Las Vegas,100,Acquisition - Las Vegas / Nevada - CONAM Acquires 232-Unit Alicante Apartment Homes in Las Vegas,Los Angeles,Project / Deal,Las Vegas,Los Angeles,Market / Region,Acquisition / Buyer,Las Vegas / Nevada,Acquisition,CONAM Acquires 232-Unit Alicante Apartment Homes in Las Vegas,https://rebusinessonline.com/conam-acquires-232-unit-alicante-apartment-homes-in-las-vegas/,45,60,1,45,No,Low relevance,Monitor only
2026-08-08,20260808-232856-5cc66d69,PRJ-20260808-0076,CONAM Acquires 232-Unit Alicante Apartment Homes in Las Vegas,100,Acquisition - Las Vegas / Nevada - CONAM Acquires 232-Unit Alicante Apartment Homes in Las Vegas,Los Angeles,Project / Deal,Las Vegas / Nevada,Los Angeles,Market / Region,Acquisition / Buyer,Las Vegas / Nevada,Acquisition,CONAM Acquires 232-Unit Alicante Apartment Homes in Las Vegas,https://rebusinessonline.com/conam-acquires-232-unit-alicante-apartment-homes-in-las-vegas/,45,60,1,45,No,Low relevance,Monitor only
2026-08-08,20260808-232856-5cc66d69,PRJ-20260808-0088,The Olson Co. Acquires Los Angeles Office Campus for Residential Multifamily Conversion Project Potrero Grande & Atlas,100,Office-to-Residential Conversion - Los Angeles / California - The Olson Co. Acquires Los Angeles Office Campus for Residential Multifamily Conversion Pr...,Los Angeles,Project / Deal,Los Angeles,Los Angeles,Market / Region,Market Expansion,Los Angeles / California,Office-to-Residential Conversion,The Olson Co. Acquires Los Angeles Office Campus for Residential Multifamily Conversion Project Potrero Grande & Atlas,https://yieldpro.com/2026/08/potrero-grande-atlas/,45,60,1,45,No,Low relevance,Monitor only
2026-08-08,20260808-232856-5cc66d69,PRJ-20260808-0088,The Olson Co. Acquires Los Angeles Office Campus for Residential Multifamily Conversion Project Potrero Grande & Atlas,100,Office-to-Residential Conversion - Los Angeles / California - The Olson Co. Acquires Los Angeles Office Campus for Residential Multifamily Conversion Pr...,Los Angeles,Project / Deal,Los Angeles / California,Los Angeles,Market / Region,Market Expansion,Los Angeles / California,Office-to-Residential Conversion,The Olson Co. Acquires Los Angeles Office Campus for Residential Multifamily Conversion Project Potrero Grande & Atlas,https://yieldpro.com/2026/08/potrero-grande-atlas/,45,60,1,45,No,Low relevance,Monitor only
2026-08-08,20260808-232856-5cc66d69,PRJ-20260808-0039,Lion Real Estate Picks Up Atlanta Apartments for $51M,100,Acquisition - Atlanta / Georgia - Lion Real Estate Picks Up Atlanta Apartments for $51M,Los Angeles,Project / Deal,Atlanta,Sun Belt,Market / Region,Acquisition / Buyer,Atlanta / Georgia,Acquisition,Lion Real Estate Picks Up Atlanta Apartments for $51M,https://www.connectcre.com/stories/lion-real-estate-picks-up-atlanta-apartments-for-51m/,44,60,1,44,No,Low relevance,Monitor only
2026-08-08,20260808-232856-5cc66d69,PRJ-20260808-0039,Lion Real Estate Picks Up Atlanta Apartments for $51M,100,Acquisition - Atlanta / Georgia - Lion Real Estate Picks Up Atlanta Apartments for $51M,Los Angeles,Project / Deal,Atlanta / Georgia,Los Angeles,Market / Region,Acquisition / Buyer,Atlanta / Georgia,Acquisition,Lion Real Estate Picks Up Atlanta Apartments for $51M,https://www.connectcre.com/stories/lion-real-estate-picks-up-atlanta-apartments-for-51m/,44,60,1,44,No,Low relevance,Monitor only
2026-08-08,20260808-232856-5cc66d69,PRJ-20260808-0130,Missing Middle Weakness,100,Development Start - Other / Unknown - Missing Middle Weakness,Development Start - Other / Unknown - Missing Middle Weakness,Project / Deal,Development Start - Other / Unknown - Missing Middle Weakness,Development Start - Other / Unknown - Missing Middle Weakness,Project / Deal,Development Activity,Other / Unknown,Development Start,Missing Middle Weakness,https://eyeonhousing.org/2026/01/missing-middle-weakness/,41,40,1,41,No,Low relevance,Monitor only
2026-08-08,20260808-232856-5cc66d69,PRJ-20260808-0111,"W. Palm Beach Investor Buys Condo Property, Converting to Apartment Units",100,"Disposition / Exit - Miami / Florida - W. Palm Beach Investor Buys Condo Property, Converting to Apartment Units",Sun Belt,Project / Deal,Miami / Florida,Sun Belt,Market / Region,Disposition / Seller,Miami / Florida,Disposition / Exit,"W. Palm Beach Investor Buys Condo Property, Converting to Apartment Units",https://www.connectcre.com/stories/w-palm-beach-investor-buys-condo-property-converting-to-apartment-units/,39,60,1,39,No,Low relevance,Monitor only
2026-08-08,20260808-232856-5cc66d69,PRJ-20260808-0111,"W. Palm Beach Investor Buys Condo Property, Converting to Apartment Units",100,"Disposition / Exit - Miami / Florida - W. Palm Beach Investor Buys Condo Property, Converting to Apartment Units",Sun Belt,Project / Deal,South Florida,South Florida,Market / Region,Disposition / Seller,Miami / Florida,Disposition / Exit,"W. Palm Beach Investor Buys Condo Property, Converting to Apartment Units",https://www.connectcre.com/stories/w-palm-beach-investor-buys-condo-property-converting-to-apartment-units/,39,40,1,39,No,Low relevance,Monitor only
2026-08-08,20260808-232856-5cc66d69,PRJ-20260808-0135,"NRP Group Breaks Ground on 336-Unit Apartment Development in Columbus, Ohio",100,"Disposition / Exit - Other / Unknown - NRP Group Breaks Ground on 336-Unit Apartment Development in Columbus, Ohio","Disposition / Exit - Other / Unknown - NRP Group Breaks Ground on 336-Unit Apartment Development in Columbus, Ohio",Project / Deal,"Disposition / Exit - Other / Unknown - NRP Group Breaks Ground on 336-Unit Apartment Development in Columbus, Ohio","Disposition / Exit - Other / Unknown - NRP Group Breaks Ground on 336-Unit Apartment Development in Columbus, Ohio",Project / Deal,Disposition / Seller,Other / Unknown,Disposition / Exit,"NRP Group Breaks Ground on 336-Unit Apartment Development in Columbus, Ohio",https://rebusinessonline.com/nrp-group-breaks-ground-on-336-unit-apartment-development-in-columbus-ohio/,35,40,1,35,No,Low relevance,Monitor only
2026-08-08,20260808-232856-5cc66d69,PRJ-20260808-0138,2026 Resident Experience Management Report,100,General Project Signal - Other / Unknown - 2026 Resident Experience Management Report,General Project Signal - Other / Unknown - 2026 Resident Experience Management Report,Project / Deal,General Project Signal - Other / Unknown - 2026 Resident Experience Management Report,General Project Signal - Other / Unknown - 2026 Resident Experience Management Report,Project / Deal,Pricing / Valuation Signal,Other / Unknown,General Project Signal,2026 Resident Experience Management Report,https://www.multifamilyexecutive.com/premium/whitepaper/753766,35,40,1,35,No,Relevant to underwriting benchmarks,Use as underwriting benchmark
2026-08-08,20260808-232856-5cc66d69,PRJ-20260808-0128,First Quarter 2026 Multifamily Construction Data,100,Development Start - Other / Unknown - First Quarter 2026 Multifamily Construction Data,Development Start - Other / Unknown - First Quarter 2026 Multifamily Construction Data,Project / Deal,Development Start - Other / Unknown - First Quarter 2026 Multifamily Construction Data,Development Start - Other / Unknown - First Quarter 2026 Multifamily Construction Data,Project / Deal,Development Activity,Other / Unknown,Development Start,First Quarter 2026 Multifamily Construction Data,https://eyeonhousing.org/2026/05/first-quarter-2026-multifamily-construction-data/,33,40,1,33,No,Low relevance,Monitor only
2026-08-08,20260808-232856-5cc66d69,PRJ-20260808-0129,Fourth Quarter 2025 Multifamily Construction Data,100,Development Start - Other / Unknown - Fourth Quarter 2025 Multifamily Construction Data,Development Start - Other / Unknown - Fourth Quarter 2025 Multifamily Construction Data,Project / Deal,Development Start - Other / Unknown - Fourth Quarter 2025 Multifamily Construction Data,Development Start - Other / Unknown - Fourth Quarter 2025 Multifamily Construction Data,Project / Deal,Development Activity,Other / Unknown,Development Start,Fourth Quarter 2025 Multifamily Construction Data,https://eyeonhousing.org/2026/03/fourth-quarter-2025-multifamily-construction-data/,33,40,1,33,No,Low relevance,Monitor only
2026-08-08,20260808-232856-5cc66d69,PRJ-20260808-0131,Overall Housing Starts Inch Lower in 2025,100,Development Start - Other / Unknown - Overall Housing Starts Inch Lower in 2025,Development Start - Other / Unknown - Overall Housing Starts Inch Lower in 2025,Project / Deal,Development Start - Other / Unknown - Overall Housing Starts Inch Lower in 2025,Development Start - Other / Unknown - Overall Housing Starts Inch Lower in 2025,Project / Deal,Development Activity,Other / Unknown,Development Start,Overall Housing Starts Inch Lower in 2025,https://eyeonhousing.org/2026/02/overall-housing-starts-inch-lower-in-2025/,33,40,1,33,No,Low relevance,Monitor only
2026-08-08,20260808-232856-5cc66d69,PRJ-20260808-0132,Third Quarter 2025 Multifamily Construction Data,100,Development Start - Other / Unknown - Third Quarter 2025 Multifamily Construction Data,Development Start - Other / Unknown - Third Quarter 2025 Multifamily Construction Data,Project / Deal,Development Start - Other / Unknown - Third Quarter 2025 Multifamily Construction Data,Development Start - Other / Unknown - Third Quarter 2025 Multifamily Construction Data,Project / Deal,Development Activity,Other / Unknown,Development Start,Third Quarter 2025 Multifamily Construction Data,https://eyeonhousing.org/2026/01/third-quarter-2025-multifamily-construction-data/,33,40,1,33,No,Low relevance,Monitor only
2026-08-08,20260808-232856-5cc66d69,PRJ-20260808-0140,Share of Apartments Built in Buildings with 50+ Units Moves Higher in 2025,100,General Project Signal - Other / Unknown - Share of Apartments Built in Buildings with 50+ Units Moves Higher in 2025,General Project Signal - Other / Unknown - Share of Apartments Built in Buildings with 50+ Units Moves Higher in 2025,Project / Deal,General Project Signal - Other / Unknown - Share of Apartments Built in Buildings with 50+ Units Moves Higher in 2025,General Project Signal - Other / Unknown - Share of Apartments Built in Buildings with 50+ Units Moves Higher in 2025,Project / Deal,Pricing / Valuation Signal,Other / Unknown,General Project Signal,Share of Apartments Built in Buildings with 50+ Units Moves Higher in 2025,https://eyeonhousing.org/2026/07/share-of-apartments-built-in-buildings-with-50-units-moves-higher-in-2025/,33,40,1,33,No,Relevant to underwriting benchmarks,Use as underwriting benchmark
2026-08-08,20260808-232856-5cc66d69,PRJ-20260808-0142,Commonwealth Development Partners Break Ground on $162M Office-to-Residential Multifamily Conversion in Chicago,100,Office-to-Residential Conversion - Other / Unknown - Commonwealth Development Partners Break Ground on $162M Office-to-Residential Multifamily...,Office-to-Residential Conversion - Other / Unknown - Commonwealth Development Partners Break Ground on $162M Office-to-Residential Multifamily...,Project / Deal,Office-to-Residential Conversion - Other / Unknown - Commonwealth Development Partners Break Ground on $162M Office-to-Residential Multifamily...,Office-to-Residential Conversion - Other / Unknown - Commonwealth Development Partners Break Ground on $162M Office-to-Residential Multifamily...,Project / Deal,General Association,Other / Unknown,Office-to-Residential Conversion,Commonwealth Development Partners Break Ground on $162M Office-to-Residential Multifamily Conversion in Chicago,https://yieldpro.com/2026/08/500-n-michigan-ave/,33,40,1,33,No,Low relevance,Monitor only
2026-08-08,20260808-232856-5cc66d69,PRJ-20260808-0136,The NRP Group Breaks Ground on 336-Unit Multifamily in Ohio,100,Disposition / Exit - Other / Unknown - The NRP Group Breaks Ground on 336-Unit Multifamily in Ohio,Disposition / Exit - Other / Unknown - The NRP Group Breaks Ground on 336-Unit Multifamily in Ohio,Project / Deal,Disposition / Exit - Other / Unknown - The NRP Group Breaks Ground on 336-Unit Multifamily in Ohio,Disposition / Exit - Other / Unknown - The NRP Group Breaks Ground on 336-Unit Multifamily in Ohio,Project / Deal,Disposition / Seller,Other / Unknown,Disposition / Exit,The NRP Group Breaks Ground on 336-Unit Multifamily in Ohio,https://www.connectcre.com/stories/the-nrp-group-breaks-ground-on-336-unit-multifamily-in-ohio/,32,40,1,32,No,Low relevance,Monitor only
2026-08-08,20260808-232856-5cc66d69,PRJ-20260808-0139,Multifamily Absorption Rate Remains Below 50%,100,General Project Signal - Other / Unknown - Multifamily Absorption Rate Remains Below 50%,General Project Signal - Other / Unknown - Multifamily Absorption Rate Remains Below 50%,Project / Deal,General Project Signal - Other / Unknown - Multifamily Absorption Rate Remains Below 50%,General Project Signal - Other / Unknown - Multifamily Absorption Rate Remains Below 50%,Project / Deal,Pricing / Valuation Signal,Other / Unknown,General Project Signal,Multifamily Absorption Rate Remains Below 50%,https://eyeonhousing.org/2026/03/multifamily-absorption-rate-remains-below-50/,32,40,1,32,No,Relevant to underwriting benchmarks,Use as underwriting benchmark
2026-08-08,20260808-232856-5cc66d69,PRJ-20260808-0154,"Permits For Conversion at 150 Hayes Street, San Francisco",100,"Office-to-Residential Conversion - San Francisco / California - Permits For Conversion at 150 Hayes Street, San Francisco",California,Project / Deal,San Francisco,San Francisco,Market / Region,Market Expansion,San Francisco / California,Office-to-Residential Conversion,"Permits For Conversion at 150 Hayes Street, San Francisco",https://sfyimby.com/2026/08/permits-for-conversion-at-150-hayes-street-san-francisco.html,29,40,1,29,No,Low relevance,Monitor only
2026-08-08,20260808-232856-5cc66d69,PRJ-20260808-0154,"Permits For Conversion at 150 Hayes Street, San Francisco",100,"Office-to-Residential Conversion - San Francisco / California - Permits For Conversion at 150 Hayes Street, San Francisco",California,Project / Deal,San Francisco / California,California,Market / Region,Market Expansion,San Francisco / California,Office-to-Residential Conversion,"Permits For Conversion at 150 Hayes Street, San Francisco",https://sfyimby.com/2026/08/permits-for-conversion-at-150-hayes-street-san-francisco.html,29,60,1,29,No,Low relevance,Monitor only
2026-08-08,20260808-232856-5cc66d69,PRJ-20260808-0133,Centerspace executives outline disposition plans,100,Disposition / Exit - Other / Unknown - Centerspace executives outline disposition plans,Los Angeles,Project / Deal,Disposition / Exit - Other / Unknown - Centerspace executives outline disposition plans,Los Angeles,Project / Deal,Disposition / Seller,Other / Unknown,Disposition / Exit,Centerspace executives outline disposition plans,https://www.multifamilydive.com/news/apartment-reit-dispositions-strategic-review/827348/,28,60,1,28,No,Low relevance,Monitor only
2026-08-08,20260808-232856-5cc66d69,PRJ-20260808-0134,NAHB HBGI: Micro Markets Lone Bright Spot for Single-Family Building in Fourth Quarter,100,Disposition / Exit - Other / Unknown - NAHB HBGI: Micro Markets Lone Bright Spot for Single-Family Building in Fourth Quarter,Disposition / Exit - Other / Unknown - NAHB HBGI: Micro Markets Lone Bright Spot for Single-Family Building in Fourth Quarter,Project / Deal,Disposition / Exit - Other / Unknown - NAHB HBGI: Micro Markets Lone Bright Spot for Single-Family Building in Fourth Quarter,Disposition / Exit - Other / Unknown - NAHB HBGI: Micro Markets Lone Bright Spot for Single-Family Building in Fourth Quarter,Project / Deal,Disposition / Seller,Other / Unknown,Disposition / Exit,NAHB HBGI: Micro Markets Lone Bright Spot for Single-Family Building in Fourth Quarter,https://eyeonhousing.org/2026/03/nahb-hbgi-micro-markets-lone-bright-spot-for-single-family-building-in-fourth-quarter/,24,40,1,24,No,Low relevance,Monitor only
