run_date,run_id,source_name,source_category,source_tier,coverage_focus,enabled,platform_type,source_url,fetch_status,entries_found,articles_saved,error_message,source_quality_label
2026-08-08,20260808-232856-5cc66d69,Multifamily Dive,Core Multifamily News,Tier 1,national_multifamily,Yes,Other,https://www.multifamilydive.com/feeds/news/,OK,10,5,,High Value
2026-08-08,20260808-232856-5cc66d69,Multifamily Executive,Core Multifamily News,Tier 1,national_multifamily,Yes,Other,https://www.multifamilyexecutive.com/rss.xml,OK,10,2,,Useful
2026-08-08,20260808-232856-5cc66d69,Yield PRO,Core Multifamily News,Tier 1,lease_up_supply;national_multifamily,Yes,Other,https://yieldpro.com/feed/,OK,10,9,,High Value
2026-08-08,20260808-232856-5cc66d69,Multi-Housing News,Core Multifamily News,Tier 1,national_multifamily,Yes,Other,https://www.multihousingnews.com/feed/,Failed,0,0,RSS parsing issue: status=403; <unknown>:2:1326: not well-formed (invalid token),Failing
2026-08-08,20260808-232856-5cc66d69,GlobeSt,Core Multifamily News,Tier 1,national_multifamily,Yes,Other,https://www.globest.com/feed/,Failed,0,0,RSS parsing issue: status=403; <unknown>:2:1326: not well-formed (invalid token),Failing
2026-08-08,20260808-232856-5cc66d69,Bisnow,Core Multifamily News,Tier 1,national_multifamily,Yes,Other,https://www.bisnow.com/rss,OK,10,0,,Watch
2026-08-08,20260808-232856-5cc66d69,Commercial Observer,Core Multifamily News,Tier 1,national_multifamily,Yes,Other,https://commercialobserver.com/feed/,OK,17,4,,High Value
2026-08-08,20260808-232856-5cc66d69,Connect CRE,Core Multifamily News,Tier 1,development_pipeline;gp_activity;national_multifamily,Yes,Other,https://www.connectcre.com/feed/,OK,10,0,,Watch
2026-08-08,20260808-232856-5cc66d69,The Real Deal,Core Multifamily News,Tier 1,national_multifamily,Yes,Other,https://therealdeal.com/feed/,Failed,0,0,RSS parsing issue: status=403; <unknown>:20:37: not well-formed (invalid token),Failing
2026-08-08,20260808-232856-5cc66d69,NAHB Eye on Housing - Multifamily,Public Agency / Housing Data,Tier 3,national_multifamily,Yes,Other,https://eyeonhousing.org/category/multifamily/feed/,OK,18,16,,High Value
2026-08-08,20260808-232856-5cc66d69,Construction Dive,Core Multifamily News,Tier 1,national_multifamily,Yes,Other,https://www.constructiondive.com/feeds/news/,OK,10,0,,Watch
2026-08-08,20260808-232856-5cc66d69,HousingWire,Core Multifamily News,Tier 1,national_multifamily,Yes,Other,https://www.housingwire.com/feed/,OK,10,0,,Watch
2026-08-08,20260808-232856-5cc66d69,Federal Reserve - Press Releases,Public Agency / Housing Data,Tier 3,lease_up_supply;national_multifamily,Yes,Other,https://www.federalreserve.gov/feeds/press_all.xml,OK,20,0,,Watch
2026-08-08,20260808-232856-5cc66d69,PERE,Institutional Real Estate / Capital Markets,Tier 1,capital_markets;institutional_capital,No,Other,,Disabled,0,0,Registered source is disabled until a public feed is confirmed,Disabled / Registered
2026-08-08,20260808-232856-5cc66d69,Urban Land Institute,Institutional Real Estate / Capital Markets,Tier 1,capital_markets;institutional_capital,Yes,Other,https://urbanland.uli.org/feed/,Failed,0,0,RSS parsing issue: status=403; <unknown>:2:1326: not well-formed (invalid token),Failing
2026-08-08,20260808-232856-5cc66d69,NMHC News,Institutional Real Estate / Capital Markets,Tier 1,capital_markets;institutional_capital,Yes,Other,https://www.nmhc.org/news/rss/,Failed,0,0,RSS parsing issue: status=200; <unknown>:21:2: mismatched tag,Failing
2026-08-08,20260808-232856-5cc66d69,Freddie Mac Multifamily,Institutional Real Estate / Capital Markets,Tier 1,capital_markets;institutional_capital;national_multifamily,No,Other,,Disabled,0,0,Registered source is disabled until a public feed is confirmed,Disabled / Registered
2026-08-08,20260808-232856-5cc66d69,Fannie Mae Multifamily,Institutional Real Estate / Capital Markets,Tier 1,capital_markets;institutional_capital;national_multifamily,No,Other,,Disabled,0,0,Registered source is disabled until a public feed is confirmed,Disabled / Registered
2026-08-08,20260808-232856-5cc66d69,MBA Commercial / Multifamily,Institutional Real Estate / Capital Markets,Tier 1,capital_markets;institutional_capital;national_multifamily,No,Other,,Disabled,0,0,Registered source is disabled until a public feed is confirmed,Disabled / Registered
2026-08-08,20260808-232856-5cc66d69,Walker & Dunlop Insights,Brokerage / Debt / Research,Tier 1,capital_markets;institutional_capital,Yes,Other,https://www.walkerdunlop.com/insights/feed/,Failed,0,0,RSS parsing issue: status=301; <unknown>:2:2016: not well-formed (invalid token),Failing
2026-08-08,20260808-232856-5cc66d69,Berkadia Research,Brokerage / Debt / Research,Tier 1,capital_markets;institutional_capital,Yes,Other,https://berkadia.com/feed/,Failed,0,0,RSS parsing issue: status=301; <unknown>:7:75: not well-formed (invalid token),Failing
2026-08-08,20260808-232856-5cc66d69,CBRE Multifamily / Living Sector,Brokerage / Debt / Research,Tier 1,capital_markets;institutional_capital;national_multifamily,No,Other,,Disabled,0,0,Registered source is disabled until a public feed is confirmed,Disabled / Registered
2026-08-08,20260808-232856-5cc66d69,JLL Living / Multifamily,Brokerage / Debt / Research,Tier 1,capital_markets;institutional_capital;national_multifamily,No,Other,,Disabled,0,0,Registered source is disabled until a public feed is confirmed,Disabled / Registered
2026-08-08,20260808-232856-5cc66d69,Cushman & Wakefield Multifamily,Brokerage / Debt / Research,Tier 1,capital_markets;institutional_capital;national_multifamily,No,Other,,Disabled,0,0,Registered source is disabled until a public feed is confirmed,Disabled / Registered
2026-08-08,20260808-232856-5cc66d69,Marcus & Millichap Research,Brokerage / Debt / Research,Tier 1,capital_markets;institutional_capital,No,Other,,Disabled,0,0,Registered source is disabled until a public feed is confirmed,Disabled / Registered
2026-08-08,20260808-232856-5cc66d69,Greystar Newsroom,Developer / GP Newsrooms,Tier 3,gp_activity;institutional_capital,No,Other,,Disabled,0,0,Registered source is disabled until a public feed is confirmed,Disabled / Registered
2026-08-08,20260808-232856-5cc66d69,Kennedy Wilson Newsroom,Developer / GP Newsrooms,Tier 3,gp_activity;institutional_capital,No,Other,,Disabled,0,0,Registered source is disabled until a public feed is confirmed,Disabled / Registered
2026-08-08,20260808-232856-5cc66d69,Related Companies Newsroom,Developer / GP Newsrooms,Tier 3,gp_activity;institutional_capital,No,Other,,Disabled,0,0,Registered source is disabled until a public feed is confirmed,Disabled / Registered
2026-08-08,20260808-232856-5cc66d69,Related California Newsroom,Developer / GP Newsrooms,Tier 3,development_pipeline;entitlement;gp_activity;institutional_capital;la_california,No,Other,,Disabled,0,0,Registered source is disabled until a public feed is confirmed,Disabled / Registered
2026-08-08,20260808-232856-5cc66d69,Hines Newsroom,Developer / GP Newsrooms,Tier 3,gp_activity;institutional_capital,Yes,Other,https://www.hines.com/news/feed,Failed,0,0,RSS parsing issue: status=403; <unknown>:2:1326: not well-formed (invalid token),Failing
2026-08-08,20260808-232856-5cc66d69,Mill Creek Residential Newsroom,Developer / GP Newsrooms,Tier 3,gp_activity;institutional_capital,No,Other,,Disabled,0,0,Registered source is disabled until a public feed is confirmed,Disabled / Registered
2026-08-08,20260808-232856-5cc66d69,Trammell Crow Residential Newsroom,Developer / GP Newsrooms,Tier 3,gp_activity;institutional_capital,No,Other,,Disabled,0,0,Registered source is disabled until a public feed is confirmed,Disabled / Registered
2026-08-08,20260808-232856-5cc66d69,Toll Brothers Apartment Living Newsroom,Developer / GP Newsrooms,Tier 3,gp_activity;institutional_capital;national_multifamily,No,Other,,Disabled,0,0,Registered source is disabled until a public feed is confirmed,Disabled / Registered
2026-08-08,20260808-232856-5cc66d69,Crescent Communities Newsroom,Developer / GP Newsrooms,Tier 3,gp_activity;institutional_capital,No,Other,,Disabled,0,0,Registered source is disabled until a public feed is confirmed,Disabled / Registered
2026-08-08,20260808-232856-5cc66d69,AvalonBay Newsroom,Developer / GP Newsrooms,Tier 3,gp_activity;institutional_capital,No,Other,,Disabled,0,0,Registered source is disabled until a public feed is confirmed,Disabled / Registered
2026-08-08,20260808-232856-5cc66d69,Essex Property Trust Newsroom,Developer / GP Newsrooms,Tier 3,gp_activity;institutional_capital,No,Other,,Disabled,0,0,Registered source is disabled until a public feed is confirmed,Disabled / Registered
2026-08-08,20260808-232856-5cc66d69,Camden Property Trust Newsroom,Developer / GP Newsrooms,Tier 3,gp_activity;institutional_capital,No,Other,,Disabled,0,0,Registered source is disabled until a public feed is confirmed,Disabled / Registered
2026-08-08,20260808-232856-5cc66d69,UDR Newsroom,Developer / GP Newsrooms,Tier 3,gp_activity;institutional_capital,No,Other,,Disabled,0,0,Registered source is disabled until a public feed is confirmed,Disabled / Registered
2026-08-08,20260808-232856-5cc66d69,MAA Newsroom,Developer / GP Newsrooms,Tier 3,gp_activity;institutional_capital,No,Other,,Disabled,0,0,Registered source is disabled until a public feed is confirmed,Disabled / Registered
2026-08-08,20260808-232856-5cc66d69,Equity Residential Newsroom,Developer / GP Newsrooms,Tier 3,gp_activity;institutional_capital,No,Other,,Disabled,0,0,Registered source is disabled until a public feed is confirmed,Disabled / Registered
2026-08-08,20260808-232856-5cc66d69,Blackstone Real Estate,Developer / GP Newsrooms,Tier 3,gp_activity;institutional_capital,Yes,Other,https://www.blackstone.com/news/rss/,Failed,0,0,RSS parsing issue: status=403; <unknown>:2:1326: not well-formed (invalid token),Failing
2026-08-08,20260808-232856-5cc66d69,Brookfield Real Estate,Developer / GP Newsrooms,Tier 3,gp_activity;institutional_capital,No,Other,,Disabled,0,0,Registered source is disabled until a public feed is confirmed,Disabled / Registered
2026-08-08,20260808-232856-5cc66d69,Urbanize LA,Regional / California / LA Sources,Tier 2,development_pipeline;entitlement;la_california,Yes,Other,https://la.urbanize.city/rss.xml,OK,10,9,,High Value
2026-08-08,20260808-232856-5cc66d69,LA Business Journal,Regional / California / LA Sources,Tier 2,development_pipeline;entitlement;gp_activity;la_california,No,Other,,Disabled,0,0,Registered source is disabled until a public feed is confirmed,Disabled / Registered
2026-08-08,20260808-232856-5cc66d69,Los Angeles City Planning,Regional / California / LA Sources,Tier 2,development_pipeline;entitlement;la_california,No,Other,,Disabled,0,0,Registered source is disabled until a public feed is confirmed,Disabled / Registered
2026-08-08,20260808-232856-5cc66d69,California HCD,Regional / California / LA Sources,Tier 2,development_pipeline;entitlement;la_california,No,Other,,Disabled,0,0,Registered source is disabled until a public feed is confirmed,Disabled / Registered
2026-08-08,20260808-232856-5cc66d69,California YIMBY,Regional / California / LA Sources,Tier 2,development_pipeline;entitlement;la_california,Yes,Other,https://californiayimby.com/feed,Failed,0,0,RSS parsing issue: <urlopen error [Errno -2] Name or service not known>,Failing
2026-08-08,20260808-232856-5cc66d69,SF YIMBY,Regional / California / LA Sources,Tier 2,development_pipeline;entitlement;la_california,Yes,Other,https://sfyimby.com/feed,OK,5,3,,High Value
2026-08-08,20260808-232856-5cc66d69,Urbanize California,Regional / California / LA Sources,Tier 2,development_pipeline;entitlement;la_california,No,Other,,Disabled,0,0,Registered source is disabled until a public feed is confirmed,Disabled / Registered
2026-08-08,20260808-232856-5cc66d69,REBusiness Online,Site / Parcel Source Expansion,Tier 2,development_pipeline;gp_activity,Yes,Other,https://rebusinessonline.com/feed/atom/,OK,20,8,,High Value
2026-08-08,20260808-232856-5cc66d69,Connect CRE Apartments,Site / Parcel Source Expansion,Tier 2,development_pipeline;gp_activity;national_multifamily,Yes,Other,https://www.connectcre.com/feed?property-sector=apartments,OK,10,7,,High Value
2026-08-08,20260808-232856-5cc66d69,Connect CRE Texas,Site / Parcel Source Expansion,Tier 2,development_pipeline;gp_activity;sunbelt,Yes,Other,https://www.connectcre.com/feed?story-market=texas,OK,10,1,,Useful
2026-08-08,20260808-232856-5cc66d69,Connect CRE South Florida,Site / Parcel Source Expansion,Tier 2,development_pipeline;gp_activity;sunbelt,Yes,Other,https://www.connectcre.com/feed?story-market=south-florida,OK,10,6,,High Value
2026-08-08,20260808-232856-5cc66d69,Connect CRE Phoenix,Site / Parcel Source Expansion,Tier 2,development_pipeline;gp_activity;sunbelt,Yes,Other,https://www.connectcre.com/feed?story-market=phoenix,OK,10,3,,High Value
2026-08-08,20260808-232856-5cc66d69,Connect CRE Atlanta,Site / Parcel Source Expansion,Tier 2,development_pipeline;gp_activity;sunbelt,Yes,Other,https://www.connectcre.com/feed?story-market=atlanta,OK,10,6,,High Value
2026-08-08,20260808-232856-5cc66d69,Connect CRE Charlotte,Site / Parcel Source Expansion,Tier 2,development_pipeline;gp_activity;sunbelt,Yes,Other,https://www.connectcre.com/feed?story-market=charlotte,Failed,0,0,RSS parsing issue: status=404; <unknown>:22:51: not well-formed (invalid token),Failing
2026-08-08,20260808-232856-5cc66d69,Connect CRE Orange County,Site / Parcel Source Expansion,Tier 2,development_pipeline;gp_activity,Yes,Other,https://www.connectcre.com/feed?story-market=orange-county,OK,10,3,,High Value
2026-08-08,20260808-232856-5cc66d69,CRE Daily,Site / Parcel Source Expansion,Tier 2,development_pipeline;gp_activity,No,Other,,Disabled,0,0,Registered source is disabled until a public feed is confirmed,Disabled / Registered
2026-08-08,20260808-232856-5cc66d69,Institutional Property Advisors,Site / Parcel Source Expansion,Tier 2,development_pipeline;gp_activity,No,Other,,Disabled,0,0,Registered source is disabled until a public feed is confirmed,Disabled / Registered
2026-08-08,20260808-232856-5cc66d69,JLL Newsroom,Site / Parcel Source Expansion,Tier 2,development_pipeline;gp_activity;institutional_capital,No,Other,,Disabled,0,0,Registered source is disabled until a public feed is confirmed,Disabled / Registered
2026-08-08,20260808-232856-5cc66d69,CBRE Newsroom,Site / Parcel Source Expansion,Tier 2,development_pipeline;gp_activity;institutional_capital,No,Other,,Disabled,0,0,Registered source is disabled until a public feed is confirmed,Disabled / Registered
2026-08-08,20260808-232856-5cc66d69,Cushman & Wakefield Newsroom,Site / Parcel Source Expansion,Tier 2,development_pipeline;gp_activity;institutional_capital,No,Other,,Disabled,0,0,Registered source is disabled until a public feed is confirmed,Disabled / Registered
2026-08-08,20260808-232856-5cc66d69,Marcus & Millichap Newsroom,Site / Parcel Source Expansion,Tier 2,development_pipeline;gp_activity;institutional_capital,No,Other,,Disabled,0,0,Registered source is disabled until a public feed is confirmed,Disabled / Registered
2026-08-08,20260808-232856-5cc66d69,Dallas Business Journal,Site / Parcel Source Expansion,Tier 2,development_pipeline;gp_activity,No,Other,,Disabled,0,0,Registered source is disabled until a public feed is confirmed,Disabled / Registered
2026-08-08,20260808-232856-5cc66d69,Austin Business Journal,Site / Parcel Source Expansion,Tier 2,development_pipeline;gp_activity,No,Other,,Disabled,0,0,Registered source is disabled until a public feed is confirmed,Disabled / Registered
2026-08-08,20260808-232856-5cc66d69,South Florida Business Journal,Site / Parcel Source Expansion,Tier 2,development_pipeline;gp_activity;sunbelt,No,Other,,Disabled,0,0,Registered source is disabled until a public feed is confirmed,Disabled / Registered
2026-08-08,20260808-232856-5cc66d69,Phoenix Business Journal,Site / Parcel Source Expansion,Tier 2,development_pipeline;gp_activity;sunbelt,No,Other,,Disabled,0,0,Registered source is disabled until a public feed is confirmed,Disabled / Registered
2026-08-08,20260808-232856-5cc66d69,Atlanta Business Chronicle,Site / Parcel Source Expansion,Tier 2,development_pipeline;gp_activity;sunbelt,No,Other,,Disabled,0,0,Registered source is disabled until a public feed is confirmed,Disabled / Registered
2026-08-08,20260808-232856-5cc66d69,Charlotte Business Journal,Site / Parcel Source Expansion,Tier 2,development_pipeline;gp_activity;sunbelt,No,Other,,Disabled,0,0,Registered source is disabled until a public feed is confirmed,Disabled / Registered
2026-08-08,20260808-232856-5cc66d69,Los Angeles Business Journal,Site / Parcel Source Expansion,Tier 2,development_pipeline;entitlement;gp_activity;la_california,No,Other,,Disabled,0,0,Registered source is disabled until a public feed is confirmed,Disabled / Registered
2026-08-08,20260808-232856-5cc66d69,San Francisco Business Times,Site / Parcel Source Expansion,Tier 2,development_pipeline;gp_activity,No,Other,,Disabled,0,0,Registered source is disabled until a public feed is confirmed,Disabled / Registered
2026-08-08,20260808-232856-5cc66d69,Orange County Business Journal,Site / Parcel Source Expansion,Tier 2,development_pipeline;gp_activity,No,Other,,Disabled,0,0,Registered source is disabled until a public feed is confirmed,Disabled / Registered
2026-08-08,20260808-232856-5cc66d69,Denver Business Journal,Site / Parcel Source Expansion,Tier 2,development_pipeline;gp_activity,No,Other,,Disabled,0,0,Registered source is disabled until a public feed is confirmed,Disabled / Registered
2026-08-08,20260808-232856-5cc66d69,Nashville Business Journal,Site / Parcel Source Expansion,Tier 2,development_pipeline;gp_activity;sunbelt,No,Other,,Disabled,0,0,Registered source is disabled until a public feed is confirmed,Disabled / Registered
2026-08-08,20260808-232856-5cc66d69,Greystar Source Expansion,Developer / GP Source Expansion,Tier 3,gp_activity;institutional_capital;national_multifamily,No,Multifamily Developer / Operator,,Disabled,0,0,Registered source is disabled until a public feed is confirmed,Disabled / Registered
2026-08-08,20260808-232856-5cc66d69,Mill Creek Residential Source Expansion,Developer / GP Source Expansion,Tier 3,gp_activity;institutional_capital;national_multifamily,No,Multifamily Developer / Operator,,Disabled,0,0,Registered source is disabled until a public feed is confirmed,Disabled / Registered
2026-08-08,20260808-232856-5cc66d69,Trammell Crow Residential Source Expansion,Developer / GP Source Expansion,Tier 3,gp_activity;institutional_capital;national_multifamily,No,Multifamily Developer / Operator,,Disabled,0,0,Registered source is disabled until a public feed is confirmed,Disabled / Registered
2026-08-08,20260808-232856-5cc66d69,Lincoln Property Company Source Expansion,Developer / GP Source Expansion,Tier 3,gp_activity;institutional_capital;national_multifamily,No,Multifamily Developer / Operator,,Disabled,0,0,Registered source is disabled until a public feed is confirmed,Disabled / Registered
2026-08-08,20260808-232856-5cc66d69,Fairfield Residential Source Expansion,Developer / GP Source Expansion,Tier 3,gp_activity;institutional_capital;national_multifamily,No,Multifamily Developer / Operator,,Disabled,0,0,Registered source is disabled until a public feed is confirmed,Disabled / Registered
2026-08-08,20260808-232856-5cc66d69,Alliance Residential Source Expansion,Developer / GP Source Expansion,Tier 3,gp_activity;institutional_capital;national_multifamily,No,Multifamily Developer / Operator,,Disabled,0,0,Registered source is disabled until a public feed is confirmed,Disabled / Registered
2026-08-08,20260808-232856-5cc66d69,Wood Partners Source Expansion,Developer / GP Source Expansion,Tier 3,gp_activity;institutional_capital;national_multifamily,No,Multifamily Developer / Operator,,Disabled,0,0,Registered source is disabled until a public feed is confirmed,Disabled / Registered
2026-08-08,20260808-232856-5cc66d69,Hanover Company Source Expansion,Developer / GP Source Expansion,Tier 3,gp_activity;institutional_capital;national_multifamily,No,Multifamily Developer / Operator,,Disabled,0,0,Registered source is disabled until a public feed is confirmed,Disabled / Registered
2026-08-08,20260808-232856-5cc66d69,Holland Partner Group Source Expansion,Developer / GP Source Expansion,Tier 3,gp_activity;institutional_capital;national_multifamily,No,Multifamily Developer / Operator,,Disabled,0,0,Registered source is disabled until a public feed is confirmed,Disabled / Registered
2026-08-08,20260808-232856-5cc66d69,JPI Source Expansion,Developer / GP Source Expansion,Tier 3,gp_activity;institutional_capital;national_multifamily,No,Multifamily Developer / Operator,,Disabled,0,0,Registered source is disabled until a public feed is confirmed,Disabled / Registered
2026-08-08,20260808-232856-5cc66d69,Kairoi Residential Source Expansion,Developer / GP Source Expansion,Tier 3,gp_activity;institutional_capital;national_multifamily,No,Multifamily Developer / Operator,,Disabled,0,0,Registered source is disabled until a public feed is confirmed,Disabled / Registered
2026-08-08,20260808-232856-5cc66d69,AMLI Residential Source Expansion,Developer / GP Source Expansion,Tier 3,gp_activity;institutional_capital;national_multifamily,No,Multifamily Developer / Operator,,Disabled,0,0,Registered source is disabled until a public feed is confirmed,Disabled / Registered
2026-08-08,20260808-232856-5cc66d69,Quarterra Source Expansion,Developer / GP Source Expansion,Tier 3,gp_activity;institutional_capital;national_multifamily,No,Multifamily Developer / Operator,,Disabled,0,0,Registered source is disabled until a public feed is confirmed,Disabled / Registered
2026-08-08,20260808-232856-5cc66d69,Toll Brothers Apartment Living Source Expansion,Developer / GP Source Expansion,Tier 3,gp_activity;institutional_capital;national_multifamily,No,Multifamily Developer / Operator,,Disabled,0,0,Registered source is disabled until a public feed is confirmed,Disabled / Registered
2026-08-08,20260808-232856-5cc66d69,AvalonBay Source Expansion,Developer / GP Source Expansion,Tier 3,gp_activity;institutional_capital;national_multifamily,No,Multifamily Developer / Operator,,Disabled,0,0,Registered source is disabled until a public feed is confirmed,Disabled / Registered
2026-08-08,20260808-232856-5cc66d69,Camden Property Trust Source Expansion,Developer / GP Source Expansion,Tier 3,gp_activity;institutional_capital;national_multifamily,No,Multifamily Developer / Operator,,Disabled,0,0,Registered source is disabled until a public feed is confirmed,Disabled / Registered
2026-08-08,20260808-232856-5cc66d69,MAA Source Expansion,Developer / GP Source Expansion,Tier 3,gp_activity;institutional_capital;national_multifamily,No,Multifamily Developer / Operator,,Disabled,0,0,Registered source is disabled until a public feed is confirmed,Disabled / Registered
2026-08-08,20260808-232856-5cc66d69,UDR Source Expansion,Developer / GP Source Expansion,Tier 3,gp_activity;institutional_capital;national_multifamily,No,Multifamily Developer / Operator,,Disabled,0,0,Registered source is disabled until a public feed is confirmed,Disabled / Registered
2026-08-08,20260808-232856-5cc66d69,Equity Residential Source Expansion,Developer / GP Source Expansion,Tier 3,gp_activity;institutional_capital;national_multifamily,No,Multifamily Developer / Operator,,Disabled,0,0,Registered source is disabled until a public feed is confirmed,Disabled / Registered
2026-08-08,20260808-232856-5cc66d69,Essex Property Trust Source Expansion,Developer / GP Source Expansion,Tier 3,gp_activity;institutional_capital;national_multifamily,No,Multifamily Developer / Operator,,Disabled,0,0,Registered source is disabled until a public feed is confirmed,Disabled / Registered
2026-08-08,20260808-232856-5cc66d69,Blackstone Real Estate Source Expansion,Developer / GP Source Expansion,Tier 1,capital_markets;gp_activity;institutional_capital,Yes,Institutional Capital Platform,https://www.blackstone.com/news/rss/,Failed,0,0,RSS parsing issue: status=403; <unknown>:2:1326: not well-formed (invalid token),Failing
2026-08-08,20260808-232856-5cc66d69,Brookfield Real Estate Source Expansion,Developer / GP Source Expansion,Tier 1,capital_markets;gp_activity;institutional_capital,No,Institutional Capital Platform,,Disabled,0,0,Registered source is disabled until a public feed is confirmed,Disabled / Registered
2026-08-08,20260808-232856-5cc66d69,Kennedy Wilson Source Expansion,Developer / GP Source Expansion,Tier 1,capital_markets;gp_activity;institutional_capital,No,Institutional Capital Platform,,Disabled,0,0,Registered source is disabled until a public feed is confirmed,Disabled / Registered
2026-08-08,20260808-232856-5cc66d69,Hines Source Expansion,Developer / GP Source Expansion,Tier 1,capital_markets;gp_activity;institutional_capital,Yes,Institutional Capital Platform,https://www.hines.com/news/feed,Failed,0,0,RSS parsing issue: status=403; <unknown>:2:1326: not well-formed (invalid token),Failing
2026-08-08,20260808-232856-5cc66d69,GID Source Expansion,Developer / GP Source Expansion,Tier 1,capital_markets;gp_activity;institutional_capital,No,Institutional Capital Platform,,Disabled,0,0,Registered source is disabled until a public feed is confirmed,Disabled / Registered
2026-08-08,20260808-232856-5cc66d69,Waterton Source Expansion,Developer / GP Source Expansion,Tier 1,capital_markets;gp_activity;institutional_capital,No,Institutional Capital Platform,,Disabled,0,0,Registered source is disabled until a public feed is confirmed,Disabled / Registered
2026-08-08,20260808-232856-5cc66d69,Carmel Partners Source Expansion,Developer / GP Source Expansion,Tier 1,capital_markets;gp_activity;institutional_capital,No,Institutional Capital Platform,,Disabled,0,0,Registered source is disabled until a public feed is confirmed,Disabled / Registered
2026-08-08,20260808-232856-5cc66d69,CIM Group Source Expansion,Developer / GP Source Expansion,Tier 1,capital_markets;gp_activity;institutional_capital,No,Institutional Capital Platform,,Disabled,0,0,Registered source is disabled until a public feed is confirmed,Disabled / Registered
2026-08-08,20260808-232856-5cc66d69,LivCor Source Expansion,Developer / GP Source Expansion,Tier 1,capital_markets;gp_activity;institutional_capital,No,Institutional Capital Platform,,Disabled,0,0,Registered source is disabled until a public feed is confirmed,Disabled / Registered
2026-08-08,20260808-232856-5cc66d69,BGO Source Expansion,Developer / GP Source Expansion,Tier 1,capital_markets;gp_activity;institutional_capital,No,Institutional Capital Platform,,Disabled,0,0,Registered source is disabled until a public feed is confirmed,Disabled / Registered
2026-08-08,20260808-232856-5cc66d69,Harbor Group International Source Expansion,Developer / GP Source Expansion,Tier 1,capital_markets;gp_activity;institutional_capital,No,Institutional Capital Platform,,Disabled,0,0,Registered source is disabled until a public feed is confirmed,Disabled / Registered
2026-08-08,20260808-232856-5cc66d69,Starwood Capital Source Expansion,Developer / GP Source Expansion,Tier 1,capital_markets;gp_activity;institutional_capital,No,Institutional Capital Platform,,Disabled,0,0,Registered source is disabled until a public feed is confirmed,Disabled / Registered
2026-08-08,20260808-232856-5cc66d69,PGIM Real Estate Source Expansion,Developer / GP Source Expansion,Tier 1,capital_markets;gp_activity;institutional_capital,No,Institutional Capital Platform,,Disabled,0,0,Registered source is disabled until a public feed is confirmed,Disabled / Registered
2026-08-08,20260808-232856-5cc66d69,Nuveen Real Estate Source Expansion,Developer / GP Source Expansion,Tier 1,capital_markets;gp_activity;institutional_capital,No,Institutional Capital Platform,,Disabled,0,0,Registered source is disabled until a public feed is confirmed,Disabled / Registered
2026-08-08,20260808-232856-5cc66d69,KKR Real Estate Source Expansion,Developer / GP Source Expansion,Tier 1,capital_markets;gp_activity;institutional_capital,No,Institutional Capital Platform,,Disabled,0,0,Registered source is disabled until a public feed is confirmed,Disabled / Registered
2026-08-08,20260808-232856-5cc66d69,Carlyle Real Estate Source Expansion,Developer / GP Source Expansion,Tier 1,capital_markets;gp_activity;institutional_capital,No,Institutional Capital Platform,,Disabled,0,0,Registered source is disabled until a public feed is confirmed,Disabled / Registered
2026-08-08,20260808-232856-5cc66d69,Apollo Real Estate Source Expansion,Developer / GP Source Expansion,Tier 1,capital_markets;gp_activity;institutional_capital,No,Institutional Capital Platform,,Disabled,0,0,Registered source is disabled until a public feed is confirmed,Disabled / Registered
2026-08-08,20260808-232856-5cc66d69,Invitation Homes Source Expansion,Developer / GP Source Expansion,Tier 3,gp_activity;institutional_capital,No,BTR / SFR Platform,,Disabled,0,0,Registered source is disabled until a public feed is confirmed,Disabled / Registered
2026-08-08,20260808-232856-5cc66d69,American Homes 4 Rent Source Expansion,Developer / GP Source Expansion,Tier 3,gp_activity;institutional_capital,No,BTR / SFR Platform,,Disabled,0,0,Registered source is disabled until a public feed is confirmed,Disabled / Registered
2026-08-08,20260808-232856-5cc66d69,Progress Residential Source Expansion,Developer / GP Source Expansion,Tier 3,gp_activity;institutional_capital,No,BTR / SFR Platform,,Disabled,0,0,Registered source is disabled until a public feed is confirmed,Disabled / Registered
2026-08-08,20260808-232856-5cc66d69,Tricon Residential Source Expansion,Developer / GP Source Expansion,Tier 3,gp_activity;institutional_capital,No,BTR / SFR Platform,,Disabled,0,0,Registered source is disabled until a public feed is confirmed,Disabled / Registered
2026-08-08,20260808-232856-5cc66d69,Pretium Source Expansion,Developer / GP Source Expansion,Tier 3,gp_activity;institutional_capital,No,BTR / SFR Platform,,Disabled,0,0,Registered source is disabled until a public feed is confirmed,Disabled / Registered
2026-08-08,20260808-232856-5cc66d69,NexMetro Communities Source Expansion,Developer / GP Source Expansion,Tier 3,gp_activity;institutional_capital,No,BTR / SFR Platform,,Disabled,0,0,Registered source is disabled until a public feed is confirmed,Disabled / Registered
2026-08-08,20260808-232856-5cc66d69,Christopher Todd Communities Source Expansion,Developer / GP Source Expansion,Tier 3,gp_activity;institutional_capital,No,BTR / SFR Platform,,Disabled,0,0,Registered source is disabled until a public feed is confirmed,Disabled / Registered
2026-08-08,20260808-232856-5cc66d69,BB Living Source Expansion,Developer / GP Source Expansion,Tier 3,gp_activity;institutional_capital,No,BTR / SFR Platform,,Disabled,0,0,Registered source is disabled until a public feed is confirmed,Disabled / Registered
2026-08-08,20260808-232856-5cc66d69,AHV Communities Source Expansion,Developer / GP Source Expansion,Tier 3,gp_activity;institutional_capital,No,BTR / SFR Platform,,Disabled,0,0,Registered source is disabled until a public feed is confirmed,Disabled / Registered
2026-08-08,20260808-232856-5cc66d69,Quinn Residences Source Expansion,Developer / GP Source Expansion,Tier 3,gp_activity;institutional_capital,No,BTR / SFR Platform,,Disabled,0,0,Registered source is disabled until a public feed is confirmed,Disabled / Registered
2026-08-08,20260808-232856-5cc66d69,Core Spaces Source Expansion,Developer / GP Source Expansion,Tier 3,gp_activity;institutional_capital;national_multifamily,No,Student Housing Platform,,Disabled,0,0,Registered source is disabled until a public feed is confirmed,Disabled / Registered
2026-08-08,20260808-232856-5cc66d69,Landmark Properties Source Expansion,Developer / GP Source Expansion,Tier 3,gp_activity;institutional_capital;national_multifamily,No,Student Housing Platform,,Disabled,0,0,Registered source is disabled until a public feed is confirmed,Disabled / Registered
2026-08-08,20260808-232856-5cc66d69,The Dinerstein Companies Source Expansion,Developer / GP Source Expansion,Tier 3,gp_activity;institutional_capital;national_multifamily,No,Student Housing Platform,,Disabled,0,0,Registered source is disabled until a public feed is confirmed,Disabled / Registered
2026-08-08,20260808-232856-5cc66d69,LV Collective Source Expansion,Developer / GP Source Expansion,Tier 3,gp_activity;institutional_capital;national_multifamily,No,Student Housing Platform,,Disabled,0,0,Registered source is disabled until a public feed is confirmed,Disabled / Registered
2026-08-08,20260808-232856-5cc66d69,CA Ventures Source Expansion,Developer / GP Source Expansion,Tier 3,gp_activity;institutional_capital;national_multifamily,No,Student Housing Platform,,Disabled,0,0,Registered source is disabled until a public feed is confirmed,Disabled / Registered
2026-08-08,20260808-232856-5cc66d69,Gilbane Development Source Expansion,Developer / GP Source Expansion,Tier 3,gp_activity;institutional_capital;national_multifamily,No,Student Housing Platform,,Disabled,0,0,Registered source is disabled until a public feed is confirmed,Disabled / Registered
2026-08-08,20260808-232856-5cc66d69,Harrison Street Source Expansion,Developer / GP Source Expansion,Tier 3,gp_activity;institutional_capital;national_multifamily,No,Student Housing Platform,,Disabled,0,0,Registered source is disabled until a public feed is confirmed,Disabled / Registered
2026-08-08,20260808-232856-5cc66d69,Scion Group Source Expansion,Developer / GP Source Expansion,Tier 3,gp_activity;institutional_capital;national_multifamily,No,Student Housing Platform,,Disabled,0,0,Registered source is disabled until a public feed is confirmed,Disabled / Registered
2026-08-08,20260808-232856-5cc66d69,American Campus Communities Source Expansion,Developer / GP Source Expansion,Tier 3,gp_activity;institutional_capital;national_multifamily,No,Student Housing Platform,,Disabled,0,0,Registered source is disabled until a public feed is confirmed,Disabled / Registered
2026-08-08,20260808-232856-5cc66d69,Welltower Source Expansion,Developer / GP Source Expansion,Tier 3,gp_activity;institutional_capital;national_multifamily,No,Senior Housing Platform,,Disabled,0,0,Registered source is disabled until a public feed is confirmed,Disabled / Registered
2026-08-08,20260808-232856-5cc66d69,Ventas Source Expansion,Developer / GP Source Expansion,Tier 3,gp_activity;institutional_capital;national_multifamily,No,Senior Housing Platform,,Disabled,0,0,Registered source is disabled until a public feed is confirmed,Disabled / Registered
2026-08-08,20260808-232856-5cc66d69,Brookdale Source Expansion,Developer / GP Source Expansion,Tier 3,gp_activity;institutional_capital;national_multifamily,No,Senior Housing Platform,,Disabled,0,0,Registered source is disabled until a public feed is confirmed,Disabled / Registered
2026-08-08,20260808-232856-5cc66d69,Atria Senior Living Source Expansion,Developer / GP Source Expansion,Tier 3,gp_activity;institutional_capital;national_multifamily,No,Senior Housing Platform,,Disabled,0,0,Registered source is disabled until a public feed is confirmed,Disabled / Registered
2026-08-08,20260808-232856-5cc66d69,Sunrise Senior Living Source Expansion,Developer / GP Source Expansion,Tier 3,gp_activity;institutional_capital;national_multifamily,No,Senior Housing Platform,,Disabled,0,0,Registered source is disabled until a public feed is confirmed,Disabled / Registered
2026-08-08,20260808-232856-5cc66d69,Erickson Senior Living Source Expansion,Developer / GP Source Expansion,Tier 3,gp_activity;institutional_capital;national_multifamily,No,Senior Housing Platform,,Disabled,0,0,Registered source is disabled until a public feed is confirmed,Disabled / Registered
2026-08-08,20260808-232856-5cc66d69,Discovery Senior Living Source Expansion,Developer / GP Source Expansion,Tier 3,gp_activity;institutional_capital;national_multifamily,No,Senior Housing Platform,,Disabled,0,0,Registered source is disabled until a public feed is confirmed,Disabled / Registered
2026-08-08,20260808-232856-5cc66d69,Bridge Investment Group Source Expansion,Developer / GP Source Expansion,Tier 3,gp_activity;institutional_capital;national_multifamily,No,Senior Housing Platform,,Disabled,0,0,Registered source is disabled until a public feed is confirmed,Disabled / Registered
2026-08-08,20260808-232856-5cc66d69,Avenue Development Source Expansion,Developer / GP Source Expansion,Tier 3,gp_activity;institutional_capital;national_multifamily,No,Senior Housing Platform,,Disabled,0,0,Registered source is disabled until a public feed is confirmed,Disabled / Registered
2026-08-08,20260808-232856-5cc66d69,Sparrow Partners Source Expansion,Developer / GP Source Expansion,Tier 3,gp_activity;institutional_capital;national_multifamily,No,Senior Housing Platform,,Disabled,0,0,Registered source is disabled until a public feed is confirmed,Disabled / Registered
2026-08-08,20260808-232856-5cc66d69,Greystone Source Expansion,Developer / GP Source Expansion,Tier 1,capital_markets;gp_activity;institutional_capital,No,Lender / Debt Platform,,Disabled,0,0,Registered source is disabled until a public feed is confirmed,Disabled / Registered
2026-08-08,20260808-232856-5cc66d69,Berkadia Source Expansion,Developer / GP Source Expansion,Tier 1,capital_markets;gp_activity;institutional_capital,Yes,Lender / Debt Platform,https://berkadia.com/feed/,Failed,0,0,RSS parsing issue: status=301; <unknown>:7:75: not well-formed (invalid token),Failing
2026-08-08,20260808-232856-5cc66d69,Walker & Dunlop Source Expansion,Developer / GP Source Expansion,Tier 1,capital_markets;gp_activity;institutional_capital,Yes,Lender / Debt Platform,https://www.walkerdunlop.com/insights/feed/,Failed,0,0,RSS parsing issue: status=301; <unknown>:2:2016: not well-formed (invalid token),Failing
2026-08-08,20260808-232856-5cc66d69,CBRE Capital Markets Source Expansion,Developer / GP Source Expansion,Tier 1,capital_markets;gp_activity;institutional_capital,No,Brokerage / Advisor,,Disabled,0,0,Registered source is disabled until a public feed is confirmed,Disabled / Registered
2026-08-08,20260808-232856-5cc66d69,JLL Capital Markets Source Expansion,Developer / GP Source Expansion,Tier 1,capital_markets;gp_activity;institutional_capital,No,Brokerage / Advisor,,Disabled,0,0,Registered source is disabled until a public feed is confirmed,Disabled / Registered
2026-08-08,20260808-232856-5cc66d69,Cushman & Wakefield Source Expansion,Developer / GP Source Expansion,Tier 1,gp_activity;institutional_capital,No,Brokerage / Advisor,,Disabled,0,0,Registered source is disabled until a public feed is confirmed,Disabled / Registered
2026-08-08,20260808-232856-5cc66d69,Newmark Source Expansion,Developer / GP Source Expansion,Tier 1,gp_activity;institutional_capital,No,Brokerage / Advisor,,Disabled,0,0,Registered source is disabled until a public feed is confirmed,Disabled / Registered
2026-08-08,20260808-232856-5cc66d69,Eastdil Secured Source Expansion,Developer / GP Source Expansion,Tier 1,gp_activity;institutional_capital,No,Brokerage / Advisor,,Disabled,0,0,Registered source is disabled until a public feed is confirmed,Disabled / Registered
2026-08-08,20260808-232856-5cc66d69,Northmarq Source Expansion,Developer / GP Source Expansion,Tier 1,capital_markets;gp_activity;institutional_capital,No,Lender / Debt Platform,,Disabled,0,0,Registered source is disabled until a public feed is confirmed,Disabled / Registered
2026-08-08,20260808-232856-5cc66d69,Marcus & Millichap Capital Corporation Source Expansion,Developer / GP Source Expansion,Tier 1,capital_markets;gp_activity;institutional_capital,No,Lender / Debt Platform,,Disabled,0,0,Registered source is disabled until a public feed is confirmed,Disabled / Registered
2026-08-08,20260808-232856-5cc66d69,Freddie Mac Multifamily Source Expansion,Developer / GP Source Expansion,Tier 1,capital_markets;gp_activity;institutional_capital;national_multifamily,No,Lender / Debt Platform,,Disabled,0,0,Registered source is disabled until a public feed is confirmed,Disabled / Registered
2026-08-08,20260808-232856-5cc66d69,Fannie Mae Multifamily Source Expansion,Developer / GP Source Expansion,Tier 1,capital_markets;gp_activity;institutional_capital;national_multifamily,No,Lender / Debt Platform,,Disabled,0,0,Registered source is disabled until a public feed is confirmed,Disabled / Registered
2026-08-08,20260808-232856-5cc66d69,Connect CRE California,Regional / California / LA Sources,Tier 2,development_pipeline;entitlement;la_california,Yes,Other,https://www.connectcre.com/feed?story-market=california,OK,10,1,,Useful
2026-08-08,20260808-232856-5cc66d69,Commercial Property Executive,Core Multifamily News,Tier 1,capital_markets;development_pipeline;national_multifamily,Yes,Other,https://www.commercialsearch.com/news/feed/,Failed,0,0,RSS parsing issue: status=403; <unknown>:2:1326: not well-formed (invalid token),Failing
2026-08-08,20260808-232856-5cc66d69,WealthManagement Real Estate,Institutional Real Estate / Capital Markets,Tier 3,institutional_capital;capital_markets,Yes,Other,https://www.wealthmanagement.com/rss.xml,OK,50,0,,Watch
2026-08-08,20260808-232856-5cc66d69,Freddie Mac Multifamily Research,Institutional Real Estate / Capital Markets,Tier 1,capital_markets;lease_up_supply;national_multifamily,No,Other,,Disabled,0,0,Registered source is disabled until a public feed is confirmed,Disabled / Registered
2026-08-08,20260808-232856-5cc66d69,Fannie Mae Multifamily Research,Institutional Real Estate / Capital Markets,Tier 1,capital_markets;lease_up_supply;national_multifamily,No,Other,,Disabled,0,0,Registered source is disabled until a public feed is confirmed,Disabled / Registered
2026-08-08,20260808-232856-5cc66d69,CBRE Research Public Insights,Brokerage / Debt / Research,Tier 1,capital_markets;institutional_capital;national_multifamily,No,Other,,Disabled,0,0,Registered source is disabled until a public feed is confirmed,Disabled / Registered
2026-08-08,20260808-232856-5cc66d69,JLL Research Public Insights,Brokerage / Debt / Research,Tier 1,capital_markets;institutional_capital;development_pipeline,No,Other,,Disabled,0,0,Registered source is disabled until a public feed is confirmed,Disabled / Registered
2026-08-08,20260808-232856-5cc66d69,Cushman & Wakefield Research Public Insights,Brokerage / Debt / Research,Tier 1,capital_markets;lease_up_supply;national_multifamily,No,Other,,Disabled,0,0,Registered source is disabled until a public feed is confirmed,Disabled / Registered
2026-08-08,20260808-232856-5cc66d69,Marcus & Millichap Research Public Insights,Brokerage / Debt / Research,Tier 1,capital_markets;lease_up_supply;national_multifamily,No,Other,,Disabled,0,0,Registered source is disabled until a public feed is confirmed,Disabled / Registered
2026-08-08,20260808-232856-5cc66d69,LA City Planning Public Notices,Regional / California / LA Sources,Tier 2,entitlement;development_pipeline;la_california,No,Other,,Disabled,0,0,Registered source is disabled until a public feed is confirmed,Disabled / Registered
2026-08-08,20260808-232856-5cc66d69,Mortgage Professional America Commercial,Institutional Real Estate / Capital Markets,Tier 3,capital_markets;financing;institutional_capital,No,Other,,Disabled,0,0,Registered source is disabled until a public feed is confirmed,Disabled / Registered
