run_date,run_id,la_persistent_watch_id,canonical_project_id,canonical_project_name,la_submarket,address_or_location_clue,gp_or_developer,residential_sector,latest_lifecycle_stage,progression_status,stall_risk_label,entitlement_signal_count,timing_signal_count,financing_signal_count,opportunity_score,risk_score,woomi_site_strategy_relevance,potential_woomi_strategy_angle,recommended_local_follow_up,confidence_level
2026-07-31,20260731-000252-c95dc796,LAP-20260731-001,PRJ-20260731-0085,Development Start - Los Angeles / California - Draft EIR released for Metro-adjacent high-rise at 5350 Wilshire Blvd.,Los Angeles,Los Angeles,CBRE,Apartment,Distressed / Stalled,Newly Detected,Medium Stall Risk,0,0,0,100,50,High relevance to LA site strategy,Track repeat project updates,"Create or refresh a project watch file with sponsor, site, entitlement, financing, and timing notes",High
2026-07-31,20260731-000252-c95dc796,LAP-20260731-025,PRJ-20260731-0022,Development Start - Los Angeles / California - Draft EIR released for Metro-adjacent high-rise at 5350 Wilshire Blvd.,Los Angeles,5350 Wilshire Blvd,CBRE,Affordable Housing,Unknown Stage,Newly Detected,Low Stall Risk,0,0,0,100,26,Relevant to California site monitoring,Track repeat project updates,Monitor for repeated project updates,Medium
2026-07-31,20260731-000252-c95dc796,LAP-20260731-003,PRJ-20260731-0089,Acquisition - Los Angeles / California - Marcus & Millichap Brokers $12.5M Sale of Affordable Seniors Housing Property in Southern...,Los Angeles,Los Angeles,Marcus & Millichap,Affordable Housing,Unknown Stage,Newly Detected,Low Stall Risk,0,0,0,99,26,High relevance to LA site strategy,Track repeat project updates,"Create or refresh a project watch file with sponsor, site, entitlement, financing, and timing notes",High
2026-07-31,20260731-000252-c95dc796,LAP-20260731-002,PRJ-20260731-0119,Refinancing - New York - Greystone Provides $16M Agency Loan for Refinancing of Long Island Multifamily Property,Los Angeles,New York,Greystone,Multifamily,Refinancing / Recapitalization,Newly Detected,Low Stall Risk,0,0,11,97,40,High relevance to LA site strategy,Track repeat project updates,"Create or refresh a project watch file with sponsor, site, entitlement, financing, and timing notes",High
2026-07-31,20260731-000252-c95dc796,LAP-20260731-006,PRJ-20260731-0173,General Project Signal - Southeast - Checking in on Alexan West End at 600 Broadway in Long Beach,Long Beach,Southeast,Trammell Crow Residential,Apartment,Unknown Stage,Unknown,Low Stall Risk,0,0,0,96,31,High relevance to LA site strategy,Track repeat project updates,"Create or refresh a project watch file with sponsor, site, entitlement, financing, and timing notes",High
2026-07-31,20260731-000252-c95dc796,LAP-20260731-034,PRJ-20260731-0018,Entitlement / Permitting - Los Angeles / California - Affordable housing takes shape at 4706 Centinela Ave. in Del Rey,Los Angeles,4706 Centinela Ave,Unknown,Affordable Housing,Unknown Stage,Newly Detected,Low Stall Risk,1,0,0,94,34,General LA / California monitoring,Monitor only,Monitor for repeated project updates,Low
2026-07-31,20260731-000252-c95dc796,LAP-20260731-035,PRJ-20260731-0034,Entitlement / Permitting - Los Angeles / California - Developer pivots to affordable housing at 7715 Crenshaw Blvd. in Hyde Park,Los Angeles,7715 Crenshaw Blvd,Unknown,Affordable Housing,Unknown Stage,Newly Detected,Low Stall Risk,1,0,0,94,34,General LA / California monitoring,Monitor only,Monitor for repeated project updates,Low
2026-07-31,20260731-000252-c95dc796,LAP-20260731-036,PRJ-20260731-0013,Entitlement / Permitting - Los Angeles / California - Mixed-use building slated for 20160 Roscoe Blvd. in Winnetka,Los Angeles,20160 Roscoe Blvd,Unknown,Affordable Housing,Unknown Stage,Newly Detected,Low Stall Risk,1,0,0,94,34,General LA / California monitoring,Monitor only,Monitor for repeated project updates,Low
2026-07-31,20260731-000252-c95dc796,LAP-20260731-037,PRJ-20260731-0008,Entitlement / Permitting - Santa Monica / California - 102 apartments break ground at 1717 S. Beloit Ave. in Sawtelle,Santa Monica,1717 S. Beloit Ave,Unknown,Affordable Housing,Unknown Stage,Newly Detected,Low Stall Risk,1,0,0,94,34,General LA / California monitoring,Monitor only,Monitor for repeated project updates,Low
2026-07-31,20260731-000252-c95dc796,LAP-20260731-004,PRJ-20260731-0059,Disposition / Exit - California - NY Investor Snags First Folsom Apartments on Market in Four Years,California,California,CBRE,Apartment,Unknown Stage,Unknown,Low Stall Risk,0,0,0,93,32,High relevance to LA site strategy,Track repeat project updates,"Create or refresh a project watch file with sponsor, site, entitlement, financing, and timing notes",High
2026-07-31,20260731-000252-c95dc796,LAP-20260731-005,PRJ-20260731-0060,Disposition / Exit - California - Costa Mesa Multifamily Changes Hands for Value-Add Repositioning,California,California,Marcus & Millichap,Apartment,Unknown Stage,Unknown,Low Stall Risk,0,0,0,93,31,High relevance to LA site strategy,Track repeat project updates,"Create or refresh a project watch file with sponsor, site, entitlement, financing, and timing notes",High
2026-07-31,20260731-000252-c95dc796,LAP-20260731-007,PRJ-20260731-0047,Acquisition - Atlanta / Georgia - Walton Communities Offloads Two Atlanta Rental Properties,Los Angeles,Atlanta,JLL,Affordable Housing,Unknown Stage,Unknown,Low Stall Risk,0,0,0,92,31,High relevance to LA site strategy,Track repeat project updates,"Create or refresh a project watch file with sponsor, site, entitlement, financing, and timing notes",High
2026-07-31,20260731-000252-c95dc796,LAP-20260731-008,PRJ-20260731-0058,Acquisition - San Francisco / California - Sares Regis Sells 195-Unit Celeste Apartments in South San Francisco,California,California,Berkadia,Apartment,Unknown Stage,Newly Detected,Low Stall Risk,0,0,0,91,26,High relevance to LA site strategy,Track repeat project updates,"Create or refresh a project watch file with sponsor, site, entitlement, financing, and timing notes",High
2026-07-31,20260731-000252-c95dc796,LAP-20260731-045,PRJ-20260731-0029,"General Project Signal - Other / Unknown - Construction Underway For 6501 Shattuck Avenue, North Oakland",Los Angeles,6501 Shattuck Avenue,Unknown,Mixed-Use Residential,Unknown Stage,Newly Detected,Unknown,0,1,0,88,23,General LA / California monitoring,Monitor only,Monitor for repeated project updates,Low
2026-07-31,20260731-000252-c95dc796,LAP-20260731-026,PRJ-20260731-0037,CBRE Completes Receivership Sale of Santa Monica Apartments,Los Angeles,901 Ocean Ave,CBRE,Apartment,Unknown Stage,Newly Detected,Low Stall Risk,0,0,0,87,26,Relevant to California site monitoring,Track repeat project updates,Monitor for repeated project updates,Medium
2026-07-31,20260731-000252-c95dc796,LAP-20260731-027,PRJ-20260731-0016,Sares Regis Sells 195-Unit Celeste Apartments in South San Francisco,California,401 Cypress Ave,Berkadia,Apartment,Unknown Stage,Newly Detected,Low Stall Risk,0,0,0,86,26,Relevant to California site monitoring,Track repeat project updates,Monitor for repeated project updates,Medium
2026-07-31,20260731-000252-c95dc796,LAP-20260731-047,PRJ-20260731-0007,102 apartments break ground at 1717 S. Beloit Ave. in Sawtelle,Los Angeles,1717 S. Beloit Ave,Unknown,Affordable Housing,Unknown Stage,Newly Detected,Low Stall Risk,0,0,0,85,26,General LA / California monitoring,Monitor only,Monitor for repeated project updates,Low
2026-07-31,20260731-000252-c95dc796,LAP-20260731-048,PRJ-20260731-0035,Developer pivots to affordable housing at 7715 Crenshaw Blvd. in Hyde Park,Los Angeles,7715 Crenshaw Blvd,Unknown,Affordable Housing,Unknown Stage,Newly Detected,Unknown,0,0,0,85,18,General LA / California monitoring,Monitor only,Monitor for repeated project updates,Low
2026-07-31,20260731-000252-c95dc796,LAP-20260731-009,PRJ-20260731-0171,Construction Financing - Miami / Florida - Affiliated Closes Financing on Mixed-Income Fort Lauderdale Apartment Project,Los Angeles,South Florida,Unknown,Affordable Housing,Delivery / Opening,Mature / Operating,Medium Stall Risk,18,18,9,84,55,High relevance to LA site strategy,Track repeat project updates,"Create or refresh a project watch file with sponsor, site, entitlement, financing, and timing notes",High
2026-07-31,20260731-000252-c95dc796,LAP-20260731-010,PRJ-20260731-0050,Construction Financing - Atlanta / Georgia - Developer Duo Obtains Construction Financing for $147M Atlanta Student Housing Project,Los Angeles,Atlanta,Unknown,Affordable Housing,Unknown Stage,Unknown,Medium Stall Risk,0,15,0,84,51,High relevance to LA site strategy,Track repeat project updates,"Create or refresh a project watch file with sponsor, site, entitlement, financing, and timing notes",High
2026-07-31,20260731-000252-c95dc796,LAP-20260731-019,PRJ-20260731-0068,General Project Signal - Dallas / Texas - Wolverine Mixed-Use Project Advancing in Arlington,Los Angeles,Dallas,Unknown,Mixed-Use Residential,Unknown Stage,Unknown,Low Stall Risk,0,0,0,75,32,Relevant to California site monitoring,Track repeat project updates,Monitor for repeated project updates,High
2026-07-31,20260731-000252-c95dc796,LAP-20260731-053,PRJ-20260731-0019,Affordable housing takes shape at 4706 Centinela Ave. in Del Rey,Los Angeles,4706 Centinela Ave,Unknown,Affordable Housing,Unknown Stage,Newly Detected,Unknown,0,0,0,75,18,General LA / California monitoring,Monitor only,Monitor for repeated project updates,Low
2026-07-31,20260731-000252-c95dc796,LAP-20260731-054,PRJ-20260731-0023,Draft EIR released for Metro-adjacent high-rise at 5350 Wilshire Blvd.,Los Angeles,5350 Wilshire Blvd,Unknown,Affordable Housing,Unknown Stage,Newly Detected,Unknown,0,0,0,75,18,General LA / California monitoring,Monitor only,Monitor for repeated project updates,Low
2026-07-31,20260731-000252-c95dc796,LAP-20260731-055,PRJ-20260731-0014,Mixed-use building slated for 20160 Roscoe Blvd. in Winnetka,Los Angeles,20160 Roscoe Blvd,Unknown,Affordable Housing,Unknown Stage,Newly Detected,Unknown,0,0,0,75,18,General LA / California monitoring,Monitor only,Monitor for repeated project updates,Low
2026-07-31,20260731-000252-c95dc796,LAP-20260731-020,PRJ-20260731-0072,Acquisition - Dallas / Texas - Newmark Arranges Sale of 452-Unit Apartment Community in East Fort Worth,Los Angeles,Fort Worth,Unknown,Apartment,Unknown Stage,Newly Detected,Low Stall Risk,0,0,0,71,31,Relevant to California site monitoring,Track repeat project updates,Monitor for repeated project updates,Medium
2026-07-31,20260731-000252-c95dc796,LAP-20260731-051,PRJ-20260731-0027,"Office-to-Residential Conversion - San Francisco / California - Office-to-Housing Conversion For 575 Sutter Street, San Francisco",California,575 Sutter Street,Unknown,Office-to-Residential Conversion,Unknown Stage,Newly Detected,Low Stall Risk,0,0,0,70,35,General LA / California monitoring,Monitor only,Monitor for repeated project updates,Low
2026-07-31,20260731-000252-c95dc796,LAP-20260731-052,PRJ-20260731-0011,Costa Mesa Multifamily Changes Hands for Value-Add Repositioning,California,1990 Maple Ave,Unknown,Apartment,Unknown Stage,Newly Detected,Low Stall Risk,0,0,0,70,29,General LA / California monitoring,Monitor only,Monitor for repeated project updates,Low
2026-07-31,20260731-000252-c95dc796,LAP-20260731-029,PRJ-20260731-0028,"Construction Underway For 6501 Shattuck Avenue, North Oakland",Los Angeles,6501 Shattuck Avenue,Unknown,Mixed-Use Residential,Unknown Stage,Newly Detected,Unknown,0,3,0,70,15,Relevant to California site monitoring,Track repeat project updates,Monitor for repeated project updates,Medium
2026-07-31,20260731-000252-c95dc796,LAP-20260731-024,PRJ-20260731-0088,Acquisition - Atlanta / Georgia - Walton Communities Offloads Two Atlanta Rental Properties,Los Angeles,Los Angeles,JLL,Apartment,Unknown Stage,Newly Detected,Low Stall Risk,0,0,0,67,26,Relevant to California site monitoring,Track repeat project updates,Monitor for repeated project updates,Medium
2026-07-31,20260731-000252-c95dc796,LAP-20260731-021,PRJ-20260731-0185,Disposition / Exit - Riverside / California - Elme reaches deal to sell last property for $250M,Los Angeles,Virginia,Unknown,Apartment,Unknown Stage,Unknown,Low Stall Risk,0,0,0,66,32,Relevant to California site monitoring,Track repeat project updates,Monitor for repeated project updates,Medium
2026-07-31,20260731-000252-c95dc796,LAP-20260731-011,PRJ-20260731-0046,Development Start - Atlanta / Georgia - Financing Secured for Centennial Yards Mixed-Use Project,Los Angeles,Atlanta,CIM Group,Mixed-Use Residential,Construction Ready,Persistent Same Stage,Low Stall Risk,0,0,0,65,35,High relevance to LA site strategy,Track repeat project updates,"Create or refresh a project watch file with sponsor, site, entitlement, financing, and timing notes",High
2026-07-31,20260731-000252-c95dc796,LAP-20260731-023,PRJ-20260731-0084,General Project Signal - Los Angeles / California - Flying over Harbor-UCLA Medical Center's $1.8B expansion,Los Angeles,Los Angeles / California,Unknown,Student Housing,Unknown Stage,Unknown,Low Stall Risk,0,0,0,64,32,Relevant to California site monitoring,Track repeat project updates,Monitor for repeated project updates,Medium
2026-07-31,20260731-000252-c95dc796,LAP-20260731-060,PRJ-20260731-0026,"Office-to-Housing Conversion For 575 Sutter Street, San Francisco",California,575 Sutter Street,Unknown,Office-to-Residential Conversion,Unknown Stage,Newly Detected,Low Stall Risk,0,0,0,60,27,General LA / California monitoring,Monitor only,Monitor for repeated project updates,Low
2026-07-31,20260731-000252-c95dc796,LAP-20260731-015,PRJ-20260731-0070,Acquisition - Dallas / Texas - Newmark Arranges Sale of 452-Unit Apartment Community in East Fort Worth,Los Angeles,Fort Worth,Unknown,Apartment,Site Acquisition / Site Control,Newly Detected,Low Stall Risk,0,0,0,50,31,Relevant to California site monitoring,Track repeat project updates,Monitor for repeated project updates,Medium
2026-07-31,20260731-000252-c95dc796,LAP-20260731-012,PRJ-20260731-0092,Entitlement / Permitting - Los Angeles / California - Developer pivots to affordable housing at 7715 Crenshaw Blvd. in Hyde Park,Los Angeles,Los Angeles,Unknown,Affordable Housing,Site Acquisition / Site Control,Persistent Same Stage,Low Stall Risk,15,0,0,49,36,High relevance to LA site strategy,Track repeat project updates,"Create or refresh a project watch file with sponsor, site, entitlement, financing, and timing notes",High
2026-07-31,20260731-000252-c95dc796,LAP-20260731-018,PRJ-20260731-0091,Entitlement / Permitting - Los Angeles / California - Developer pivots to affordable housing at 7715 Crenshaw Blvd. in Hyde Park,Los Angeles,Los Angeles,Unknown,Affordable Housing,Unknown Stage,Unknown,Low Stall Risk,6,0,0,47,32,Relevant to California site monitoring,Track repeat project updates,Monitor for repeated project updates,Medium
2026-07-31,20260731-000252-c95dc796,LAP-20260731-013,PRJ-20260731-0057,Acquisition - California - Bascom Acquires Buena Park Apartments as Value-Add Deal,California,California,Bascom Group,Apartment,Unknown Stage,Unknown,Low Stall Risk,0,0,0,47,29,Relevant to California site monitoring,Track repeat project updates,Monitor for repeated project updates,Medium
2026-07-31,20260731-000252-c95dc796,LAP-20260731-016,PRJ-20260731-0093,West Palm Beach Eyeing Waterfront Rezoning Moratorium,Los Angeles,Los Angeles,Unknown,Apartment,Entitlement Under Review,Persistent Same Stage,Low Stall Risk,1,0,0,46,37,Relevant to California site monitoring,Track repeat project updates,Track entitlement path and local approval milestones,Medium
2026-07-31,20260731-000252-c95dc796,LAP-20260731-046,PRJ-20260731-0160,"Office-to-Residential Conversion - San Francisco / California - Office-to-Housing Conversion For 575 Sutter Street, San Francisco",California,San Francisco,Unknown,Office-to-Residential Conversion,Unknown Stage,Unknown,Low Stall Risk,0,0,0,46,32,General LA / California monitoring,Track repeat project updates,Monitor for repeated project updates,Low
2026-07-31,20260731-000252-c95dc796,LAP-20260731-044,PRJ-20260731-0163,CBRE Completes Receivership Sale of Santa Monica Apartments,Los Angeles,Santa Monica,CBRE,Apartment,Distressed / Stalled,Newly Detected,Low Stall Risk,0,0,0,45,41,General LA / California monitoring,Track repeat project updates,Monitor for repeated project updates,Medium
2026-07-31,20260731-000252-c95dc796,LAP-20260731-014,PRJ-20260731-0048,Construction Financing - Atlanta / Georgia - Developer Duo Obtains Construction Financing for $147M Atlanta Student Housing Project,Los Angeles,Atlanta,Unknown,Affordable Housing,Site Acquisition / Site Control,Persistent Same Stage,Low Stall Risk,0,7,0,45,36,Relevant to California site monitoring,Track repeat project updates,Monitor for repeated project updates,Medium
2026-07-31,20260731-000252-c95dc796,LAP-20260731-030,PRJ-20260731-0152,JV / Partnership - Riverside / California - C&C Development Opens Affordable Housing in Irvine,California,Riverside,Unknown,Affordable Housing,Unknown Stage,Unknown,Low Stall Risk,0,0,0,44,30,Relevant to California site monitoring,Track repeat project updates,Monitor for repeated project updates,Medium
2026-07-31,20260731-000252-c95dc796,LAP-20260731-031,PRJ-20260731-0095,102 apartments break ground at 1717 S. Beloit Ave. in Sawtelle,Los Angeles,Los Angeles,Unknown,Affordable Housing,Entitlement Under Review,Newly Detected,No Clear Stall Risk,1,0,0,43,13,Relevant to California site monitoring,Track repeat project updates,Track entitlement path and local approval milestones,Medium
2026-07-31,20260731-000252-c95dc796,LAP-20260731-056,PRJ-20260731-0166,Entitlement / Permitting - Santa Monica / California - 102 apartments break ground at 1717 S. Beloit Ave. in Sawtelle,Santa Monica,Santa Monica,Unknown,Affordable Housing,Unknown Stage,Newly Detected,Unknown,2,0,0,42,14,General LA / California monitoring,Track repeat project updates,Monitor for repeated project updates,Low
2026-07-31,20260731-000252-c95dc796,LAP-20260731-049,PRJ-20260731-0062,Costa Mesa Multifamily Changes Hands for Value-Add Repositioning,California,Costa Mesa,Unknown,Apartment,Unknown Stage,Unknown,Low Stall Risk,0,0,0,40,31,General LA / California monitoring,Track repeat project updates,Monitor for repeated project updates,Low
2026-07-31,20260731-000252-c95dc796,LAP-20260731-022,PRJ-20260731-0157,"Office-to-Residential Conversion - San Francisco / California - Office-to-Housing Conversion For 575 Sutter Street, San Francisco",California,San Francisco / California,Unknown,Office-to-Residential Conversion,Unknown Stage,Unknown,Low Stall Risk,0,0,0,38,31,Relevant to California site monitoring,Track repeat project updates,Monitor for repeated project updates,Medium
2026-07-31,20260731-000252-c95dc796,LAP-20260731-050,PRJ-20260731-0074,C&C Development Opens Affordable Housing in Irvine,California,Irvine,Unknown,Affordable Housing,Site Acquisition / Site Control,Persistent Same Stage,Low Stall Risk,0,0,0,37,36,General LA / California monitoring,Track repeat project updates,Monitor for repeated project updates,Low
2026-07-31,20260731-000252-c95dc796,LAP-20260731-017,PRJ-20260731-0155,Acquisition - San Francisco / California - Sares Regis Sells 195-Unit Celeste Apartments in South San Francisco,California,San Francisco / California,Berkadia,Apartment,Unknown Stage,Newly Detected,Unknown,0,0,0,36,13,Relevant to California site monitoring,Track repeat project updates,Monitor for repeated project updates,Medium
2026-07-31,20260731-000252-c95dc796,LAP-20260731-028,PRJ-20260731-0090,Ryan Cos. Secures Permit For Austin's Sixth Street Redevelopment,Los Angeles,Los Angeles,Unknown,Mixed-Use Residential,Unknown Stage,Newly Detected,Unknown,4,0,0,32,11,Relevant to California site monitoring,Track repeat project updates,Monitor for repeated project updates,Medium
2026-07-31,20260731-000252-c95dc796,LAP-20260731-091,PRJ-20260731-0010,C&C Development Opens Affordable Housing in Irvine,California,17861 Cartwright Rd,Unknown,Affordable Housing,Unknown Stage,Newly Detected,Unknown,0,0,0,18,0,General LA / California monitoring,Monitor only,Monitor for repeated project updates,Low
2026-07-31,20260731-000252-c95dc796,LAP-20260731-092,PRJ-20260731-0004,Lion Real Estate Picks Up Atlanta Apartments for $51M,Los Angeles,1470 Sheridan Rd,Unknown,Apartment,Unknown Stage,Newly Detected,Unknown,0,0,0,9,0,General LA / California monitoring,Monitor only,Monitor for repeated project updates,Low
2026-07-31,20260731-000252-c95dc796,LAP-20260731-068,PRJ-20260731-0161,102 apartments break ground at 1717 S. Beloit Ave. in Sawtelle,Santa Monica,Santa Monica / California,Entitlement / Permitting - Santa Monica / California - 102 apartments break ground at 1717 S. Beloit Ave. in Sawtelle,General Residential,Unknown Stage,Newly Detected,Unknown,0,0,0,0,0,General LA / California monitoring,Track repeat project updates,Monitor for repeated project updates,Low
2026-07-31,20260731-000252-c95dc796,LAP-20260731-069,PRJ-20260731-0006,102 apartments break ground at 1717 S. Beloit Ave. in Sawtelle,Los Angeles,1717 S. Beloit Ave,Unknown,Affordable Housing,Unknown Stage,Newly Detected,Unknown,0,0,0,0,0,General LA / California monitoring,Track repeat project updates,Monitor for repeated project updates,Low
2026-07-31,20260731-000252-c95dc796,LAP-20260731-038,PRJ-20260731-0042,Acquisition - Atlanta / Georgia - Walton Communities Offloads Two Atlanta Rental Properties,Los Angeles,Atlanta / Georgia,JLL,Affordable Housing,Unknown Stage,Newly Detected,Unknown,0,0,0,0,0,General LA / California monitoring,Track repeat project updates,Monitor for repeated project updates,Medium
2026-07-31,20260731-000252-c95dc796,LAP-20260731-061,PRJ-20260731-0065,Acquisition - Dallas / Texas - Newmark Arranges Sale of 452-Unit Apartment Community in East Fort Worth,Los Angeles,Dallas / Texas,Unknown,Mixed-Use Residential,Unknown Stage,Newly Detected,Unknown,0,0,0,0,0,General LA / California monitoring,Track repeat project updates,Monitor for repeated project updates,Low
2026-07-31,20260731-000252-c95dc796,LAP-20260731-039,PRJ-20260731-0081,Acquisition - Los Angeles / California - Marcus & Millichap Brokers $12.5M Sale of Affordable Seniors Housing Property in Southern...,Los Angeles,Los Angeles / California,Marcus & Millichap,Affordable Housing,Unknown Stage,Newly Detected,Unknown,0,0,0,0,0,General LA / California monitoring,Track repeat project updates,Monitor for repeated project updates,Medium
2026-07-31,20260731-000252-c95dc796,LAP-20260731-070,PRJ-20260731-0100,Affiliated Closes Financing on Mixed-Income Fort Lauderdale Apartment Project,Los Angeles,Miami / Florida,Construction Financing - Miami / Florida - Affiliated Closes Financing on Mixed-Income Fort Lauderdale Apartment Project,General Residential,Unknown Stage,Newly Detected,Unknown,0,0,0,0,0,General LA / California monitoring,Track repeat project updates,Monitor for repeated project updates,Low
2026-07-31,20260731-000252-c95dc796,LAP-20260731-071,PRJ-20260731-0170,Affiliated Closes Financing on Mixed-Income Fort Lauderdale Apartment Project,Los Angeles,South Florida,Unknown,Affordable Housing,Unknown Stage,Newly Detected,Unknown,0,0,0,0,0,General LA / California monitoring,Track repeat project updates,Monitor for repeated project updates,Low
2026-07-31,20260731-000252-c95dc796,LAP-20260731-072,PRJ-20260731-0077,Affordable housing takes shape at 4706 Centinela Ave. in Del Rey,Los Angeles,Los Angeles / California,Entitlement / Permitting - Los Angeles / California - Affordable housing takes shape at 4706 Centinela Ave. in Del Rey,General Residential,Unknown Stage,Newly Detected,Unknown,0,0,0,0,0,General LA / California monitoring,Track repeat project updates,Monitor for repeated project updates,Low
2026-07-31,20260731-000252-c95dc796,LAP-20260731-073,PRJ-20260731-0020,Affordable housing takes shape at 4706 Centinela Ave. in Del Rey,Los Angeles,4706 Centinela Ave,Unknown,Affordable Housing,Unknown Stage,Newly Detected,Unknown,0,0,0,0,0,General LA / California monitoring,Track repeat project updates,Monitor for repeated project updates,Low
2026-07-31,20260731-000252-c95dc796,LAP-20260731-074,PRJ-20260731-0150,C&C Development Opens Affordable Housing in Irvine,California,Riverside / California,JV / Partnership - Riverside / California - C&C Development Opens Affordable Housing in Irvine,General Residential,Unknown Stage,Newly Detected,Unknown,0,0,0,0,0,General LA / California monitoring,Track repeat project updates,Monitor for repeated project updates,Low
2026-07-31,20260731-000252-c95dc796,LAP-20260731-093,PRJ-20260731-0009,C&C Development Opens Affordable Housing in Irvine,Los Angeles,17861 Cartwright Rd,Unknown,Affordable Housing,Unknown Stage,Newly Detected,Unknown,0,0,0,0,0,General LA / California monitoring,Monitor only,Monitor for repeated project updates,Low
2026-07-31,20260731-000252-c95dc796,LAP-20260731-094,PRJ-20260731-0153,C&C Development Opens Affordable Housing in Irvine,Los Angeles,Riverside,Unknown,Affordable Housing,Unknown Stage,Newly Detected,Unknown,0,0,0,0,0,General LA / California monitoring,Monitor only,Monitor for repeated project updates,Low
2026-07-31,20260731-000252-c95dc796,LAP-20260731-032,PRJ-20260731-0094,Construction Financing - Atlanta / Georgia - Developer Duo Obtains Construction Financing for $147M Atlanta Student Housing Project,Los Angeles,Los Angeles,Unknown,Apartment,Unknown Stage,Newly Detected,Unknown,35,35,0,0,0,Relevant to California site monitoring,Track repeat project updates,Monitor for repeated project updates,Medium
2026-07-31,20260731-000252-c95dc796,LAP-20260731-040,PRJ-20260731-0045,Construction Financing - Atlanta / Georgia - Developer Duo Obtains Construction Financing for $147M Atlanta Student Housing Project,Los Angeles,Atlanta / Georgia,Unknown,Apartment,Unknown Stage,Newly Detected,Unknown,0,11,0,0,0,General LA / California monitoring,Track repeat project updates,Monitor for repeated project updates,Medium
2026-07-31,20260731-000252-c95dc796,LAP-20260731-041,PRJ-20260731-0106,Construction Financing - Miami / Florida - Affiliated Closes Financing on Mixed-Income Fort Lauderdale Apartment Project,Los Angeles,Miami / Florida,Unknown,Affordable Housing,Unknown Stage,Newly Detected,Unknown,17,17,9,0,0,General LA / California monitoring,Track repeat project updates,Monitor for repeated project updates,Medium
2026-07-31,20260731-000252-c95dc796,LAP-20260731-057,PRJ-20260731-0169,Construction Financing - Miami / Florida - Affiliated Closes Financing on Mixed-Income Fort Lauderdale Apartment Project,Los Angeles,South Florida,Unknown,Affordable Housing,Unknown Stage,Newly Detected,Unknown,6,6,3,0,0,General LA / California monitoring,Track repeat project updates,Monitor for repeated project updates,Low
2026-07-31,20260731-000252-c95dc796,LAP-20260731-095,PRJ-20260731-0133,"Construction Underway For 6501 Shattuck Avenue, North Oakland",Los Angeles,Unknown,"General Project Signal - Other / Unknown - Construction Underway For 6501 Shattuck Avenue, North Oakland",General Residential,Unknown Stage,Newly Detected,Unknown,0,1,0,0,0,General LA / California monitoring,Track local sponsor execution,Monitor for repeated project updates,Low
2026-07-31,20260731-000252-c95dc796,LAP-20260731-096,PRJ-20260731-0012,Costa Mesa Multifamily Changes Hands for Value-Add Repositioning,Los Angeles,1990 Maple Ave,Unknown,Apartment,Unknown Stage,Newly Detected,Unknown,0,0,0,0,0,General LA / California monitoring,Monitor only,Monitor for repeated project updates,Low
2026-07-31,20260731-000252-c95dc796,LAP-20260731-075,PRJ-20260731-0041,Developer Duo Adding 350 Apartments to Dunwoody Mixed-Use Project,Los Angeles,Atlanta / Georgia,General Project Signal - Atlanta / Georgia - Developer Duo Adding 350 Apartments to Dunwoody Mixed-Use Project,General Residential,Unknown Stage,Newly Detected,Unknown,0,0,0,0,0,General LA / California monitoring,Track repeat project updates,Monitor for repeated project updates,Low
2026-07-31,20260731-000252-c95dc796,LAP-20260731-058,PRJ-20260731-0049,Developer Duo Obtains Construction Financing for $147M Atlanta Student Housing Project,Los Angeles,Atlanta,Unknown,Affordable Housing,Unknown Stage,Newly Detected,Unknown,0,5,0,0,0,General LA / California monitoring,Track repeat project updates,Monitor for repeated project updates,Low
2026-07-31,20260731-000252-c95dc796,LAP-20260731-076,PRJ-20260731-0040,Developer Duo Obtains Construction Financing for $147M Atlanta Student Housing Project,Los Angeles,Atlanta / Georgia,Construction Financing - Atlanta / Georgia - Developer Duo Obtains Construction Financing for $147M Atlanta Student Housing Project,General Residential,Unknown Stage,Newly Detected,Unknown,0,2,0,0,0,General LA / California monitoring,Track repeat project updates,Monitor for repeated project updates,Low
2026-07-31,20260731-000252-c95dc796,LAP-20260731-077,PRJ-20260731-0078,Developer pivots to affordable housing at 7715 Crenshaw Blvd. in Hyde Park,Los Angeles,Los Angeles / California,Entitlement / Permitting - Los Angeles / California - Developer pivots to affordable housing at 7715 Crenshaw Blvd. in Hyde Park,General Residential,Unknown Stage,Newly Detected,Unknown,0,0,0,0,0,General LA / California monitoring,Track repeat project updates,Monitor for repeated project updates,Low
2026-07-31,20260731-000252-c95dc796,LAP-20260731-078,PRJ-20260731-0036,Developer pivots to affordable housing at 7715 Crenshaw Blvd. in Hyde Park,Los Angeles,7715 Crenshaw Blvd,Unknown,Affordable Housing,Unknown Stage,Newly Detected,Unknown,0,0,0,0,0,General LA / California monitoring,Track repeat project updates,Monitor for repeated project updates,Low
2026-07-31,20260731-000252-c95dc796,LAP-20260731-042,PRJ-20260731-0039,Development Start - Atlanta / Georgia - Financing Secured for Centennial Yards Mixed-Use Project,Los Angeles,Atlanta / Georgia,CIM Group,Mixed-Use Residential,Unknown Stage,Newly Detected,Unknown,0,0,0,0,0,General LA / California monitoring,Track repeat project updates,Monitor for repeated project updates,Medium
2026-07-31,20260731-000252-c95dc796,LAP-20260731-079,PRJ-20260731-0086,Development Start - Atlanta / Georgia - Financing Secured for Centennial Yards Mixed-Use Project,Los Angeles,Los Angeles,CIM Group,Mixed-Use Residential,Unknown Stage,Newly Detected,Unknown,0,0,0,0,0,General LA / California monitoring,Track repeat project updates,Monitor for repeated project updates,Low
2026-07-31,20260731-000252-c95dc796,LAP-20260731-033,PRJ-20260731-0076,Development Start - Los Angeles / California - Draft EIR released for Metro-adjacent high-rise at 5350 Wilshire Blvd.,Los Angeles,Los Angeles / California,CBRE,Affordable Housing,Unknown Stage,Newly Detected,Unknown,0,0,0,0,0,Relevant to California site monitoring,Track repeat project updates,Monitor for repeated project updates,Medium
2026-07-31,20260731-000252-c95dc796,LAP-20260731-080,PRJ-20260731-0044,Development Team Inks $93M Financing for 200-Unit Raleigh Affordable Housing Venture,Los Angeles,Atlanta / Georgia,JV / Partnership - Atlanta / Georgia - Development Team Inks $93M Financing for 200-Unit Raleigh Affordable Housing Venture,General Residential,Unknown Stage,Newly Detected,Unknown,0,0,0,0,0,General LA / California monitoring,Track repeat project updates,Monitor for repeated project updates,Low
2026-07-31,20260731-000252-c95dc796,LAP-20260731-062,PRJ-20260731-0151,Disposition / Exit - Riverside / California - Elme reaches deal to sell last property for $250M,Los Angeles,Riverside / California,Unknown,Apartment,Unknown Stage,Newly Detected,Unknown,0,0,0,0,0,General LA / California monitoring,Track repeat project updates,Monitor for repeated project updates,Low
2026-07-31,20260731-000252-c95dc796,LAP-20260731-097,PRJ-20260731-0184,Disposition / Exit - Riverside / California - Elme reaches deal to sell last property for $250M,Los Angeles,Virginia,Unknown,Apartment,Unknown Stage,Newly Detected,Unknown,0,0,0,0,0,General LA / California monitoring,Monitor only,Monitor for repeated project updates,Low
2026-07-31,20260731-000252-c95dc796,LAP-20260731-098,PRJ-20260731-0002,Dobbins Group Delivers 475-Unit Apartment Community in Birmingham,Los Angeles,1121 Colina St,Unknown,Apartment,Unknown Stage,Newly Detected,Unknown,0,0,0,0,0,General LA / California monitoring,Monitor only,Monitor for repeated project updates,Low
2026-07-31,20260731-000252-c95dc796,LAP-20260731-099,PRJ-20260731-0024,Draft EIR released for Metro-adjacent high-rise at 5350 Wilshire Blvd.,Los Angeles,5350 Wilshire Blvd,Unknown,Affordable Housing,Unknown Stage,Newly Detected,Unknown,0,0,0,0,0,General LA / California monitoring,Monitor only,Monitor for repeated project updates,Low
2026-07-31,20260731-000252-c95dc796,LAP-20260731-063,PRJ-20260731-0149,Elme reaches deal to sell last property for $250M,Los Angeles,Riverside / California,Disposition / Exit - Riverside / California - Elme reaches deal to sell last property for $250M,General Residential,Unknown Stage,Newly Detected,Unknown,0,0,0,0,0,General LA / California monitoring,Track repeat project updates,Monitor for repeated project updates,Low
2026-07-31,20260731-000252-c95dc796,LAP-20260731-100,PRJ-20260731-0183,Elme reaches deal to sell last property for $250M,Los Angeles,Virginia,Unknown,Apartment,Unknown Stage,Newly Detected,Unknown,0,0,0,0,0,General LA / California monitoring,Monitor only,Monitor for repeated project updates,Low
2026-07-31,20260731-000252-c95dc796,LAP-20260731-043,PRJ-20260731-0082,Entitlement / Permitting - Los Angeles / California - Developer pivots to affordable housing at 7715 Crenshaw Blvd. in Hyde Park,Los Angeles,Los Angeles / California,Unknown,Affordable Housing,Unknown Stage,Newly Detected,Unknown,9,0,0,0,0,General LA / California monitoring,Track repeat project updates,Monitor for repeated project updates,Medium
2026-07-31,20260731-000252-c95dc796,LAP-20260731-064,PRJ-20260731-0162,Entitlement / Permitting - Santa Monica / California - 102 apartments break ground at 1717 S. Beloit Ave. in Sawtelle,Santa Monica,Santa Monica / California,Unknown,Affordable Housing,Unknown Stage,Newly Detected,Unknown,2,0,0,0,0,General LA / California monitoring,Track repeat project updates,Monitor for repeated project updates,Low
2026-07-31,20260731-000252-c95dc796,LAP-20260731-065,PRJ-20260731-0164,Entitlement / Permitting - Santa Monica / California - 102 apartments break ground at 1717 S. Beloit Ave. in Sawtelle,Santa Monica,Santa Monica,Unknown,Affordable Housing,Unknown Stage,Newly Detected,Unknown,2,0,0,0,0,General LA / California monitoring,Track repeat project updates,Monitor for repeated project updates,Low
2026-07-31,20260731-000252-c95dc796,LAP-20260731-066,PRJ-20260731-0165,Entitlement / Permitting - Santa Monica / California - 102 apartments break ground at 1717 S. Beloit Ave. in Sawtelle,Santa Monica,Santa Monica,Unknown,Affordable Housing,Unknown Stage,Newly Detected,Unknown,2,0,0,0,0,General LA / California monitoring,Track repeat project updates,Monitor for repeated project updates,Low
2026-07-31,20260731-000252-c95dc796,LAP-20260731-101,PRJ-20260731-0080,Flying over Harbor-UCLA Medical Center's $1.8B expansion,Los Angeles,Los Angeles / California,General Project Signal - Los Angeles / California - Flying over Harbor-UCLA Medical Center's $1.8B expansion,General Residential,Unknown Stage,Newly Detected,Unknown,0,0,0,0,0,General LA / California monitoring,Track local sponsor execution,Monitor for repeated project updates,Low
2026-07-31,20260731-000252-c95dc796,LAP-20260731-102,PRJ-20260731-0083,Flying over Harbor-UCLA Medical Center's $1.8B expansion,Los Angeles,Los Angeles / California,Unknown,Student Housing,Unknown Stage,Newly Detected,Unknown,0,0,0,0,0,General LA / California monitoring,Monitor only,Monitor for repeated project updates,Low
2026-07-31,20260731-000252-c95dc796,LAP-20260731-103,PRJ-20260731-0066,General Project Signal - Dallas / Texas - Wolverine Mixed-Use Project Advancing in Arlington,Los Angeles,Dallas,Unknown,Mixed-Use Residential,Unknown Stage,Newly Detected,Unknown,0,0,0,0,0,General LA / California monitoring,Monitor only,Monitor for repeated project updates,Low
2026-07-31,20260731-000252-c95dc796,LAP-20260731-104,PRJ-20260731-0075,General Project Signal - Southeast - Checking in on Alexan West End at 600 Broadway in Long Beach,Long Beach,Long Beach,Trammell Crow Residential,Apartment,Unknown Stage,Newly Detected,Unknown,0,0,0,0,0,General LA / California monitoring,Track local sponsor execution,Monitor for repeated project updates,Low
2026-07-31,20260731-000252-c95dc796,LAP-20260731-105,PRJ-20260731-0154,JV / Partnership - Riverside / California - C&C Development Opens Affordable Housing in Irvine,California,Riverside,Unknown,Affordable Housing,Unknown Stage,Newly Detected,Unknown,0,0,0,0,0,General LA / California monitoring,Monitor only,Monitor for repeated project updates,Low
2026-07-31,20260731-000252-c95dc796,LAP-20260731-081,PRJ-20260731-0038,Lion Real Estate Picks Up Atlanta Apartments for $51M,Los Angeles,Atlanta / Georgia,Acquisition - Atlanta / Georgia - Lion Real Estate Picks Up Atlanta Apartments for $51M,General Residential,Unknown Stage,Newly Detected,Unknown,0,0,0,0,0,General LA / California monitoring,Track repeat project updates,Monitor for repeated project updates,Low
2026-07-31,20260731-000252-c95dc796,LAP-20260731-106,PRJ-20260731-0005,Lion Real Estate Picks Up Atlanta Apartments for $51M,Los Angeles,1470 Sheridan Rd,Unknown,Apartment,Unknown Stage,Newly Detected,Unknown,0,0,0,0,0,General LA / California monitoring,Monitor only,Monitor for repeated project updates,Low
2026-07-31,20260731-000252-c95dc796,LAP-20260731-082,PRJ-20260731-0043,Mesirow Pays $132M for Midtown Atlanta Apartment Community,Los Angeles,Atlanta / Georgia,JV / Partnership - Atlanta / Georgia - Mesirow Pays $132M for Midtown Atlanta Apartment Community,General Residential,Unknown Stage,Newly Detected,Unknown,0,0,0,0,0,General LA / California monitoring,Track repeat project updates,Monitor for repeated project updates,Low
2026-07-31,20260731-000252-c95dc796,LAP-20260731-083,PRJ-20260731-0079,Mixed-use building slated for 20160 Roscoe Blvd. in Winnetka,Los Angeles,Los Angeles / California,Entitlement / Permitting - Los Angeles / California - Mixed-use building slated for 20160 Roscoe Blvd. in Winnetka,General Residential,Unknown Stage,Newly Detected,Unknown,0,0,0,0,0,General LA / California monitoring,Track repeat project updates,Monitor for repeated project updates,Low
2026-07-31,20260731-000252-c95dc796,LAP-20260731-084,PRJ-20260731-0015,Mixed-use building slated for 20160 Roscoe Blvd. in Winnetka,Los Angeles,20160 Roscoe Blvd,Unknown,Affordable Housing,Unknown Stage,Newly Detected,Unknown,0,0,0,0,0,General LA / California monitoring,Track repeat project updates,Monitor for repeated project updates,Low
2026-07-31,20260731-000252-c95dc796,LAP-20260731-085,PRJ-20260731-0063,Newmark Arranges Sale of 452-Unit Apartment Community in East Fort Worth,Los Angeles,Dallas / Texas,Acquisition - Dallas / Texas - Newmark Arranges Sale of 452-Unit Apartment Community in East Fort Worth,General Residential,Unknown Stage,Newly Detected,Unknown,0,0,0,0,0,General LA / California monitoring,Track repeat project updates,Monitor for repeated project updates,Low
2026-07-31,20260731-000252-c95dc796,LAP-20260731-086,PRJ-20260731-0071,Newmark Arranges Sale of 452-Unit Apartment Community in East Fort Worth,Los Angeles,Fort Worth,Unknown,Apartment,Unknown Stage,Newly Detected,Unknown,0,0,0,0,0,General LA / California monitoring,Track repeat project updates,Monitor for repeated project updates,Low
2026-07-31,20260731-000252-c95dc796,LAP-20260731-087,PRJ-20260731-0156,"Office-to-Housing Conversion For 575 Sutter Street, San Francisco",California,San Francisco / California,"Office-to-Residential Conversion - San Francisco / California - Office-to-Housing Conversion For 575 Sutter Street, San Francisco",General Residential,Unknown Stage,Newly Detected,Unknown,0,0,0,0,0,General LA / California monitoring,Track repeat project updates,Monitor for repeated project updates,Low
2026-07-31,20260731-000252-c95dc796,LAP-20260731-088,PRJ-20260731-0025,"Office-to-Housing Conversion For 575 Sutter Street, San Francisco",Los Angeles,575 Sutter Street,Unknown,Office-to-Residential Conversion,Unknown Stage,Newly Detected,Unknown,0,0,0,0,0,General LA / California monitoring,Track repeat project updates,Monitor for repeated project updates,Low
2026-07-31,20260731-000252-c95dc796,LAP-20260731-059,PRJ-20260731-0061,"Office-to-Residential Conversion - San Francisco / California - Office-to-Housing Conversion For 575 Sutter Street, San Francisco",California,California,Unknown,Office-to-Residential Conversion,Unknown Stage,Newly Detected,Unknown,0,0,0,0,0,General LA / California monitoring,Track repeat project updates,Monitor for repeated project updates,Low
2026-07-31,20260731-000252-c95dc796,LAP-20260731-067,PRJ-20260731-0159,"Office-to-Residential Conversion - San Francisco / California - Office-to-Housing Conversion For 575 Sutter Street, San Francisco",California,San Francisco,Unknown,Office-to-Residential Conversion,Unknown Stage,Newly Detected,Unknown,1,0,0,0,0,General LA / California monitoring,Track repeat project updates,Monitor for repeated project updates,Low
2026-07-31,20260731-000252-c95dc796,LAP-20260731-107,PRJ-20260731-0158,"Office-to-Residential Conversion - San Francisco / California - Office-to-Housing Conversion For 575 Sutter Street, San Francisco",California,San Francisco,Unknown,Office-to-Residential Conversion,Unknown Stage,Newly Detected,Unknown,1,0,0,0,0,General LA / California monitoring,Monitor only,Monitor for repeated project updates,Low
2026-07-31,20260731-000252-c95dc796,LAP-20260731-108,PRJ-20260731-0073,Refinancing - Miami / Florida - Stewards Inks $79M Refi of Hollywood Rental Asset,Hollywood,Hollywood,Unknown,Apartment,Unknown Stage,Newly Detected,Unknown,0,0,1,0,0,General LA / California monitoring,Monitor only,Monitor for repeated project updates,Low
2026-07-31,20260731-000252-c95dc796,LAP-20260731-109,PRJ-20260731-0087,Refinancing - New York - Greystone Provides $16M Agency Loan for Refinancing of Long Island Multifamily Property,Los Angeles,Los Angeles,Greystone,Multifamily,Unknown Stage,Newly Detected,Unknown,0,0,1,0,0,General LA / California monitoring,Track local sponsor execution,Monitor for repeated project updates,Low
2026-07-31,20260731-000252-c95dc796,LAP-20260731-089,PRJ-20260731-0105,Stewards Inks $79M Refi of Hollywood Rental Asset,Hollywood,Miami / Florida,Refinancing - Miami / Florida - Stewards Inks $79M Refi of Hollywood Rental Asset,General Residential,Unknown Stage,Newly Detected,Unknown,0,0,0,0,0,General LA / California monitoring,Track repeat project updates,Monitor for repeated project updates,Low
2026-07-31,20260731-000252-c95dc796,LAP-20260731-090,PRJ-20260731-0064,Wolverine Mixed-Use Project Advancing in Arlington,Los Angeles,Dallas / Texas,General Project Signal - Dallas / Texas - Wolverine Mixed-Use Project Advancing in Arlington,General Residential,Unknown Stage,Newly Detected,Unknown,0,0,0,0,0,General LA / California monitoring,Track repeat project updates,Monitor for repeated project updates,Low
2026-07-31,20260731-000252-c95dc796,LAP-20260731-110,PRJ-20260731-0067,Wolverine Mixed-Use Project Advancing in Arlington,Los Angeles,Dallas,Unknown,Mixed-Use Residential,Unknown Stage,Newly Detected,Unknown,0,0,0,0,0,General LA / California monitoring,Monitor only,Monitor for repeated project updates,Low
